:020000040800F2
:1000000000000220092A00087D0A0008850A00086D
:100010008D0A0008950A00089D0A000800000000EB
:10002000000000000000000000000000A50A000819
:10003000B30A000800000000C10A0008CF0A000847
:10004000592A0008592A0008592A0008592A000884
:10005000592A0008592A0008592A0008592A000874
:10006000592A0008592A0008592A0008592A000864
:10007000592A0008592A0008592A0008592A000854
:10008000592A0008592A0008592A000800000000CF
:10009000000000000000000000000000592A0008D5
:1000A000592A0008592A0008592A0008592A000824
:1000B000592A0008592A0008592A0008DD0A0008B0
:1000C000592A0008592A0008592A0008592A000804
:1000D000592A0008592A0008592A0008000000007F
:1000E000592A0008592A0008592A0008000000006F
:1000F000000000000000000000000000592A000875
:1001000000000000592A0008592A0008592A00084E
:1001100000000000000000000000000000000000DF
:10012000592A0008592A0008592A0008592A0008A3
:10013000592A000800000000000000000000000034
:10014000000000000000000000000000592A000824
:10015000592A0008592A0008592A0008592A000873
:10016000592A0008592A0008000000000000000079
:10017000000000000000000000000000000000007F
:1001800000000000592A00080000000000000000E4
:08019000592A0008592A000851
:1001980010B5054C237833B9044B13B10448AFF3B9
:1001A80000800123237010BD6800002000000000BB
:1001B800E46E000808B5034B1BB103490348AFF3CD
:1001C800008008BD000000006C000020E46E0008FC
:1001D80053B94AB9002908BF00281CBF4FF0FF31A6
:1001E8004FF0FF3000F088B9ADF1080C6DE904CE8E
:1001F80000F006F8DDF804E0DDE9022304B07047FA
:100208002DE9F047089D0F4604468C46002B48D13F
:100218008A42164661D9B2FA82F34BB1C3F1200281
:1002280001FA03FC20FA02F29E4042EA0C0C9C40C0
:100238004FEA164EB7B2BCFBFEF1220C0EFB11CCF6
:1002480042EA0C4201FB07F0904209D9B21801F1C9
:10025800FF3C80F0EE80904240F2EB80023932445D
:10026800121AA4B2B2FBFEF00EFB102244EA0244BA
:1002780000FB07F7A74209D9341900F1FF3280F0D3
:10028800DA80A74240F2D7803444023840EA01407D
:10029800E41B00211DB1DC400023C5E90043BDE893
:1002A800F0878B4206D90DB1C5E900010021084647
:1002B800BDE8F087B3FA83F1002948D1BB4202D3E5
:1002C800824200F20781841A67EB030201209446F8
:1002D800002DE4D0C5E9004CE1E7002A00F0928047
:1002E800B2FA82F3002B40F0A8808A1A4FEA164E21
:1002F8001FFA86FC0121200CB2FBFEF70EFB172229
:1003080040EA02420CFB07F0904207D9B21807F105
:10031800FF3802D2904200F2E2804746121AA4B295
:10032800B2FBFEF00EFB102244EA02440CFB00FC78
:10033800A44507D9341900F1FF3202D2A44500F2CE
:10034800CB801046A4EB0C0440EA0740A2E7C1F1B9
:1003580020068B4022FA06FC4CEA030C07FA01F44B
:1003680020FA06F3F7404FEA1C49234300FA01F844
:100378001FFA8CFEB7FBF9F01C0C09FB107744EA56
:10038800074400FB0EF7A74202FA01F20AD91CEB58
:10039800040400F1FF3A80F09B80A74240F2988065
:1003A80002386444E41B9FB2B4FBF9F309FB13441D
:1003B80047EA044403FB0EFEA64509D91CEB0404D6
:1003C80003F1FF3780F08280A6457FD9023B644461
:1003D80043EA0040A4EB0E04A0FB02E7BC427346CC
:1003E800B94663D360D05DB1B8EB030264EB09048E
:1003F80004FA06F622FA01F31E43CC40C5E900646C
:1004080000214CE76208480842EAC1710B0C43EA34
:1004180000438AB242EA0342B3FBF6F1E407B4466A
:100428003746B6461F23B0FBF6F0D21B41EA00411F
:1004380061E7614614E7104628E7C3F1200120FA76
:1004480001F29E4027FA01F19F403A434FEA164EC7
:100458001FFA86FCB1FBFEF70EFB1710110C41EAE0
:10046800004107FB0CF8884504FA03F43AD97118DF
:1004780007F1FF3001D288451FD8A1EB0801B1FB75
:10048800FEF808FB0CF70EFB181192B242EA014283
:10049800BA422FD2B21808F1FF31C6D2BA42C4D23A
:1004A800A8F102013244C0E7F0459CD2BEEB02033A
:1004B80067EB0C070138B94695E7A6EB08084144F5
:1004C800B81EB1FBFEF808FB0CF7DCE73B467FE7FC
:1004D800504667E70846FBE63444023832E7023FF5
:1004E80032441BE7A1EB08013846B1FBFEF808FBD4
:1004F8000CF7C8E7414698E7704700BF80B485B05D
:1005080000AF0023FB60174B1B6B164A43F0040334
:100518001363144B1B6B03F00403FB60FB6800239D
:10052800BB60104B1B6B0F4A43F0800313630D4BEA
:100538001B6B03F08003BB60BB6800237B60094B27
:100548001B6B084A43F002031363064B1B6B03F053
:1005580002037B607B6800BF1437BD465DF8047BEF
:10056800704700BF0038024080B500AF124B134AF5
:100578001A60114B124A5A600F4B00229A600E4BB8
:100588001422DA600C4B4FF480421A610A4B0022A5
:100598005A61094B00229A61074B4022DA61064BE7
:1005A80000221A62044802F0CBFD0346002B01D05A
:1005B80000F080F900BF80BD840000200054004096
:1005C800801A060080B58AB000AF786007F114037E
:1005D80000221A605A609A60DA601A617B681B68A8
:1005E8001D4A934234D100233B611C4B1B6B1B4AB1
:1005F80043F002031363194B1B6B03F002033B61C7
:100608003B694FF440737B611223BB610023FB619C
:1006180003233B6204237B6207F114031946104845
:1006280002F0F0FB0023FB600C4B1B6C0B4A43F4FD
:1006380000131364094B1B6C03F40013FB60FB6885
:10064800002200211F2002F076FB1F2002F08FFB02
:1006580000BF2837BD4680BD005400400038024026
:100668000004024080B500AF02F0F4F900F084F80D
:10067800FFF744FFFFF778FF384B394A5A60374B8A
:1006880052221A8000220121364802F03FFD002242
:100698001021344802F03AFD0A2002F04DFA0122F6
:1006A8000121304802F032FD0A2002F045FA012209
:1006B80010212C4802F02AFD642002F03DFA2A4954
:1006C800264800F071FE03461A46284B1A70264B3E
:1006D8001B78002B04D1264806F066F800BFFDE71A
:1006E800244806F061F853211C4801F0CFFA1B4852
:1006F80000F0A4FE03461A461C4B1A704021174806
:1007080001F0DBFE03461A46184B1B781343DAB296
:10071800164B1A700521114801F0A3FF03461A462B
:10072800124B1B781343DAB2104B1A7001210B4895
:1007380001F0B8FF03461A460C4B1B781343DAB294
:100748000A4B1A70054801F0D7FA044800F072F80D
:100758004FF4FA7002F0F0F900BFF6E7D800002075
:100768008400002000040240D2100020D010002095
:10077800FC6E0008246F000880B594B000AF07F144
:10078800200330220021184606F0ECF807F10C038C
:1007980000221A605A609A60DA601A610023BB600E
:1007A800224B1B6C214A43F0805313641F4B1B6C74
:1007B80003F08053BB60BB6800237B601C4B1B6845
:1007C8001B4A43F440431360194B1B6803F440432E
:1007D8007B607B6802233B620123FB6210233B633F
:1007E8000023BB6307F12003184605F041FA0346CE
:1007F800002B01D000F05EF80F23FB6000233B6163
:1008080000237B610023BB610023FB6107F10C031C
:100818000021184605F0A4FC0346002B01D000F087
:1008280049F800BF5037BD4680BD00BF00380240C0
:100838000070004080B586B002AF7860164917484E
:1008480001F0D4FB03461A46154B1A70124B1B785D
:10085800002B1AD01349786801F00AFE03461A469D
:100868000F4B1A701049786801F010FC03461A46BD
:100878000B4B1A706423009380230C4A20210C48E8
:1008880002F0B8FD0346FB7302E0322002F054F98F
:1008980000BF1037BD4680BDD3100020D80000200F
:1008A800D0100020D1100020800B0020440F002021
:1008B8008400002080B400AF72B600BF00BFFDE71F
:1008C80080B588B004AFF8600B467A607B81FB681E
:1008D8005868FB6819887A89642302930123019375
:1008E8007B680093102302F07DFF034618461037FB
:1008F800BD4680BD80B586B004AF78600B467B806E
:1009080013467B707B6858687B6819887A886423EB
:100918000293012301937B1C0093102302F068FECD
:10092800034618460837BD4680BD90B589B004AF68
:10093800F8607A603B600B467B81FB685868FB680F
:1009480019883B689BB27A894FF47A7402940193B0
:100958007B680093102302F04BFE034618461437B9
:10096800BD4690BD90B589B004AFF8607A603B6031
:100978000B467B81FB685868FB6819883B689BB20B
:100988007A894FF47A74029401937B680093102358
:1009980002F028FF034618461437BD4690BD80B4C0
:1009A80085B000AF78600B467B800023FB6021E0B8
:1009B8007A68FB6813441B781A06FB680133796868
:1009C8000B441B781B041A43FB68023379680B44F9
:1009D8001B781B021343FA68033279680A441278B9
:1009E8001343BB607A68FB681344BA681A60FB68F3
:1009F8000433FB607B88FA689A42D9D300BF00BFF2
:100A08001437BD465DF8047B704780B582B000AFEF
:100A180078603960386802F08FF800231846083784
:100A2800BD4680BD80B483B000AF00237B60104B0F
:100A38005B6C0F4A43F4804353640D4B5B6C03F4C7
:100A480080437B607B6800233B60094B1B6C084A32
:100A580043F080531364064B1B6C03F080533B60D8
:100A68003B6800BF0C37BD465DF8047B704700BF8C
:100A78000038024080B400AF00BFFDE780B400AF8B
:100A880000BFFDE780B400AF00BFFDE780B400AF52
:100A980000BFFDE780B400AF00BFFDE780B400AF42
:100AA80000BFBD465DF8047B704780B400AF00BF4F
:100AB800BD465DF8047B704780B400AF00BFBD46FB
:100AC8005DF8047B704780B500AF02F015F800BFF1
:100AD80080BD000080B500AF024803F0B5F800BF44
:100AE80080BD00BF8400002080B586B000AFF860EC
:100AF800B9607A6000237B610AE0AFF300800146A9
:100B0800BB685A1CBA60CAB21A707B6901337B6130
:100B18007A697B689A42F0DB7B6818461837BD46CD
:100B280080BD80B586B000AFF860B9607A600023F8
:100B38007B6109E0BB685A1CBA601B781846AFF3A2
:100B480000807B6901337B617A697B689A42F1DBBB
:100B58007B6818461837BD4680BD80B483B000AFA7
:100B680078604FF0FF3318460C37BD465DF8047BBC
:100B7800704780B483B000AF786039603B684FF449
:100B880000525A60002318460C37BD465DF8047BB6
:100B9800704780B483B000AF7860012318460C37E3
:100BA800BD465DF8047B704780B485B000AFF8603F
:100BB800B9607A60002318461437BD465DF8047B97
:100BC8007047000080B586B000AF7860144A154BB6
:100BD800D31A7B617B693B61134B1B68002B02D1E5
:100BE800114B124A1A60104B1A687B6813443A6911
:100BF8009A4207D205F004FF03460C221A604FF010
:100C0800FF3309E0084B1B68FB60074B1A687B68D9
:100C18001344054A1360FB6818461837BD4680BD63
:100C28000000022000040000D41000202812002038
:100C380080B400AF064BD3F88830054A43F47003FC
:100C4800C2F8883000BFBD465DF8047B704700BF1E
:100C580000ED00E080B584B000AF7860084611462A
:100C68001A460346FB700B46BB7013463B800023B5
:100C7800FB730023BB7378687B6803F5A162FB787C
:100C88003988FFF76FFE03461A46FB7B1343FB7355
:100C98007B680A211846FFF7B8FE03461A46FB7B15
:100CA8001343FB73BB7BC72B04D9FB7B43F00103C6
:100CB800FB730FE0FB78032B09D97B6893F80A359F
:100CC8007E2B04D9FB7B43F04203FB7302E0BB7B22
:100CD8000133BB73BB787A68134493F808253B7ECD
:100CE8001340DBB23A7F9A42C5D1FB7B18461037D6
:100CF800BD4680BD80B584B000AF78600023FB732B
:100D08000023BB817B6807F10B0206211846FFF719
:100D1800D7FD03461A46FB7B1343FB73FB7A5BB292
:100D2800002B10DA7B6807F10A0207211846FFF743
:100D3800C7FD03461A46FB7B1343FB73BA7AFB7B5A
:100D48001343FB7312E07B6801211846FFF75DFE31
:100D5800BB890133BB81FB7A03F00103002B04D16B
:100D6800BB89B3F5FA7FCDD300E000BFFB7B184603
:100D78001037BD4680BD000080B5EAB002AF07F568
:100D8800D073A3F5CE7318600A4607F5D073A3F2A3
:100D98009D131A70002387F89B3107F5D073A3F5CC
:100DA800C873D94A92E8030083E8030007F5D073B3
:100DB800A3F5CC73D54A92E8030083E8030007F54E
:100DC800D073A3F5CE731B6803F5A16007F5D07344
:100DD800A3F5CE731B6818334FF4F472194605F067
:100DE8003CFE07F5D073A3F29D131B78102B40F03F
:100DF800228107F5D073A3F5CE731B6803F5A362B0
:100E080007F5D073A3F5C87303CB1060516007F5DD
:100E1800D073A3F5CE731B6803F5A1634FF4F47187
:100E28001846FFF7BCFD07F5D073A3F5CE731B6812
:100E380003F2445107F198034FF48072184605F005
:100E48000CFE07F5D073A3F5CE731B6803F5C961D3
:100E580007F118038022184605F0FFFD002387F8E4
:100E68009E31ACE0002387F89F319CE097F99F21E1
:100E780097F99E31DB0013445A0007F5D073A3F5A8
:100E8800847353F8222097F99F1197F99E31DB005C
:100E98000B445B00591C07F5D073A3F5847353F812
:100EA80021301A4497F99F1197F99E31DB000B44C2
:100EB8000433590007F5D073A3F5847353F8213030
:100EC8001A4497F99F1197F99E31DB000B445B0098
:100ED80003F1090107F5D073A3F5847353F82130A2
:100EE800134497F99F1197F99E2192000A44990893
:100EF80007F5D073A3F5847343F8221097F99F215F
:100F080097F99E31DB0013445A0007F5D073A3F517
:100F1800C47333F91230194697F99F2197F99E3116
:100F2800DB0013445B005A1C07F5D073A3F5C473A8
:100F380033F912300B4497F99F1197F99E21D2008B
:100F48000A440432510007F5D072A2F5C47232F98E
:100F58001120134497F99F1197F99E21D2000A4452
:100F6800520002F1090107F5D072A2F5C47232F9F4
:100F780011201344002B00DA03339B10194697F90C
:100F88009F2197F99E319B001A4409B207F5D07347
:100F9800A3F5C47323F8121097F99F31DBB201331C
:100FA800DBB287F89F3197F99F31032B7FF75EAF4C
:100FB80097F99E31DBB20133DBB287F89E3197F99E
:100FC8009E31032B7FF74EAF07F1180320336022C1
:100FD8000021184605F0C6FC07F198034033C022EB
:100FE8000021184605F0BEFC07F5D073A3F5CE73B3
:100FF8001B6803F2445307F198014FF480721846B6
:1010080005F02BFD07F5D073A3F5CE731B6803F528
:10101800C96307F118018022184605F01EFD07F57F
:10102800D073A3F5CE731B6803F5A1634FF4F47175
:101038001846FFF7B4FC0023A7F89C311BE0B7F86B
:101048009C3103F10802B7F89C3107F5D071A1F57E
:10105800CE7109680A4492F8081507F5D072A2F50E
:10106800CE72126813440A4683F80825B7F89C31F3
:101078000133A7F89C31B7F89C31B3F5F27FDED382
:1010880007F5D073A3F5CE731B6803F5DD6207F58A
:10109800D073A3F5CC7303CB1060516007F5D07300
:1010A800A3F5CE73186807F5D073A3F5CE731B6844
:1010B80003F5A1624FF4F47342F61861FFF735FCAB
:1010C80003461A4697F89B31134387F89B3107F577
:1010D800D073A3F5CE7003230193FF2300934FF43D
:1010E8003053012204210068FFF7B4FD03461A4675
:1010F80097F89B31134387F89B3197F89B31184633
:1011080007F5D077BD4680BD486F0008506F0008CE
:1011180080B5CAB002AF07F59073A3F58E73186057
:101128000A4607F59073A3F21D131A70002387F877
:101138001D319A4A07F58A7392E8030083E8030091
:10114800974A07F5867392E8030083E80300954BF6
:10115800C7F8083107F59073A3F58E731B6803F57C
:10116800A16007F59073A3F58E731B6803F50073F0
:101178004FF44272194605F070FC07F59073A3F21C
:101188001D131B78102B40F0D28007F59073A3F540
:101198008E731B6803F5A2631A4607F58A7303CB9F
:1011A8001060516007F59073A3F58E731B6803F503
:1011B800A5631A4607F5867303CB1060516007F5DF
:1011C8009073A3F58E731B6803F5A1634FF4427106
:1011D8001846FFF7E4FB07F59073A3F58E731B68B9
:1011E80003F23C5107F108034FF48072184605F0EA
:1011F80034FC002387F81E315DE0002387F81F3197
:101208004EE097F91F2197F91E31DB0013445A006D
:1012180007F59073A3F58C7353F8222097F91F11E3
:1012280097F91E31DB000B445B00591C07F59073DE
:10123800A3F58C7353F821301A4497F91F1197F9C5
:101248001E31DB000B440433590007F59073A3F5F6
:101258008C7353F821301A4497F91F1197F91E31EE
:10126800DB000B445B0003F1090107F59073A3F55C
:101278008C7353F82130134497F91F1197F91E21E5
:1012880092000A44990807F59073A3F58C7343F804
:10129800221097F91F31DBB20133DBB287F81F3117
:1012A80097F91F31032BACDD97F91E31DBB20133FF
:1012B800DBB287F81E3197F91E31032B9DDD07F14C
:1012C80008034033C0220021184605F04BFB07F500
:1012D8009073A3F58E731B6803F23C5307F1080162
:1012E8004FF48072184605F0B8FB07F59073A3F524
:1012F8008E731B6803F5A1634FF442711846FFF71C
:101308004EFB07F59073A3F58E731B6803F23C63DD
:10131800D7F808211A6007F59073A3F58E731B6838
:1013280003F5B06304220021184605F01BFB07F5FE
:101338009073A3F58E73186807F59073A3F58E73F1
:101348001B6803F5A1624FF4427342F6F841FFF7B8
:10135800ECFA03461A4697F81D31134387F81D31F6
:1013680007F59073A3F58E7003230193FF23009371
:101378004FF43053012204210068FFF76BFC034649
:101388001A4697F81D31134387F81D3197F81D3118
:10139800184607F59077BD4680BD00BF586F000816
:1013A800606F0008A0FC010080B584B000AF7860D1
:1013B80039600023FB737B68002247F6FF711846EB
:1013C800FFF798FA03461A46FB7B1343FB737B68C7
:1013D80007F10E0200211846FFF772FA03461A4673
:1013E800FB7B1343FB737B6807F10D020121184651
:1013F800FFF766FA03461A46FB7B1343FB737B68C9
:10140800022247F6FF711846FFF774FA03461A4698
:10141800FB7B1343FB73BB7BF02B06D17B7B022B3F
:1014280003D13B6801221A7002E03B6800221A705F
:10143800FB7B18461037BD4680BD000080B588B0DC
:1014480002AF78600023FB754FF001133B61012365
:10145800FB607B68E54A5A617B68E54A1A617B68EC
:10146800002247F6FF711846FFF744FA03461A466A
:10147800FB7D1343FB757B68042209211846FFF79F
:1014880039FA03461A46FB7D1343FB757B684022F5
:101498000F211846FFF72EFA03461A46FB7D134321
:1014A800FB757B6803220A211846FFF723FA0346D7
:1014B8001A46FB7D1343FB757B6807F1160247F656
:1014C800FF711846FFF7FCF903461A46FB7D1343E4
:1014D800FB757B6801220C211846FFF70BFA0346BF
:1014E8001A46FB7D1343FB757B68002240F201110D
:1014F8001846FFF7FFF903461A46FB7D1343FB75B1
:101508007B6800224FF481711846FFF7F3F9034610
:101518001A46FB7D1343FB757B6801224FF48571E6
:101528001846FFF7E7F903461A46FB7D1343FB7598
:101538007B68012244F202011846FFF7DBF90346F3
:101548001A46FB7D1343FB757B68002244F20201B7
:101558001846FFF7CFF903461A46FB7D1343FB7580
:101568007B6803224FF485711846FFF7C3F90346D9
:101578001A46FB7D1343FB757B68012240F2031179
:101588001846FFF7B7F903461A46FB7D1343FB7568
:101598007B6800220C211846FFF7ACF903461A466F
:1015A800FB7D1343FB757B6843220F211846FFF729
:1015B800A1F903461A46FB7D1343FB757B6801219D
:1015C8001846FFF722FA03461A46FB7D1343FB75BC
:1015D8007B6840220F211846FFF78CF903461A460C
:1015E800FB7D1343FB757B6801220A211846FFF730
:1015F80081F903461A46FB7D1343FB757B6864211A
:101608001846FFF702FA03461A46FB7D1343FB759B
:101618007B68002247F6FF711846FFF76BF903460F
:101628001A46FB7D1343FB7501230193FF230093A7
:101638000623002201217868FFF70CFB03461A46AF
:10164800FB7D1343FB757B6801220E211846FFF7CB
:1016580051F903461A46FB7D1343FB757B6802224A
:1016680047F6FF711846FFF745F903461A46FB7D12
:101678001343FB757B680D2203211846FFF73AF9DF
:1016880003461A46FB7D1343FB757B68012247F628
:10169800FF711846FFF72EF903461A46FB7D1343E0
:1016A800FB751023019310230093212300220121AD
:1016B8007868FFF7CFFA03461A46FB7D1343FB759C
:1016C8007B68002247F6FF711846FFF713F90346B7
:1016D8001A46FB7D1343FB757B6807F1160247F634
:1016E800FF711846FFF7ECF803461A46FB7D1344D2
:1016F800FB757B6801220C211846FFF7FBF80346AF
:101708001A46FB7D1343FB757B68002247F6FF7181
:101718001846FFF7EFF803461A46FB7D1343FB759F
:101728007B68002240F201111846FFF7E3F80346F0
:101738001A46FB7D1343FB757B6800224FF48171C9
:101748001846FFF7D7F803461A46FB7D1343FB7587
:101758007B6801224FF485711846FFF7CBF80346E2
:101768001A46FB7D1343FB757B68012244F2020194
:101778001846FFF7BFF803461A46FB7D1343FB756F
:101788007B68002244F202011846FFF7B3F80346CB
:101798001A46FB7D1343FB757B6803224FF4857162
:1017A8001846FFF7A7F803461A46FB7D1343FB7557
:1017B8007B68012240F203111846FFF79BF80346A5
:1017C8001A46FB7D1343FB757B68002244F20F0128
:1017D8001846FFF78FF803461A46FB7D1343FB753F
:1017E8007B68432240F21A21184603E098C3010897
:1017F800CCBF0108FFF77EF803461A46FB7D13436A
:10180800FB757B68032240F21A211846FFF772F82D
:1018180003461A46FB7D1343FB757B68012240F2A1
:101828001A211846FFF766F803461A46FB7D13434C
:10183800FB757B68002240F21A211846FFF75AF818
:1018480003461A46FB7D1343FB757B68002240F272
:1018580019211846FFF74EF803461A46FB7D134335
:10186800FB757B68002240F21B211846FFF742F8FF
:1018780003461A46FB7D1343FB757B68002247F637
:10188800FF711846FFF736F803461A46FB7D1343E7
:10189800FB757B6807F1160247F6FF711846FFF7DC
:1018A8000FF803461A46FB7D1344FB757B6800223C
:1018B8000C211846FFF71EF803461A46FB7D134312
:1018C800FB757B68012247F6FF711846FFF712F88F
:1018D80003461A46FB7D1343FB757B6807222021CC
:1018E8001846FFF707F803461A46FB7D1343FB75B6
:1018F8007B68062220211846FEF7FCFF03461A469D
:10190800FB7D1343FB757B68092247F6FF71184678
:10191800FEF7F0FF03461A46FB7D1343FB75786814
:101928004FF40043D44A0021FEF7FFFF03461A464E
:10193800FB7D1343FB757B680A2247F6FF71184647
:10194800FEF7D8FF03461A46FB7D1343FB757868FC
:101958004FF40043C94A0021FEF7E7FF03461A4641
:10196800FB7D1343FB757B680B2247F6FF71184616
:10197800FEF7C0FF03461A46FB7D1343FB757868E4
:101988004FF4A043BE4A0021FEF7CFFF03461A4694
:10199800FB7D1343FB757B68012247F6FF711846F0
:1019A800FEF7A8FF03461A46FB7D1343FB757B68C9
:1019B800022247F6FF711846FEF79CFF03461A46B7
:1019C800FB7D1343FB757B680D2203211846FEF748
:1019D80091FF03461A46FB7D1343FB757B68012282
:1019E80047F6FF711846FEF785FF03461A46FB7D4A
:1019F8001343FB7510230193102300932123002226
:101A080001217868FFF726F903461A46FB7D134340
:101A1800FB757B68002247F6FF711846FEF76AFFE0
:101A280003461A46FB7D1343FB757B6807F11602D4
:101A380047F6FF711846FEF743FF03461A46FB7D3B
:101A48001344FB757B6801220C211846FEF752FFF0
:101A580003461A46FB7D1343FB757B68002247F655
:101A6800FF711846FEF746FF03461A46FB7D1343EF
:101A7800FB757B6800224FF48A711846FEF73AFF1F
:101A880003461A46FB7D1343FB757B68002240F230
:101A980015111846FEF72EFF03461A46FB7D134321
:101AA800FB757B6842224FF48B711846FEF722FFC4
:101AB80003461A46FB7D1343FB757B68002240F200
:101AC80017111846FEF716FF03461A46FB7D134307
:101AD800FB757B6800220B211846FEF70BFF0346B7
:101AE8001A46FB7D1343FB757B6807F1160247F620
:101AF800FF711846FEF7E4FE03461A46FB7D1344C1
:101B0800FB757B6800220C211846FEF7F3FE03469E
:101B18001A46FB7D1343FB757B6801220B2118468F
:101B2800FEF7E8FE03461A46FB7D1343FB7578680B
:101B3800FFF7E0F803461A46FB7D1343FB757B6805
:101B4800022247F6FF711846FEF7D4FE03461A46EE
:101B5800FB7D1343FB75786828234A4A42F6D871FF
:101B6800FEF7E3FE03461A46FB7D1343FB7502238B
:101B78000193FF2300934FF4305300220421786827
:101B8800FFF768F803461A46FB7D1343FB75786830
:101B98007B6803F5A1624FF4F67342F60441FEF741
:101BA800E1FE03461A46FB7D1343FB757B6803F190
:101BB80018007B6803F5A1634FF4F472194604F02A
:101BC8004CFF10217868FFF7D7F803461A46FB7DCB
:101BD8001343FB757B6803F500732B4A18461146BF
:101BE8004FF442731A4604F038FF10217868FFF763
:101BF8008FFA03461A46FB7D1343FB7578687B68AA
:101C08001A694FF4737342F63441FEF78EFE0346A9
:101C18001A46FB7D1343FB7503230193FF230093AF
:101C28004FF43053012204217868FFF713F8034674
:101C38001A46FB7D1343FB7507F1100104234CF68C
:101C48007872786800F010FE03461A46FB7D13434D
:101C5800FB7507F10C0104234CF65C52786800F020
:101C680003FE03461A46FB7D1343FB75FB7D1846AE
:101C78001837BD4680BD00BFCC6F0008CCEF000808
:101C8800CC6F0108A0C6010898C3010880B584B0CC
:101C980000AF78600B467B800023FB737B680022D3
:101CA80047F6FF711846FEF725FE03461A46FB7BEA
:101CB8001343FB7378687B885B089BB2DBB21A46D8
:101CC8000421FEF717FE03461A46FB7B1343FB73FA
:101CD8007B687A881A807B68022247F6FF7118466B
:101CE800FEF708FE03461A46FB7B1343FB73FB7B98
:101CF80018461037BD4680BDB0B59CB002AF7860BD
:101D0800002387F8673000233B6500237B654FF489
:101D18004073FB6407F15B031946786800F0A8FB81
:101D280003461A4697F86730134387F867307B688D
:101D38000022DA607B68FF221A72AA4B07F13C0482
:101D48000FCB84E80F00A84B07F10C041D460FCDFC
:101D58000FC40FCD0FC495E80F0084E80F00FB6B8C
:101D68000833FB63FB6B1033FB63FB6B2033FB63B4
:101D7800FB6B4033FB63FB6B8033FB63FB6B03F54F
:101D88008073FB63FB6B03F50073FB63FB6B03F56D
:101D98008063FB63FB6B03F50063FB6300233B6617
:101DA80073E03B6E9B0068333B4453F85C3C002B6C
:101DB80067D03B6E5B099B0068333B4453F82C2C7F
:101DC8003B6E03F01F0322FA03F303F00103002B19
:101DD80057D007F10C023B6E9B001344FB65FB6D6B
:101DE8001B7803F00F03DBB2002B3AD0FB6D1B7896
:101DF800C3F30303DBB20C2B33D8FB6D5B8845F2CE
:101E0800CF42934210D9FB6D5B8845F68F0293420F
:101E18000AD897F85B30C3F30B0399B2FA6D1388AD
:101E280061F30F13138009E097F85B30C3F30B03DA
:101E380099B2FA6D138861F30F1313807B68DB681E
:101E4800FA6D1278C2F30302D2B21146FA6D128803
:101E5800C2F30B1292B201FB02F21A447B68DA60F9
:101E680009E07B68DB68FA6D1288C2F30B1292B244
:101E78001A447B68DA607B68DB681A1D7B68DA6065
:101E880000E000BF3B6E01333B663B6E0B2B88D9ED
:101E98007B68DB6803F114027B68DA6007F10C01E8
:101EA80030234CF67852786800F0DEFC03461A4678
:101EB80097F86730134387F867307B68DB683B65C2
:101EC8003B6E01337B6507F1500108234CF66052E5
:101ED800786800F0C9FC03461A4697F86730134340
:101EE80087F8673007F13C0110234CF66852786890
:101EF80000F0BAFC03461A4697F86730134387F890
:101F080067307B68002247F6FF711846FEF7F2FC3F
:101F180003461A4697F86730134387F867307B689B
:101F2800052209211846FEF7E5FC03461A4697F8EC
:101F38006730134387F867307B68022247F6FF71E2
:101F48001846FEF7D7FC03461A4697F8673013433E
:101F580087F86730786807F14C02042342F6FC7171
:101F6800FEF7E3FC03461A4697F86730134387F8F1
:101F7800673003230193FF2300934FF4305301226A
:101F880004217868FEF766FE03461A4697F867301C
:101F9800134387F867307B6803F5A1610C2345F28A
:101FA8004042786800F0D6FB03461A4697F8673037
:101FB800134487F867307B6803F5A2631B889BB2DC
:101FC800A7F85830B7F858301A467B68DB689A4249
:101FD80002D0FF2387F8673097F8673018466837CC
:101FE800BD46B0BD686F0008786F000880B584B042
:101FF80000AF786039600023FB7378687B6803F56D
:10200800A16204230021FEF7ADFC03461A46FB7BC0
:102018001343FB737B6893F808257B681B7A9A4205
:1020280020D07B6893F80835FF2B1BD07B6893F88A
:102038000935052B16D17B6893F80A3503F005039B
:10204800052B0FD17B6893F80B3503F01003002B99
:1020580008D03B6801221A707B6893F808257B68D2
:102068001A720EE07B6893F80B355BB2002B05DA29
:102078007B6893F80A25FB7B1343FB733B680022BC
:102088001A70FB7B18461037BD4680BD80B588B0F6
:1020980000AF786039600023FB7478687B6803F5CB
:1020A800A1627B68DB680021FEF75CFC03461A46E8
:1020B800FB7C1343FB747B6893F808257B681A72D2
:1020C8007B6803F5A1627B68DB689BB21946104602
:1020D800FEF765FC1023FB610EE1FB6903F5A163C4
:1020E8007A681344FB60FB681B78C3F30303DBB215
:1020F800012B15D9FB681B78C3F30303DBB20C2B48
:102108000ED8FB681B78C3F30303DBB21A46FB68DF
:102118001B88C3F30B139BB202FB03F37B6105E03F
:10212800FB681B88C3F30B139BB27B61FB685B885E
:102138004DF27C42934200F0BB804DF27C429342C8
:1021480000F3D2804DF23C42934200F0A3804DF25E
:102158003C42934200F3C8804DF23C32934200F077
:102168008B804DF23C32934200F3BE804DF2BC228C
:10217800934273D04DF2BC22934200F3B5804CF6E3
:10218800BC7293425CD04CF6BC72934200F3AC80B4
:102198004CF67C72934245D04CF67C72934200F325
:1021A800A3804CF65042934200F090804CF6504287
:1021B800934200F3998045F2D052934224D045F2DD
:1021C800D052934200F3908045F2B442934204D037
:1021D80045F2D04293420AD086E0FB690C337A6814
:1021E800134493F808355AB23B681A707DE03B688F
:1021F800181DFB69043303F5A1637A6813447A69EF
:10220800194604F02AFC70E03B6803F5A270FB69EC
:10221800043303F5A1637A6813447A69194604F014
:102228001CFC62E03B6803F58270FB69043303F52C
:10223800A1637A6813447A69194604F00EFC54E0E5
:102248003B6803F51170FB69043303F5A1637A68F1
:1022580013447A69194604F000FC46E03B6803F52C
:102268005170FB69043303F5A1637A6813447A69F2
:10227800194604F0F2FB38E03B6803F57170FB691E
:10228800043303F5A1637A6813447A69194604F0A4
:10229800E4FB2AE03B6803F24440FB69043303F59E
:1022A800A1637A6813447A69194604F0D6FB1CE0E6
:1022B8003B6803F28440FB69043303F5A1637A6841
:1022C80013447A69194604F0C8FB0EE03B6803F230
:1022D800C440FB69043303F5A1637A6813447A693F
:1022E800194604F0BAFB00E000BFFA697B691344A1
:1022F800FB61FB690433FB617B68DB68FA699A421E
:10230800FFF4EBAE0023FB610DE03A68FB699B002C
:1023180013445B68DA0A3968FB699B000B445A600E
:10232800FB690133FB61FB693F2BEED90023FB619D
:1023380056E03A68FB6903F5F0735B001344B3F9A0
:102348000430002B00DA03339B1019B23A68FB699A
:1023580003F5F0735B0013440A469A803A68FB69F8
:1023680003F5F0735B001344B3F90430002B07DA6C
:102378003A68FB6903F5F0735B00134400229A8006
:102388003A68FB69134403F244431B785B08D9B2EB
:102398003A68FB69134403F244430A461A703A68E0
:1023A800FB6903F5D0735B0013449B88DB0999B282
:1023B8003A68FB6903F5D0735B0013440A469A80B8
:1023C8003A68FB6990339B0013445B68DA0A396802
:1023D800FB6990339B000B445A60FB690133FB6136
:1023E800FB693F2BA5D90023FB611BE03A68FB6919
:1023F800134403F582731B78002B10D10023BB61B3
:102408000AE0FA69BB6913443A681344FF2283F867
:102418008424BB690133BB61BB69002BF1D0FB6924
:102428000133FB61FB693F2BE0D90023FB6114E01A
:102438003A68FB6903F599739B0013449B680B4A40
:10244800A2FB0323DA0B3968FB6903F599739B0038
:102458000B449A60FB690133FB61FB691F2BE7D9C9
:10246800FB7C18462037BD4680BD00BF0180008038
:1024780080B584B000AF786039600023FB737B6857
:1024880003F5A161082345F25042786800F062F92B
:1024980003461A46FB7B1343FB737B6893F80825B6
:1024A8007B6893F8093512FB03F3DAB23B681A70BC
:1024B800FB7B18461037BD4680BD80B584B000AFA1
:1024C80078600B46FB700023FB73FB78102B02D05F
:1024D800402B55D0A9E07B6803F5A16110234AF68B
:1024E8003852786800F036F903461A46FB7B1343E6
:1024F800FB737B68402283F80C257B68402283F8B5
:102508000E257B68042283F811257B6803F5A161F9
:1025180010234AF63852786800F0A6F903461A469E
:10252800FB7B1343FB737B6803F5A161082345F22A
:102538005042786800F00EF903461A46FB7B1343B5
:10254800FB737B68042283F808257B68042283F8E0
:1025580009257B68082283F80C257B68082283F804
:102568000D257B6803F5A161082345F25042786880
:1025780000F07AF903461A46FB7B1343FB7357E0D6
:102588007B6803F5A16110234AF63852786800F099
:10259800E1F803461A46FB7B1343FB737B68102262
:1025A80083F80C257B68102283F80E257B680122AE
:1025B80083F811257B6803F5A16110234AF6385288
:1025C800786800F051F903461A46FB7B1343FB7306
:1025D8007B6803F5A161082345F25042786800F052
:1025E800B9F803461A46FB7B1343FB737B68082242
:1025F80083F808257B68082283F809257B6804226C
:1026080083F80C257B68042283F80D257B6803F585
:10261800A161082345F25042786800F025F9034685
:102628001A46FB7B1343FB7302E07F23FB7300BF57
:10263800FB7819467868FEF79FFB03461A46FB7B32
:102648001343FB73FB7819467868FEF761FD034670
:102658001A46FB7B1343FB73FB7B18461037BD46BA
:1026680080BD80B588B004AF78600B46FB7000234E
:10267800FB737B6803F5A161012302930123019396
:10268800FB1C0093042345F25842786800F08BF94C
:1026980003461A46FB7B1343FB73FB7B1846103734
:1026A800BD4680BD80B584B000AF78600B46FB7036
:1026B8000023FB730023BB607B6803F5A16108233B
:1026C8004AF63052786800F045F803461A46FB7B14
:1026D8001343FB73FB78012B02D0032B0BD015E0BF
:1026E8007B68012283F809257B68032283F80B2580
:1026F8000023BB600DE07B68032283F809257B6813
:10270800022283F80B250123BB6002E07F23FB73C1
:1027180000BF7B6803F5A16108234AF63052786848
:1027280000F0A2F803461A46FB7B1343FB7307F13C
:10273800080104234CF65C52786800F095F80346CB
:102748001A46FB7B1343FB73FB7B18461037BD46C9
:1027580080BD000080B58CB002AFF860B9607A60C7
:102768007B80002387F825307B880C333B623D4A09
:1027780007F1140307CA83E807007B8840F29452E4
:10278800934203D9FF2387F8253065E07B681B0A4D
:10279800DBB23B757B68DBB27B757B881B11DBB2D8
:1027A800BB757B88DBB21B01DBB2FB75F86807F1F0
:1027B80014020C2342F6F471FEF7B7F803461A46E2
:1027C80097F82530134387F8253003230193FF2317
:1027D80000934FF4305301220421F868FEF73AFAC7
:1027E80003461A4697F82530134387F82530F868CA
:1027F800FB6803F5A1623B6A42F60441FEF7B2F8B2
:1028080003461A4697F82530134387F82530FB68A6
:1028180003F5A1627B880C339BB219461046FEF77C
:10282800BEF80023FB8411E0B7F926301A1DB7F96A
:102838002630B9680B44F9680A4492F808251A70DA
:10284800B7F926309BB201339BB2FB84B7F902304B
:10285800B7F926209A42E7DB97F82530184628373B
:10286800BD4680BDA86F000880B58CB002AFF86087
:10287800B9607A607B80002387F827300023FB61EA
:1028880000233B7500237B750023BB750F23FB7565
:1028980005233B7601237B767B8808331B12DBB24A
:1028A800BB767B88DBB20833DBB2FB767B88C3F56B
:1028B8003F5334337B847B8840F29452934203D94C
:1028C800FF2387F8273068E07B681B0ADBB23B7779
:1028D8007B68DBB27B777B881B11DBB2BB777B889D
:1028E800DBB21B01DBB2FB777B881946B868FEF7C1
:1028F80056F87B88013B9BB2BB8412E0B7F92430C1
:10290800BA681A44B7F9243004331178FA681344C2
:102918000A4683F80825B7F924309BB2013B9BB2DD
:10292800BB84B7F92430002BE8DAFB6803F5A16310
:10293800FA691A607B88043303F5A163FA681344C3
:102948001A4607F1140303CB10605160F868FB685E
:1029580003F5A1627B880C33798CFDF7E6FF03460B
:102968001A4697F82730134387F827300323019333
:10297800FF2300934FF4305301220421F868FEF737
:1029880069F903461A4697F82730134387F8273022
:102998007B881946B868FEF702F897F8273018467A
:1029A8002837BD4680BD80B586B000AFF860B960F5
:1029B8007A607B800023FB757B887A68B968F86841
:1029C800FFF7C8FE03461A46FB7D1343FB753B8D94
:1029D800BA681344BA8C396A184604F03EF87B8802
:1029E8007A68B968F868FFF73FFF03461A46FB7D27
:1029F8001343FB75FB7D18461837BD4680BD0000A4
:102A0800DFF834D0FEF714F90C480D490D4A0023BD
:102A180002E0D458C4500433C4188C42F9D30A4A8B
:102A28000A4C002301E013600432A242FBD303F0F6
:102A3800EDFFFDF717FE70470000022000000020A0
:102A480068000020D8C6010868000020281200206D
:102A5800FEE7000080B500AF0E4B1B680D4A43F43B
:102A6800007313600B4B1B680A4A43F480631360BE
:102A7800084B1B68074A43F480731360032000F077
:102A88004FF90F2000F008F8FDF7CCFF0023184697
:102A980080BD00BF003C024080B582B000AF7860C6
:102AA800124B1A68124B1B7819464FF47A73B3FB12
:102AB800F1F3B2FBF3F3184600F067F90346002B75
:102AC80001D001230EE07B680F2B0AD80022796819
:102AD8004FF0FF3000F02FF9064A7B68136000239F
:102AE80000E0012318460837BD4680BD00000020DD
:102AF800080000200400002080B400AF064B1B78BB
:102B08001A46064B1B681344044A136000BFBD46AF
:102B18005DF8047B704700BF08000020D810002033
:102B280080B400AF034B1B681846BD465DF8047BB4
:102B3800704700BFD810002080B584B000AF78601F
:102B4800FFF7EEFFB8607B68FB60FB68B3F1FF3FFF
:102B580005D00A4B1B781A46FB681344FB6000BF7C
:102B6800FFF7DEFF0246BB68D31AFA689A42F7D825
:102B780000BF00BF1037BD4680BD00BF0800002061
:102B880080B485B000AF78607B6803F00703FB6012
:102B98000C4BDB68BB60BA684FF6FF031340BB60A1
:102BA800FB681A02BB68134343F0BF6343F4003366
:102BB800BB60044ABB68D36000BF1437BD465DF8EC
:102BC800047B704700ED00E080B400AF044BDB6885
:102BD8001B0A03F007031846BD465DF8047B7047DF
:102BE80000ED00E080B483B000AF0346FB7197F9B5
:102BF8000730002B0BDBFB7903F01F02074997F91D
:102C080007305B09012000FA02F241F8232000BFD7
:102C18000C37BD465DF8047B704700BF00E100E05B
:102C280080B483B000AF03463960FB7197F9073071
:102C3800002B0ADB3B68DAB20C4997F9073012011E
:102C4800D2B20B4483F800230AE03B68DAB20849A1
:102C5800FB7903F00F03043B1201D2B20B441A763E
:102C680000BF0C37BD465DF8047B704700E100E00B
:102C780000ED00E080B489B000AFF860B9607A6018
:102C8800FB6803F00703FB61FB69C3F10703042B2F
:102C980028BF0423BB61FB690433062B02D9FB69F7
:102CA800033B00E000237B614FF0FF32BB6902FA6F
:102CB80003F3DA43BB681A407B699A404FF0FF314F
:102CC8007B6901FA03F3D9437B680B401343184629
:102CD8002437BD465DF8047B7047000080B582B09C
:102CE80000AF78607B68013BB3F1807F01D301239B
:102CF8000FE00A4A7B68013B53600F214FF0FF3019
:102D0800FFF78EFF054B00229A60044B07221A60DA
:102D1800002318460837BD4680BD00BF10E000E01C
:102D280080B582B000AF78607868FFF729FF00BFF0
:102D38000837BD4680BD80B586B000AF0346B96090
:102D48007A60FB7300237B61FFF73EFF78617A6846
:102D5800B9687869FFF78EFF024697F90F30114678
:102D68001846FFF75DFF00BF1837BD4680BD80B528
:102D780082B000AF0346FB7197F907301846FFF79A
:102D880031FF00BF0837BD4680BD80B582B000AFB7
:102D980078607868FFF7A2FF034618460837BD46F3
:102DA80080BD80B483B000AF78607B6893F835301D
:102DB800DBB2022B04D07B6880225A6501230CE029
:102DC8007B68052283F835207B681B681A687B6856
:102DD8001B6822F001021A60002318460C37BD4612
:102DE8005DF8047B704780B483B000AF78607B687F
:102DF80093F83530DBB218460C37BD465DF8047BD6
:102E08007047000080B489B000AF78603960002353
:102E18007B6100233B610023BB610023FB6159E117
:102E28000122FB6902FA03F37B613B681B687A693C
:102E380013403B613A697B699A4240F048813B689C
:102E48005B6803F00303012B05D03B685B6803F064
:102E58000303022B30D17B689B68BB61FB695B0075
:102E6800032202FA03F3DB43BA691340BB613B68F0
:102E7800DA68FB695B0002FA03F3BA691343BB61C2
:102E88007B68BA699A607B685B68BB610122FB69F1
:102E980002FA03F3DB43BA691340BB613B685B6822
:102EA8001B0903F00102FB6902FA03F3BA69134331
:102EB800BB617B68BA695A603B685B6803F00303CF
:102EC800032B17D07B68DB68BB61FB695B000322BF
:102ED80002FA03F3DB43BA691340BB613B689A68A3
:102EE800FB695B0002FA03F3BA691343BB617B68B1
:102EF800BA69DA603B685B6803F00303022B23D1ED
:102F0800FB69DA087B68083253F82230BB61FB6939
:102F180003F007039B000F2202FA03F3DB43BA69AD
:102F28001340BB613B681A69FB6903F007039B0008
:102F380002FA03F3BA691343BB61FB69DA087B68D9
:102F48000832B96943F822107B681B68BB61FB69CA
:102F58005B00032202FA03F3DB43BA691340BB6147
:102F68003B685B6803F00302FB695B0002FA03F34A
:102F7800BA691343BB617B68BA691A603B685B68CE
:102F880003F44033002B00F0A2800023FB60574B72
:102F98005B6C564A43F480435364544B5B6C03F4B4
:102FA8008043FB60FB68524AFB699B08023352F876
:102FB8002330BB61FB6903F003039B000F2202FA75
:102FC80003F3DB43BA691340BB617B68494A934208
:102FD80019D07B68484A934213D07B68474A93428A
:102FE8000DD07B68464A934207D07B68454A934296
:102FF80001D1042308E0072306E0032304E00223A9
:1030080002E0012300E00023FA6902F003029200C3
:103018009340BA691343BB613549FB699B08023386
:10302800BA6941F82320384B9B68BB613B69DB4395
:10303800BA691340BB613B685B6803F48013002BDB
:1030480003D0BA693B691343BB612F4ABB699360DC
:103058002D4BDB68BB613B69DB43BA691340BB613D
:103068003B685B6803F40013002B03D0BA693B6923
:103078001343BB61244ABB69D360234B5B68BB61C4
:103088003B69DB43BA691340BB613B685B6803F487
:103098000033002B03D0BA693B691343BB611A4A5A
:1030A800BB695360184B1B68BB613B69DB43BA695A
:1030B8001340BB613B685B6803F48033002B03D08B
:1030C800BA693B691343BB610F4ABB691360FB696B
:1030D8000133FB61FB690F2B7FF6A2AE00BF00BF77
:1030E8002437BD465DF8047B704700BF00380240B6
:1030F800003801400000024000040240000802407D
:10310800000C024000100240003C014080B483B033
:1031180000AF78600B467B8013467B707B78002B72
:1031280003D07A887B689A6103E07B881A047B68FD
:103138009A6100BF0C37BD465DF8047B70470000FC
:1031480080B584B000AF78607B68002B01D1012383
:103158002BE17B6893F83D30DBB2002B06D17B680E
:10316800002283F83C207868FDF72CFA7B6824223B
:1031780083F83D207B681B681A687B681B6822F00F
:1031880001021A607B681B681A687B681B6842F436
:1031980000421A607B681B681A687B681B6822F407
:1031A80000421A6003F0D2F9F8607B685B68814AD4
:1031B800934207D8FB68804A934294BF01230023B7
:1031C800DBB206E0FB687D4A934294BF01230023EB
:1031D800DBB2002B01D00123E7E0FB68784AA2FBB1
:1031E80003239B0CBB607B681B685B6823F03F0173
:1031F8007B681B68BA680A435A607B681B681B6A4D
:1032080023F03F017B685B686A4A934202D8BB6837
:10321800013309E0BB684FF4967202FB03F3694A75
:10322800A2FB03239B0901337A6812680B431362DC
:103238007B681B68DB6923F44F4222F0FF027B683E
:103248005B685C498B4219D8FB68591E7B685B68D0
:103258005B00B1FBF3F3591C40F6FC730B40002BE9
:103268000AD0FB68591E7B685B685B00B1FBF3F30F
:103278000133C3F30B0351E004234FE07B689B68E1
:10328800002B11D1FB68581E7B6859680B465B0000
:103298000B44B0FBF3F30133C3F30B03002B0CBF58
:1032A80001230023DBB212E0FB68581E7B685968D3
:1032B8000B469B000B4499000B44B0FBF3F301331E
:1032C800C3F30B03002B0CBF01230023DBB2002B3D
:1032D80001D0012322E07B689B68002B0ED1FB689C
:1032E800581E7B6859680B465B000B44B0FBF3F330
:1032F8000133C3F30B0343F400430FE0FB68581E8C
:103308007B6859680B469B000B4499000B44B0FB43
:10331800F3F30133C3F30B0343F4404379680968BB
:103328001343CB617B681B681B6823F0C0017B6873
:10333800DA697B681B6A1A437B681B680A431A6050
:103348007B681B689B6823F4034323F0FF037A68B8
:1033580011697A68D26811437A6812680B439360DE
:103368007B681B68DB6823F0FF017B685A697B6810
:103378009B691A437B681B680A43DA607B681B6891
:103388001A687B681B6842F001021A607B68002299
:103398001A647B68202283F83D207B6800221A6328
:1033A8007B68002283F83E20002318461037BD466C
:1033B80080BD00BFA08601007F841E00FF083D007D
:1033C80083DE1B43D34D621080B483B000AF7860B6
:1033D8007B681B685B6903F08003802B03D17B68E3
:1033E8001B6800221A6100BF0C37BD465DF8047BDC
:1033F8007047000080B588B002AFF8607A601A465E
:103408000B467B8113463B81FFF78AFB7861FB689B
:1034180093F83D30DBB2202B40F0E0807B690093CD
:10342800192301227049F86802F09EF90346002B1F
:1034380001D00223D3E0FB6893F83C30012B01D183
:103448000223CCE0FB68012283F83C20FB681B6860
:103458001B6803F00103012B07D0FB681B681A687F
:10346800FB681B6842F001021A60FB681B681A6857
:10347800FB681B6822F400621A60FB68212283F84B
:103488003D20FB68102283F83E20FB6800221A6466
:10349800FB687A685A62FB683A895A85FB685B8DD3
:1034A8009AB2FB681A85FB68504ADA6279897B69A7
:1034B8003A6AF86801F0B0FE0346002B01D00123F8
:1034C8008DE000233B61FB681B685B693B61FB681F
:1034D8001B689B693B613B6966E07A69396AF868F1
:1034E80002F05CFA0346002B0DD0FB681B6C042B22
:1034F80007D1FB681B681A68FB681B6842F40072F6
:103508001A6001236BE0FB685B6A1A78FB681B682A
:103518001A61FB685B6A5A1CFB685A62FB685B8D20
:103528009BB2013B9AB2FB685A85FB681B8D013B35
:103538009AB2FB681A85FB681B685B6903F0040391
:10354800042B1BD1FB681B8D002B17D0FB685B6A13
:103558001A78FB681B681A61FB685B6A5A1CFB686F
:103568005A62FB685B8D9BB2013B9AB2FB685A8535
:10357800FB681B8D013B9AB2FB681A857A69396A28
:10358800F86802F053FA0346002B0DD0FB681B6C59
:10359800042B07D1FB681B681A68FB681B6842F498
:1035A80000721A6001231AE0FB681B8D002B94D16E
:1035B800FB681B681A68FB681B6842F400721A6093
:1035C800FB68202283F83D20FB68002283F83E2018
:1035D800FB68002283F83C20002300E00223184601
:1035E8001837BD4680BD00BF020010000000FFFF75
:1035F80080B588B002AFF860084611461A460346FF
:103608007B810B463B811346FB80FFF789FA786183
:10361800FB6893F83D30DBB2202B40F0D9807B6902
:103628000093192301226D49F86802F09DF80346BA
:10363800002B01D00223CCE0FB6893F83C30012B2F
:1036480001D10223C5E0FB68012283F83C20FB6816
:103658001B681B6803F00103012B07D0FB681B687C
:103668001A68FB681B6842F001021A60FB681B6855
:103678001A68FB681B6822F400621A60FB68212242
:1036880083F83D20FB68402283F83E20FB68002237
:103698001A64FB683A6A5A62FB68BA8C5A85FB68F6
:1036A8005B8D9AB2FB681A85FB684D4ADA62F88826
:1036B8003A8979897B690193BB6A00930346F86864
:1036C80001F02CFE0346002B52D0012381E07A69D9
:1036D800B96AF86802F062F90346002B0DD0FB685E
:1036E8001B6C042B07D1FB681B681A68FB681B68F6
:1036F80042F400721A6001236BE0FB685B6A1A7877
:10370800FB681B681A61FB685B6A5A1CFB685A6293
:10371800FB681B8D013B9AB2FB681A85FB685B8DC1
:103728009BB2013B9AB2FB685A85FB681B685B69D0
:1037380003F00403042B1BD1FB681B8D002B17D04F
:10374800FB685B6A1A78FB681B681A61FB685B6A2E
:103758005A1CFB685A62FB681B8D013B9AB2FB68D6
:103768001A85FB685B8D9BB2013B9AB2FB685A8550
:10377800FB681B8D002BAAD17A69B96AF86802F038
:1037880055F90346002B0DD0FB681B6C042B07D1A1
:10379800FB681B681A68FB681B6842F400721A60B1
:1037A800012316E0FB681B681A68FB681B6842F473
:1037B80000721A60FB68202283F83D20FB68002213
:1037C80083F83E20FB68002283F83C20002300E0B9
:1037D800022318461837BD4680BD00BF02001000FE
:1037E8000000FFFF80B58CB002AFF86008461146B4
:1037F8001A4603467B810B463B811346FB80FFF745
:103808008FF97862FB6893F83D30DBB2202B40F0EB
:1038180014827B6A0093192301227B49F86801F01E
:10382800A3FF0346002B01D0022307E2FB6893F8AD
:103838003C30012B01D1022300E2FB68012283F80E
:103848003C20FB681B681B6803F00103012B07D0B1
:10385800FB681B681A68FB681B6842F001021A6063
:10386800FB681B681A68FB681B6822F400621A6010
:10387800FB68222283F83D20FB68402283F83E2023
:10388800FB6800221A64FB683A6B5A62FB68BA8EBE
:103898005A85FB685B8D9AB2FB681A85FB685B4AA0
:1038A800DA62F8883A8979897B6A0193BB6B00935D
:1038B8000346F86801F0C8FD0346002B01D0012338
:1038C800BCE1FB681B8D002B13D100233B62FB6816
:1038D8001B685B693B62FB681B689B693B623B6AD0
:1038E800FB681B681A68FB681B6842F400721A6060
:1038F80090E1FB681B8D012B1BD1FB681B681A68C4
:10390800FB681B6822F480621A600023FB61FB6875
:103918001B685B69FB61FB681B689B69FB61FB6952
:10392800FB681B681A68FB681B6842F400721A601F
:1039380070E1FB681B8D022B1BD1FB681B681A68A2
:10394800FB681B6822F480621A60FB681B681A68AF
:10395800FB681B6842F400621A600023BB61FB68C5
:103968001B685B69BB61FB681B689B69BB61BB69C2
:1039780050E100237B61FB681B685B697B61FB6826
:103988001B689B697B617B6944E1FB681B8D032B8A
:1039980000F2F180FB681B8D012B23D17A6AB96B89
:1039A800F86802F0BDF80346002B01D0012345E179
:1039B800FB681B681A69FB685B6AD2B21A70FB68FD
:1039C8005B6A5A1CFB685A62FB681B8D013B9AB202
:1039D800FB681A85FB685B8D9BB2013B9AB2FB685A
:1039E8005A8517E1FB681B8D022B4ED17B6A009329
:1039F800BB6B00220649F86801F0B6FE0346002BAF
:103A080008D001231AE100BF020010000000FFFFE8
:103A180004000100FB681B681A68FB681B6842F415
:103A280000721A60FB681B681A69FB685B6AD2B28D
:103A38001A70FB685B6A5A1CFB685A62FB681B8D2C
:103A4800013B9AB2FB681A85FB685B8D9BB2013B10
:103A58009AB2FB685A85FB681B681A69FB685B6A3F
:103A6800D2B21A70FB685B6A5A1CFB685A62FB6820
:103A78001B8D013B9AB2FB681A85FB685B8D9BB274
:103A8800013B9AB2FB685A85C4E07B6A0093BB6B22
:103A980000226C49F86801F067FE0346002B01D04C
:103AA8000123CBE0FB681B681A68FB681B6822F4DB
:103AB80080621A60FB681B681A69FB685B6AD2B28D
:103AC8001A70FB685B6A5A1CFB685A62FB681B8D9C
:103AD800013B9AB2FB681A85FB685B8D9BB2013B80
:103AE8009AB2FB685A857B6A0093BB6B00225549E2
:103AF800F86801F039FE0346002B01D001239DE050
:103B0800FB681B681A68FB681B6842F400721A603D
:103B1800FB681B681A69FB685B6AD2B21A70FB689B
:103B28005B6A5A1CFB685A62FB681B8D013B9AB2A0
:103B3800FB681A85FB685B8D9BB2013B9AB2FB68F8
:103B48005A85FB681B681A69FB685B6AD2B21A70EF
:103B5800FB685B6A5A1CFB685A62FB681B8D013B59
:103B68009AB2FB681A85FB685B8D9BB2013B9AB2DF
:103B7800FB685A854EE07A6AB96BF86801F0D0FFA5
:103B88000346002B01D0012358E0FB681B681A6923
:103B9800FB685B6AD2B21A70FB685B6A5A1CFB68E6
:103BA8005A62FB681B8D013B9AB2FB681A85FB6859
:103BB8005B8D9BB2013B9AB2FB685A85FB681B6818
:103BC8005B6903F00403042B24D1FB681B8D032BD2
:103BD80007D1FB681B681A68FB681B6822F48062BF
:103BE8001A60FB681B681A69FB685B6AD2B21A70B4
:103BF800FB685B6A5A1CFB685A62FB681B8D013BB9
:103C08009AB2FB681A85FB685B8D9BB2013B9AB23E
:103C1800FB685A85FB681B8D002B7FF4B6AEFB68EA
:103C2800202283F83D20FB68002283F83E20FB68B1
:103C3800002283F83C20002300E00223184628379E
:103C4800BD4680BD0400010080B588B000AF786033
:103C58000023BB617B681B685B687B617B68DB6AF0
:103C68003B617B6893F83E30FB737B6893F83D308B
:103C7800BB73FB7B102B03D0FB7B402B40F0C18038
:103C88007B681B689B69BB617B681B685B69FB6120
:103C9800FB6903F00103002B0DD13B69B3F52A0F33
:103CA80003D03B69B3F12A4F01D1012300E000237F
:103CB800012B00F03281FB6903F00103002B0CD0CB
:103CC8007B695B0A03F00103002B06D0786801F0DA
:103CD800B3FF786800F0F4FC92E0FB69DB0803F0BE
:103CE8000103002B09D07B695B0A03F00103002B59
:103CF80003D0786800F06AFD82E0FB695B0803F096
:103D08000103002B09D07B695B0A03F00103002B38
:103D180003D0786800F084FD72E0BB699B0803F06B
:103D28000103002B3BD07B681B685B6803F40063CE
:103D3800B3F5006F00F0F380FB69DB0903F00103C2
:103D4800002B0FD07B699B0A03F00103002B09D0DD
:103D5800FB699B0803F00103002B03D1786800F08E
:103D68004CF94DE0FB699B0803F00103002B00F0C0
:103D7800D6807B695B0A03F00103002B00F0CF803B
:103D8800BB7B212B03D1786800F0D3F9C7E0FB7B1C
:103D9800402B40F0C480786800F041FABFE07B68AF
:103DA8001B685B6803F40063B3F5006F00F0B7802D
:103DB800FB699B0903F00103002B0FD07B699B0A69
:103DC80003F00103002B09D0FB699B0803F00103F2
:103DD800002B03D1786800F0BAFA11E0FB699B0860
:103DE80003F00103002B00F09A807B695B0A03F063
:103DF8000103002B00F09380786800F070FB8EE0E0
:103E08008DE07B681B6C002B04D07B681B685B69AA
:103E1800FB6107E07B681B689B69BB617B681B686B
:103E28005B69FB61FB695B0803F00103002B12D09F
:103E38007B695B0A03F00103002B0CD07B681B6CC9
:103E4800002B03D07B681B689B69BB61B9697868E4
:103E580000F035FF66E0FB691B0903F00103002B46
:103E680009D07B695B0A03F00103002B03D0786853
:103E780000F070FF56E0BB7B212B02D0BB7B292BC7
:103E880025D1FB69DB0903F00103002B0FD07B6907
:103E98009B0A03F00103002B09D0FB699B0803F080
:103EA8000103002B03D1786800F04BFE39E0FB6971
:103EB8009B0803F00103002B33D07B695B0A03F0F6
:103EC8000103002B2DD0786800F078FE29E0FB690B
:103ED8009B0903F00103002B0FD07B699B0A03F0B9
:103EE8000103002B09D0FB699B0803F00103002B99
:103EF80003D1786800F083FE14E0FB699B0803F0A7
:103F08000103002B0ED07B695B0A03F00103002B31
:103F180008D0786800F0B1FE04E000BF02E000BFFE
:103F280000E000BF2037BD4680BD80B483B000AF3D
:103F3800786000BF0C37BD465DF8047B704780B4DD
:103F480083B000AF786000BF0C37BD465DF8047BD6
:103F5800704780B483B000AF786000BF0C37BD46AF
:103F68005DF8047B704780B483B000AF786000BF11
:103F78000C37BD465DF8047B704780B483B000AF52
:103F880078600B46FB7013463B8000BF0C37BD467C
:103F98005DF8047B704780B483B000AF786000BFE1
:103FA8000C37BD465DF8047B704780B483B000AF22
:103FB800786000BF0C37BD465DF8047B704780B45D
:103FC80083B000AF786000BF0C37BD465DF8047B56
:103FD800704780B483B000AF786000BF0C37BD462F
:103FE8005DF8047B704780B483B000AF786000BF91
:103FF8000C37BD465DF8047B704780B584B000AFD0
:1040080078607B6893F83D30FB737B6893F83E30AB
:10401800BB737B68DB6ABB607B681B8D002B50D150
:10402800FB7B212B4DD1BB68082B1DD0BB68202BF7
:104038001AD0BB6813F5803F16D07B681B685A6896
:104048007B681B6822F4E0625A607B6811221A635D
:104058007B68002283F83E207B68202283F83D207D
:104068007868FFF762FF60E07B681B685A687B68C6
:104078001B6822F4E0625A607B681B681A687B68D8
:104088001B6842F400721A607B6800221A637B681E
:10409800202283F83D207B6893F83E30DBB2402B2A
:1040A80007D17B68002283F83E207868FFF77DFF00
:1040B8003BE07B68002283F83E207868FFF735FFF5
:1040C80033E0FB7B212B05D0BB7B402B2DD1FB7B29
:1040D800222B2AD17B685B8D9BB2002B08D17B6891
:1040E8001B685A687B681B6822F480625A601CE06F
:1040F8007B6893F83E30DBB2402B03D1786800F040
:104108008EF812E07B685B6A1A787B681B681A6114
:104118007B685B6A5A1C7B685A627B685B8D9BB2C2
:10412800013B9AB27B685A85FFE700BF1037BD464E
:1041380080BD80B584B000AF78607B68DB6AFB60C7
:104148007B6893F83D30DBB2212B64D17B685B8DB3
:104158009BB2002B12D07B685B6A1A787B681B685D
:104168001A617B685B6A5A1C7B685A627B685B8D44
:104178009BB2013B9AB27B685A854CE0FB68082BDE
:104188001DD0FB68202B1AD0FB6813F5803F16D092
:104198007B681B685A687B681B6822F4E0625A6077
:1041A8007B6811221A637B68002283F83E207B68B3
:1041B800202283F83D207868FFF7B7FE2BE07B6864
:1041C8001B685A687B681B6822F4E0625A607B6847
:1041D8001B681A687B681B6842F400721A607B6867
:1041E80000221A637B68202283F83D207B6893F8BD
:1041F8003E30DBB2402B07D17B68002283F83E209B
:104208007868FFF7D2FE06E07B68002283F83E203C
:104218007868FFF78AFE00BF1037BD4680BD80B5BD
:1042280084B000AF78607B6893F83D30FB737B689F
:104238001B6D002B1DD17B68DB6C012B0BD17B68C0
:104248009B6CDAB27B681B681A617B681B6D9A1CD1
:104258007B681A6577E07B689B6C9BB21B12DAB2AD
:104268007B681B681A617B681B6D5A1C7B681A6522
:1042780069E07B681B6D012B0BD17B689B6CDAB204
:104288007B681B681A617B681B6D5A1C7B681A6502
:1042980059E07B681B6D022B52D1FB7B222B0DD181
:1042A8007B681B681A687B681B6842F480721A6016
:1042B8007B681B6D5A1C7B681A6544E07B685B8DC4
:1042C8009BB2002B15D0FB7B212B12D17B685B6A3C
:1042D8001A787B681B681A617B685B6A5A1C7B6862
:1042E8005A627B685B8D9BB2013B9AB27B685A85A8
:1042F80029E07B685B8D9BB2002B24D1FB7B212BB3
:1043080021D17B681B685A687B681B6822F4E062CD
:104318005A607B681B681A687B681B6842F40072E5
:104328001A607B6800221A637B68202283F83D208C
:104338007B68002283F83E207868FFF736FE02E0AB
:104348007868FFF741F800BF1037BD4680BD80B5DB
:1043580084B000AF78607B6893F83D30DBB2222BE5
:1043680040F0B9807B68DB6AFB607B685B8D9BB241
:10437800BB60BB68032B21D97B681B681A697B6803
:104388005B6AD2B21A707B685B6A5A1C7B685A6295
:104398007B685B8D9BB2013B9AB27B685A857B68D0
:1043A8005B8D9BB2032B40F096807B681B685A6834
:1043B8007B681B6822F480625A608CE07B68DB6A49
:1043C800022B7FD0BB68012B02D0BB68002B79D1B0
:1043D800786801F073FB0346002B4CD17B681B689F
:1043E8001A687B681B6822F480621A607B681B6805
:1043F8005A687B681B6822F4E0625A607B681B6815
:104408001A697B685B6AD2B21A707B685B6A5A1C4D
:104418007B685A627B685B8D9BB2013B9AB27B6872
:104428005A857B68202283F83D207B6893F83E30CC
:10443800DBB2402B0AD17B68002283F83E207B68E0
:1044480000221A637868FFF7BAFD44E07B6800220F
:1044580083F83E20FB68082B02D0FB68202B03D191
:104468007B6800221A6302E07B6812221A6378686C
:10447800FFF765FD2FE07B681B685A687B681B683F
:1044880022F4E0625A607B681B681A697B685B6A81
:10449800D2B21A707B685B6A5A1C7B685A627B6866
:1044A8005B8D9BB2013B9AB27B685A857B68202260
:1044B80083F83D207B68002283F83E207868FFF768
:1044C80088FD08E07B681B685A687B681B6822F4D3
:1044D80080625A60FFE700BF1037BD4680BD80B5D7
:1044E80084B000AF78607B68DB6AFB607B685B8DBB
:1044F8009BB2042B1BD17B681B685A687B681B68BE
:1045080022F480625A607B681B681A697B685B6A60
:10451800D2B21A707B685B6A5A1C7B685A627B68E5
:104528005B8D9BB2013B9AB27B685A85C4E07B687D
:104538005B8D9BB2032B29D17B681B685A687B680B
:104548001B6822F480625A60FB68042B0AD0FB685F
:10455800022B07D07B681B681A687B681B6822F4EB
:1045680080621A607B681B681A697B685B6AD2B2D2
:104578001A707B685B6A5A1C7B685A627B685B8D21
:104588009BB2013B9AB27B685A8595E07B685B8D4C
:104598009BB2022B7DD1FB68012B02D0FB68102B4C
:1045A80008D17B681B681A687B681B6822F48062E4
:1045B8001A6016E0FB68042B02D0FB68022B08D1B6
:1045C8007B681B681A687B681B6842F480621A6003
:1045D80007E07B681B681A687B681B6842F40072F6
:1045E8001A607B681B681A697B685B6AD2B21A70AA
:1045F8007B685B6A5A1C7B685A627B685B8D9BB2DE
:10460800013B9AB27B685A857B681B681A697B688C
:104618005B6AD2B21A707B685B6A5A1C7B685A6202
:104628007B685B8D9BB2013B9AB27B685A857B683D
:104638001B685A687B681B6822F440725A607B6862
:10464800202283F83D207B6893F83E30DBB2402B74
:104658000AD17B68002283F83E207B6800221A6317
:104668007868FFF7ACFC27E07B68002283F83E20DF
:10467800FB68082B02D0FB68202B03D17B68002243
:104688001A6302E07B6812221A637868FFF757FC06
:1046980012E07B681B681A697B685B6AD2B21A7081
:1046A8007B685B6A5A1C7B685A627B685B8D9BB22D
:1046B800013B9AB27B685A8500BF1037BD4680BD62
:1046C80080B483B000AF78607B6893F83E30DBB28B
:1046D800402B17D17B681B6D002B09D17B685B6C65
:1046E800DBB21A467B681B6802F0FE021A6167E0BB
:1046F8007B685B6CDBB243F00103DAB27B681B6852
:104708001A615DE07B681B69B3F5804F33D17B6824
:1047180093F83D30DBB2212B09D17B685B6CDBB2AF
:104728001A467B681B6802F0FE021A6108E07B6883
:104738005B6CDBB243F00103DAB27B681B681A6179
:104748007B685B6B002B04D07B685B6BDB6B002B9F
:1047580008D17B689B6B002B32D07B689B6BDB6B33
:10476800002B2DD07B681B685A687B681B6842F455
:1047780000625A6024E07B681B6D002B0ED17B68B9
:104788005B6C9BB2DB11DBB203F00603DBB263F0B8
:104798000F03DAB27B681B681A6111E07B681B6D36
:1047A800012B0DD17B685B6C9BB2DB11DBB203F094
:1047B8000603DBB263F00E03DAB27B681B681A618A
:1047C80000BF0C37BD465DF8047B704780B483B0EA
:1047D80000AF78607B685B6CDAB27B681B681A6133
:1047E8007B685B6B002B04D07B685B6BDB6B002BFF
:1047F80008D17B689B6B002B0CD07B689B6BDB6BB9
:10480800002B07D07B681B685A687B681B6842F4DA
:1048180000625A6000BF0C37BD465DF8047B7047E4
:1048280080B491B000AF78607B6893F83E3087F829
:104838003F307B68DB6ABB637B681B6B7B637B6891
:1048480093F83D30DBB2222B40F069817B681B6D09
:10485800002B0FD197F83F30402B0BD100233B633F
:104868007B681B685B693B637B681B689B693B6370
:104878003B6B60E17B681B6D002B1DD17B681B695E
:10488800B3F5404F18D10023FB627B681B685B6956
:10489800FB627B681B689B69FB62FB6A7B681B6821
:1048A8001A687B681B6842F480721A607B681B6D0B
:1048B8005A1C7B681A653EE17B685B8D9BB2002BB6
:1048C80013D10023BB627B681B685B69BB627B6892
:1048D8001B689B69BB62BB6A7B681B681A687B683C
:1048E8001B6842F400721A6015E17B685B8D9BB20D
:1048F800012B40F08A80BB6B13F5803F37D17B6872
:104908001B681A687B681B6822F480621A607B68DF
:104918001B685B6803F40063B3F5006F13D17B6811
:104928001B681A687B681B6822F480621A6000237F
:104938007B627B681B685B697B627B681B689B6921
:104948007B627B6AE7E000233B627B681B685B69EC
:104958003B627B681B689B693B623B6A7B681B68A0
:104968001A687B681B6842F400721A60D3E0BB6B5C
:10497800082B2ED0BB6B202B2BD07B6B122B02D19C
:10498800BB6B012B25D1BB6B042B0ED0BB6B022B51
:104998000BD0BB6B102B08D07B681B681A687B6830
:1049A8001B6822F480621A6007E07B681B681A683B
:1049B8007B681B6842F480621A600023FB617B6895
:1049C8001B685B69FB617B681B689B69FB61FB6912
:1049D800A1E07B681B681A687B681B6822F4806208
:1049E8001A600023BB617B681B685B69BB617B68DD
:1049F8001B689B69BB61BB697B681B681A687B681D
:104A08001B6842F400721A6085E07B685B8D9BB27C
:104A1800022B4DD1BB6B042B16D0BB6B022B13D0D2
:104A2800BB6B102B10D07B681B681A687B681B68EF
:104A380022F480621A607B681B681A687B681B68AE
:104A480042F400621A6007E07B681B681A687B689A
:104A58001B6842F480621A607B681B685B6803F419
:104A68000063B3F5006F17D1BB6B13F5803F0BD014
:104A7800BB6B012B08D0BB6B082B05D0BB6B102B75
:104A880002D0BB6B202B07D17B681B685A687B68F8
:104A98001B6842F480525A6000237B617B681B6864
:104AA8005B697B617B681B689B697B617B6932E022
:104AB8007B681B681A687B681B6842F480621A600E
:104AC8007B681B685B6803F40063B3F5006F17D15C
:104AD800BB6B13F5803F0BD0BB6B012B08D0BB6BB6
:104AE800082B05D0BB6B102B02D0BB6B202B07D13A
:104AF8007B681B685A687B681B6842F480525A605E
:104B080000233B617B681B685B693B617B681B68B2
:104B18009B693B613B697B6800221A650BE00023B7
:104B2800FB607B681B685B69FB607B681B689B6933
:104B3800FB60FB68FFE700BF4437BD465DF8047BB8
:104B4800704780B584B000AF78607B6893F83D30DB
:104B5800FB737B685B8D9BB2002B2BD07B685B6AF9
:104B68001A787B681B681A617B685B6A5A1C7B68C9
:104B78005A627B685B8D9BB2013B9AB27B685A850F
:104B88007B685B8D9BB2002B14D1FB7B292B11D149
:104B98007B681B685A687B681B6822F480625A60CD
:104BA8007B6821221A637B68282283F83D20786875
:104BB800FFF7CFF900BF1037BD4680BD80B483B082
:104BC80000AF78607B685B8D9BB2002B11D07B684F
:104BD8005B6A1A787B681B681A617B685B6A5A1C77
:104BE8007B685A627B685B8D9BB2013B9AB27B689B
:104BF8005A8500BF0C37BD465DF8047B704780B509
:104C080084B000AF78607B6893F83D30FB737B68B5
:104C18005B8D9BB2002B2CD07B681B681A697B6864
:104C28005B6AD2B21A707B685B6A5A1C7B685A62EC
:104C38007B685B8D9BB2013B9AB27B685A857B6827
:104C48005B8D9BB2002B14D1FB7B2A2B11D17B6887
:104C58001B685A687B681B6822F480625A607B680C
:104C680022221A637B68282283F83D207868FFF7A0
:104C78007AF900BF1037BD4680BD80B483B000AF5D
:104C880078607B685B8D9BB2002B12D07B681B68B9
:104C98001A697B685B6AD2B21A707B685B6A5A1CB5
:104CA8007B685A627B685B8D9BB2013B9AB27B68DA
:104CB8005A8500BF0C37BD465DF8047B704780B548
:104CC80084B000AF786039600023FB737B6893F889
:104CD8003D30DBB203F02803282B27D17B681B6803
:104CE8005A687B681B6822F480625A603B689B089C
:104CF80003F00103002B01D10123FB733B68DB099F
:104D080003F00103002B03D17B68DB68BB8102E061
:104D18007B689B69BB817B68002283F83C20BA8949
:104D2800FB7B19467868FFF728F90EE00023BB6083
:104D38007B681B685B69BB607B681B689B69BB60A1
:104D4800BB687B68002283F83C2000BF1037BD4653
:104D580080BD000080B584B000AF78607B6893F8B0
:104D68003D30FB737B681B685A687B681B6822F4BC
:104D7800E0625A600023BB607B681B685B69BB60AC
:104D88007B681B681A687B681B6842F001021A601E
:104D9800BB687B681B681A687B681B6822F48062A2
:104DA8001A607B681B685B6803F40063B3F5006FE7
:104DB80072D1FB7B222B02D0FB7B2A2B35D17B685F
:104DC8009B6B1B685B689AB27B685A857B685B8DB6
:104DD8009BB2002B05D07B681B6C43F004027B68F8
:104DE8001A647B681B685A687B681B6822F4006237
:104DF8005A607B689B6B1846FDF7F5FF0346012B4D
:104E080049D07B689B6B694A1A657B689B6B18461F
:104E1800FDF7C7FF0346002B3DD07B689B6B1B6DDE
:104E28007A68926B1046984735E07B685B6B1B6825
:104E38005B689AB27B685A857B685B8D9BB2002B56
:104E480005D07B681B6C43F004027B681A647B689E
:104E58001B685A687B681B6822F400625A607B688A
:104E68005B6B1846FDF7BFFF0346012B14D07B6828
:104E78005B6B4E4A1A657B685B6B1846FDF791FFC2
:104E88000346002B08D07B685B6B1B6D7A68526BFE
:104E98001046984700E000BF7B685B8D9BB2002BF3
:104EA8003ED07B681B685B6903F00403042B12D1B6
:104EB8007B681B681A697B685B6AD2B21A707B6868
:104EC8005B6A5A1C7B685A627B685B8D9BB2013BAC
:104ED8009AB27B685A857B681B685B6903F040035C
:104EE800402B12D17B681B681A697B685B6AD2B257
:104EF8001A707B685B6A5A1C7B685A627B685B8D98
:104F08009BB2013B9AB27B685A857B685B8D9BB2EA
:104F1800002B05D07B681B6C43F004027B681A6485
:104F28007B681B6C002B03D0786800F043F839E0ED
:104F3800FB7B2A2B09D17B6800221A637B68282215
:104F480083F83D207868FFF70EF87B6893F83D30CA
:104F5800DBB2282B11D17B68154ADA627B68002204
:104F68001A637B68202283F83D207B68002283F83F
:104F78003E207868FFF70FF814E07B681B6B222B44
:104F880002D0FB7B222B0DD17B6800221A637B6841
:104F9800202283F83D207B68002283F83E20786831
:104FA800FEF7E1FF00BF1037BD4680BD215600085F
:104FB8000000FFFF80B584B000AF78607B6893F88D
:104FC8003D30FB737B6893F83E30BB73BB7B102B83
:104FD80002D0BB7B402B0AD1FB7B222B07D17B68FD
:104FE8001B681A687B681B6822F400621A60FB7BE6
:104FF80003F02803282B07D17B6800221A637B68FB
:10500800282283F83D2015E07B681B685B6803F461
:105018000063B3F5006F0AD0FB7B602B07D07B6879
:10502800202283F83D207B68002283F83E207B689D
:1050380000221A637B681B685B6803F40063B3F59E
:10504800006F62D17B681B685A687B681B6822F412
:1050580000625A607B685B6B93F83530DBB2012BDA
:1050680020D07B685B6B6A4A1A657B685B6B184665
:10507800FDF797FE0346002B00F089807B681B68CC
:105088001A687B681B6822F001021A607B6820227C
:1050980083F83D207B685B6B1B6D7A68526B10460A
:1050A800984774E07B689B6B594A1A657B689B6BD1
:1050B8001846FDF776FE0346002B68D07B681B6810
:1050C8005B6903F04003402B0BD17B681B681A69AE
:1050D8007B685B6AD2B21A707B685B6A5A1C7B6811
:1050E8005A627B681B681A687B681B6822F0010299
:1050F8001A607B68202283F83D207B689B6B1B6DC0
:105108007A68926B1046984741E07B6893F83D3087
:10511800DBB2602B25D17B68202283F83D207B6899
:1051280000221A647B681B685B6903F04003402B0C
:105138000BD17B681B681A697B685B6AD2B21A70EC
:105148007B685B6A5A1C7B685A627B681B681A68B2
:105158007B681B6822F001021A607868FEF743FF3B
:1051680015E07B681B685B6903F04003402B0BD19B
:105178007B681B681A697B685B6AD2B21A707B68A5
:105188005B6A5A1C7B685A627868FEF722FF7B6864
:105198001B6CBB60BB6803F00103002B0ED1BB681E
:1051A80003F00203002B09D1BB6803F00403002BB2
:1051B80004D1BB6803F00803002B07D07B681B6889
:1051C8005A687B681B6822F4E0625A607B6893F82F
:1051D8003D30FB737B681B6C03F00403042B13D175
:1051E800FB7B282B10D17B680A4ADA627B68002295
:1051F8001A637B68202283F83D207B68002283F8AD
:105208003E207868FEF7C7FE00BF1037BD4680BD58
:10521800215600080000FFFF80B588B002AFF86093
:105228007A603B600B467B81FB68DB6A7B617B694C
:10523800082B06D07B69012B03D07B6913F5803FCF
:1052480008D1FB681B681A68FB681B6842F4807207
:105258001A600BE0FB681B6B122B07D1FB681B68FD
:105268001A68FB681B6842F480721A603B680093F6
:105278007B6800224FF00111F86800F075FA0346C8
:10528800002B0DD0FB681B681B6803F48073B3F513
:10529800807F03D1FB684FF400721A64032335E062
:1052A800FB681B69B3F5804F08D17B89DBB21A46CE
:1052B800FB681B6802F0FE021A611BE07B89DB11A8
:1052C800DBB203F00603DBB263F00F03DAB2FB686C
:1052D8001B681A613B687A680E49F86800F0BEFAE4
:1052E8000346002B01D0012310E07B89DAB2FB686A
:1052F8001B681A613B687A680749F86800F0AEFADB
:105308000346002B01D0012300E00023184618377C
:10531800BD4680BD080001000200010080B588B0CC
:1053280002AFF860084611461A4603467B810B46D1
:105338003B811346FB80FB681B681A68FB681B6887
:1053480042F480721A607B6A00933B6A00224FF035
:105358000111F86800F008FA0346002B0DD0FB682D
:105368001B681B6803F48073B3F5807F03D1FB6867
:105378004FF400721A6403235FE07B89DBB21A469C
:10538800FB681B6802F0FE021A617B6A3A6A2D49C3
:10539800F86800F063FA0346002B01D001234CE0C3
:1053A80000237B61FB681B685B697B61FB681B688A
:1053B8009B697B617B697A6A396AF86800F0EEFA62
:1053C8000346002B0DD0FB681B6C042B07D1FB6830
:1053D8001B681A68FB681B6842F400721A60012394
:1053E8002BE0FB88012B05D13B89DAB2FB681B68EF
:1053F8001A6121E03B891B0A9BB2DAB2FB681B6881
:105408001A617A6A396AF86800F0C8FA0346002B0C
:105418000DD0FB681B6C042B07D1FB681B681A684E
:10542800FB681B6842F400721A60012305E03B899F
:10543800DAB2FB681B681A61002318461837BD46A4
:1054480080BD00BF0200010080B588B002AFF860DF
:10545800084611461A4603467B810B463B81134694
:10546800FB80FB681B681A68FB681B6842F4806253
:105478001A60FB681B681A68FB681B6842F4807234
:105488001A607B6A00933B6A00224FF00111F868AA
:1054980000F06AF90346002B0DD0FB681B681B68F7
:1054A80003F48073B3F5807F03D1FB684FF4007277
:1054B8001A640323AAE07B89DBB21A46FB681B68DF
:1054C80002F0FE021A617B6A3A6A5249F86800F0F3
:1054D800C5F90346002B01D0012397E000237B6127
:1054E800FB681B685B697B61FB681B689B697B6168
:1054F8007B697A6A396AF86800F050FA0346002B2B
:105508000DD0FB681B6C042B07D1FB681B681A685D
:10551800FB681B6842F400721A60012376E0FB887E
:10552800012B05D13B89DAB2FB681B681A6121E0BF
:105538003B891B0A9BB2DAB2FB681B681A617A6A5C
:10554800396AF86800F02AFA0346002B0DD0FB6888
:105558001B6C042B07D1FB681B681A68FB681B6867
:1055680042F400721A60012350E03B89DAB2FB680A
:105578001B681A617A6A396AF86800F00FFA0346FC
:10558800002B0DD0FB681B6C042B07D1FB681B6834
:105598001A68FB681B6842F400721A60012335E040
:1055A800FB681B681A68FB681B6842F480721A6003
:1055B8007B6A00933B6A00224FF00111F86800F003
:1055C800D3F80346002B0DD0FB681B681B6803F457
:1055D8008073B3F5807F03D1FB684FF400721A64BF
:1055E800032313E07B89DBB243F00103DAB2FB68E3
:1055F8001B681A617B6A3A6A0649F86800F02EF956
:105608000346002B01D0012300E000231846183779
:10561800BD4680BD0200010080B586B000AF78604D
:105628000023FB607B689B6B7B617B6993F83D3053
:10563800FB744B4B1B68DB084A4AA2FB03231A0A7C
:1056480013469B001344DA00D31AFB60FB68002B57
:1056580006D17B691B6C43F020027B691A640AE05F
:10566800FB68013BFB607B691B681B6803F40073E4
:10567800B3F5007FEAD07B695B6B002B03D07B69B5
:105688005B6B0022DA637B699B6B002B03D07B6921
:105698009B6B0022DA637B691B681A687B691B684D
:1056A80022F480621A607B6900225A857B695B6BF1
:1056B800002B03D07B695B6B00221A657B699B6BAF
:1056C800002B03D07B699B6B00221A657B691B68E2
:1056D8001A687B691B6822F001021A607B6993F8DB
:1056E8003D30DBB2602B0ED17B69202283F83D2050
:1056F8007B69002283F83E207B6900221A6478695E
:10570800FEF771FC27E0FB7C03F02803282B17D158
:105718007B691B681A687B691B6842F001021A6082
:105728007B691B681A687B691B6842F480621A608F
:105738007B6900221A637B69282283F83D2007E0F1
:105748007B69202283F83D207B69002283F83E2074
:105758007869FEF73EFC00BF1837BD4680BD00BF24
:105768000000002089B5F81480B584B000AFF86057
:10577800B9603B601346FB7148E03B68B3F1FF3FFB
:1057880044D0FDF7CDF90246BB69D31A3A689A426C
:1057980002D33B68002B39D1BB681B0CDBB2012B51
:1057A8000DD1FB681B685B69DA43BB6813409BB289
:1057B800002B0CBF01230023DBB21A460CE0FB6868
:1057C8001B689B69DA43BB6813409BB2002B0CBF74
:1057D80001230023DBB21A46FB799A4216D1FB68F3
:1057E80000221A63FB68202283F83D20FB68002210
:1057F80083F83E20FB681B6C43F02002FB681A64A8
:10580800FB68002283F83C20012323E0BB681B0CC3
:10581800DBB2012B0DD1FB681B685B69DA43BB68FF
:1058280013409BB2002B0CBF01230023DBB21A46A6
:105838000CE0FB681B689B69DA43BB6813409BB2AA
:10584800002B0CBF01230023DBB21A46FB799A42D6
:1058580093D0002318461037BD4680BD80B584B06C
:1058680000AFF860B9607A603B6071E0FB681B6864
:105878005B6903F48063B3F5806F23D1FB681B6811
:105888001A68FB681B6842F400721A60FB681B68A0
:105898006FF480625A61FB6800221A63FB68202259
:1058A80083F83D20FB68002283F83E20FB681B6CD0
:1058B80043F00402FB681A64FB68002283F83C206A
:1058C800012367E07B68B3F1FF3F41D0FDF728F97A
:1058D80002463B68D31A7A689A4202D37B68002B47
:1058E80036D1BB681B0CDBB2012B0CD1FB681B68E3
:1058F8005B69DA43BB6813409BB2002B14BF0123DA
:105908000023DBB20BE0FB681B689B69DA43BB68CA
:1059180013409BB2002B14BF01230023DBB2002BE2
:1059280016D0FB6800221A63FB68202283F83D200A
:10593800FB68002283F83E20FB681B6C43F02002C2
:10594800FB681A64FB68002283F83C20012321E0ED
:10595800BB681B0CDBB2012B0CD1FB681B685B69B5
:10596800DA43BB6813409BB2002B14BF012300230A
:10597800DBB20BE0FB681B689B69DA43BB6813402A
:105988009BB2002B14BF01230023DBB2002B7FF452
:105998006DAF002318461037BD4680BD80B584B072
:1059A80000AFF860B9607A6034E0F86800F015F983
:1059B8000346002B01D0012334E0BB68B3F1FF3F5D
:1059C80028D0FDF7ADF802467B68D31ABA689A4228
:1059D80002D3BB68002B1DD1FB681B685B6903F011
:1059E8008003802B16D0FB6800221A63FB682022F4
:1059F80083F83D20FB68002283F83E20FB681B6C7F
:105A080043F02002FB681A64FB68002283F83C20FC
:105A1800012307E0FB681B685B6903F08003802BA8
:105A2800C3D1002318461037BD4680BD80B584B069
:105A380000AFF860B9607A6034E0F86800F0CDF83B
:105A48000346002B01D0012334E0BB68B3F1FF3FCC
:105A580028D0FDF765F802467B68D31ABA689A42DF
:105A680002D3BB68002B1DD1FB681B685B6903F080
:105A78000403042B16D0FB6800221A63FB6820225B
:105A880083F83D20FB68002283F83E20FB681B6CEE
:105A980043F02002FB681A64FB68002283F83C206C
:105AA800012307E0FB681B685B6903F00403042B10
:105AB800C3D1002318461037BD4680BD80B485B0D9
:105AC80000AF78600023FB60134B1B68DB08134AA8
:105AD800A2FB03231A0A13469B001344FB60FB68CE
:105AE800013BFB60FB68002B07D17B681B6C43F014
:105AF80020027B681A64012308E07B681B681B6826
:105B080003F40073B3F5007FE9D000231846143777
:105B1800BD465DF8047B70470000002089B5F81485
:105B280080B584B000AFF860B9607A6049E0FB687E
:105B38001B685B6903F01003102B19D1FB681B6805
:105B48006FF010025A61FB6800221A63FB6820227A
:105B580083F83D20FB68002283F83E20FB681A6C1E
:105B6800FB681A64FB68002283F83C20012330E0BC
:105B7800FCF7D6FF02467B68D31ABA689A4202D36A
:105B8800BB68002B1DD1FB681B685B6903F04003F1
:105B9800402B16D0FB6800221A63FB68202283F88A
:105BA8003D20FB68002283F83E20FB681B6C43F015
:105BB8002002FB681A64FB68002283F83C2001235A
:105BC80007E0FB681B685B6903F04003402BAED11C
:105BD800002318461037BD4680BD80B483B000AF9F
:105BE80078607B681B685B6903F48063B3F5806F3A
:105BF8001BD17B681B686FF480625A617B68002246
:105C08001A637B68202283F83D207B68002283F892
:105C18003E207B681B6C43F004027B681A647B6837
:105C2800002283F83C20012300E0002318460C37AB
:105C3800BD465DF8047B704780B483B000AF7860E0
:105C48007B68DB6AB3F52A0F03D17B680122DA622D
:105C580007E07B68DB6AB3F12A4F02D17B68082230
:105C6800DA6200BF0C37BD465DF8047B7047000060
:105C780080B586B000AF78607B68002B01D1012326
:105C880067E27B681B6803F00103002B75D0884B23
:105C98009B6803F00C03042B0CD0854B9B6803F026
:105CA8000C03082B12D1824B5B6803F48003B3F515
:105CB800800F0BD17E4B1B6803F40033002B5BD0A5
:105CC8007B685B68002B57D1012342E27B685B68E5
:105CD800B3F5803F06D1764B1B68754A43F4803391
:105CE80013601DE07B685B68B3F5A02F0CD1704B87
:105CF8001B686F4A43F4802313606D4B1B686C4A22
:105D080043F4803313600BE0694B1B68684A23F443
:105D180080331360664B1B68654A23F48023136045
:105D28007B685B68002B13D0FCF7FAFE386108E04B
:105D3800FCF7F6FE02463B69D31A642B01D903230C
:105D480007E25B4B1B6803F40033002BF0D014E030
:105D5800FCF7E6FE386108E0FCF7E2FE02463B6924
:105D6800D31A642B01D90323F3E1514B1B6803F4C5
:105D78000033002BF0D100E000BF7B681B6803F004
:105D88000203002B63D04A4B9B6803F00C03002BE3
:105D98000BD0474B9B6803F00C03082B1CD1444BDA
:105DA8005B6803F48003002B16D1414B1B6803F09A
:105DB8000203002B05D07B68DB68012B01D001238F
:105DC800C7E13B4B1B6823F0F8027B681B69DB00CB
:105DD800374913430B603AE07B68DB68002B20D01F
:105DE800344B01221A60FCF79BFE386108E0FCF78F
:105DF80097FE02463B69D31A022B01D90323A8E177
:105E08002B4B1B6803F00203002BF0D0284B1B68B8
:105E180023F0F8027B681B69DB00254913430B60FC
:105E280015E0244B00221A60FCF77AFE386108E07E
:105E3800FCF776FE02463B69D31A022B01D90323ED
:105E480087E11B4B1B6803F00203002BF0D17B6832
:105E58001B6803F00803002B36D07B685B69002BB6
:105E680016D0154B01221A60FCF75AFE386108E07B
:105E7800FCF756FE02463B69D31A022B01D90323CD
:105E880067E10B4B5B6F03F00203002BF0D01BE0C4
:105E9800094B00221A60FCF743FE38610EE0FCF75C
:105EA8003FFE02463B69D31A022B07D9032350E170
:105EB8000038024000004742800E4742884B5B6F23
:105EC80003F00203002BEAD17B681B6803F004038C
:105ED800002B00F097800023FB75814B1B6C03F0AF
:105EE8008053002B0FD10023BB607D4B1B6C7C4A79
:105EF80043F0805313647A4B1B6C03F08053BB60F0
:105F0800BB680123FB75774B1B6803F48073002B78
:105F180018D1744B1B68734A43F480731360FCF701
:105F2800FFFD386108E0FCF7FBFD02463B69D31A28
:105F3800022B01D903230CE16A4B1B6803F480731D
:105F4800002BF0D07B689B68012B06D1644B1B6F3C
:105F5800634A43F0010313671CE07B689B68052BC9
:105F68000CD15F4B1B6F5E4A43F0040313675C4B15
:105F78001B6F5B4A43F0010313670BE0584B1B6F21
:105F8800574A23F001031367554B1B6F544A23F0FC
:105F9800040313677B689B68002B15D0FCF7C0FDD2
:105FA80038610AE0FCF7BCFD02463B69D31A41F2AE
:105FB8008832934201D90323CBE0494B1B6F03F08E
:105FC8000203002BEED014E0FCF7AAFD38610AE0CA
:105FD800FCF7A6FD02463B69D31A41F28832934288
:105FE80001D90323B5E03E4B1B6F03F00203002BDE
:105FF800EED1FB7D012B05D1394B1B6C384A23F0C0
:10600800805313647B689B69002B00F0A180344B9C
:106018009B6803F00C03082B5CD07B689B69022B00
:1060280041D1314B00221A60FCF77AFD386108E053
:10603800FCF776FD02463B69D31A022B01D90323EC
:1060480087E0274B1B6803F00073002BF0D17B68B7
:10605800DA697B681B6A1A437B685B6A9B011A438F
:106068007B689B6A5B08013B1B041A437B68DB6AFD
:106078001B061B4913434B601B4B01221A60FCF79C
:106088004FFD386108E0FCF74BFD02463B69D31A27
:10609800022B01D903235CE0114B1B6803F000734A
:1060A800002BF0D054E0104B00221A60FCF738FDAA
:1060B800386108E0FCF734FD02463B69D31A022B2D
:1060C80001D9032345E0064B1B6803F00073002B3E
:1060D800F0D13DE07B689B69012B07D1012338E0B3
:1060E8000038024000700040600047421B4B5B686C
:1060F800FB607B689B69012B28D0FB6803F4800256
:106108007B68DB699A4221D1FB6803F03F027B6818
:106118001B6A9A421AD1FA6847F6C07313407A6824
:10612800526A9201934211D1FB6803F440327B68B2
:106138009B6A5B08013B1B049A4207D1FB6803F08A
:1061480070627B68DB6A1B069A4201D0012300E07B
:10615800002318461837BD4680BD00BF00380240EE
:1061680080B584B000AF786039607B68002B01D1BE
:106178000123CCE0684B1B6803F007033A689A4296
:106188000CD9654B3A68D2B21A70634B1B6803F09E
:1061980007033A689A4201D00123B8E07B681B687C
:1061A80003F00203002B20D07B681B6803F0040374
:1061B800002B05D0594B9B68584A43F4E053936031
:1061C8007B681B6803F00803002B05D0534B9B68C2
:1061D800524A43F460439360504B9B6823F0F002AB
:1061E8007B689B684D4913438B607B681B6803F091
:1061F8000103002B44D07B685B68012B07D1474B18
:106208001B6803F40033002B19D101237FE07B685E
:106218005B68022B03D07B685B68032B07D13F4B7D
:106228001B6803F00073002B09D101236FE03B4B7F
:106238001B6803F00203002B01D1012367E0374BF1
:106248009B6823F003027B685B68344913438B60C7
:10625800FCF766FCF8600AE0FCF762FC0246FB68A3
:10626800D31A41F28832934201D903234FE02B4BD2
:106278009B6803F00C027B685B689B009A42EBD139
:10628800254B1B6803F007033A689A420CD2224B4D
:106298003A68D2B21A70204B1B6803F007033A68B9
:1062A8009A4201D0012332E07B681B6803F00403A3
:1062B800002B08D0194B9B6823F4E0527B68DB68FD
:1062C800164913438B607B681B6803F00803002B97
:1062D80009D0124B9B6823F460427B681B69DB0082
:1062E8000E4913438B6000F021F802460B4B9B6864
:1062F8001B0903F00F030A49CB5C22FA03F3094A8E
:106308001360094B1B681846FCF7C6FB00231846A8
:106318001037BD4680BD00BF003C02400038024037
:10632800B46F000800000020040000202DE9B04FE1
:1063380094B000AF00237B640023FB6400233B641C
:106348000023BB64794B9B6803F00C03082B0DD02A
:10635800082B00F2E180002B02D0042B03D0DBE0F5
:10636800734BBB64DBE0724BBB64D8E06F4B5B687C
:1063780003F03F037B646D4B5B6803F48003002BE1
:1063880063D06A4B5B689B090022BB63FA63BB6BF3
:10639800C3F308033B6300237B63D7E90C4522461C
:1063A8002B464FF000004FF00001590141EAD2613D
:1063B800500102460B462146511A3961294663EBC2
:1063C80001037B614FF000024FF00003D7E904ABF3
:1063D80059468B01514643EA916351468A01514619
:1063E800B2EB0108594663EB01094FF000024FF088
:1063F80000034FEAC90343EA58734FEAC8029046BC
:106408009946234618EB0303BB602B4649EB03036D
:10641800FB604FF000024FF00003D7E90245294620
:106428008B02214643EA915321468A0210461946B7
:106438007B6C0022BB62FA62D7E90A23F9F7C8FE2F
:1064480002460B461346FB6458E0384B5B689B09D1
:10645800002218461146C0F308033B6200237B6202
:10646800D7E9088942464B464FF000004FF000013B
:10647800590141EAD261500102460B464146B2EB4E
:10648800010A494663EB010B4FF000024FF000038D
:106498004FEA8B1343EA9A634FEA8A12B2EB0A0473
:1064A80063EB0B054FF000024FF00003EB0043EAEB
:1064B8005473E20014461D464346E3183B604B46BE
:1064C80045EB03037B604FF000024FF00003D7E970
:1064D800004529468B02214643EA915321468A0208
:1064E800104619467B6C0022BB61FA61D7E9062386
:1064F800F9F76EFE02460B461346FB640B4B5B68CE
:106508001B0C03F0030301335B003B64FA6C3B6C28
:10651800B2FBF3F3BB6402E0054BBB6400BFBB6C8A
:1065280018465037BD46BDE8B08F00BF003802405E
:106538000024F40080B400AF034B1B681846BD4626
:106548005DF8047B704700BF0000002080B500AFF5
:10655800FFF7F0FF0246054B9B689B0A03F0070311
:106568000349CB5C22FA03F3184680BD0038024089
:10657800C46F0008002310B50446C0E90033C0E921
:106588000433836081814366C2818361194608228E
:106598005C3000F0E7F90D4B63620D4BA3620D4BC5
:1065A800E3620D4B23630D4B24629C4206D003F13A
:1065B8006802944202D0D0339C4205D104F15800BD
:1065C800BDE8104000F046BA10BD00BFC167000822
:1065D800E36700081B68000841680008DC10002019
:1065E800024A0349034800F06BB800BF0C000020C2
:1065F800756D00081C00002041680C4B994210B5CD
:10660800044601D000F0B2FBA168094B994202D0C0
:10661800204600F0ABFBE168064B994204D02046C7
:10662800BDE8104000F0A2BB10BD00BFDC10002088
:1066380044110020AC1100200C4B0D4A0D4810B538
:1066480004211A600022FFF795FF0A4B01221C461D
:10665800092103F16800FFF78DFF04F1D000022241
:10666800BDE810401221FFF785BF00BF14120020BB
:10667800E9650008DC100020014800F0ECB900BF13
:106688001D120020014800F0E7B900BF1D120020CC
:1066980010B50446FFF7F0FF236A1BB1BDE81040B0
:1066A800FFF7F0BF044B2362044B1B68002BF5D1A6
:1066B800FFF7C2FFF2E700BF0166000814120020CE
:1066C8002DE9F8430746884614460026D4E9019583
:1066D800B9F1010905D52468002CF7D13046BDE889
:1066E800F883AB89012B07D9B5F90E30013303D0F4
:1066F80029463846C04706436835E9E7036A70B556
:10670800846805460E460BB9FFF7C2FF636EDB07C8
:1067180005D4A389980502D4A06D00F09CF9A3893B
:10672800190702D52369002B35D12146284600F0E8
:10673800C5F880B34FF0FF35636EDA0705D4A38937
:106748009B0502D4A06D00F087F9284670BD002B88
:1067580004DAA269934217DB0A2915D023685A1C68
:1067680022601970A36816F8011F013BA360002975
:10677800EDD1002B11DA22460A21284600F060F8F4
:106788000130D7D00A25D7E72246284600F058F826
:106798000130E7D1CEE7013EE4E723685A1C2260C6
:1067A8000A221A70EEE70000024B01461868FFF74C
:1067B800A5BF00BF1800002010B50C46B1F90E1097
:1067C80000F0FAF80028ABBF636DA3891B1823F407
:1067D8008053ACBF6365A38110BD2DE9F0411F460E
:1067E8008B89DB0505460C46164605D5B1F90E1012
:1067F8000223002200F0CEF8A389B4F90E1023F486
:106808008053A38132463B462846BDE8F04100F05C
:10681800E5B810B50C46B1F90E1000F0BBF8B4F9A4
:106828000C30421C0BBF23F4805343F48053A381E4
:10683800A38118BF606510BDB1F90E1000F09AB8B9
:10684800F8B50E461446054618B1036A0BB9FFF7AA
:106858001FFFA369A360A3891A0701D5236943B958
:106868002146284600F02AF818B14FF0FF3738467D
:10687800F8BD23682269981A6369F6B283423746DD
:1068880005DC2146284600F071FA0028EDD1A368FE
:10689800013BA36023685A1C22601E706269431C76
:1068A8009A4204D0A389DB07E1D50A2EDFD121461D
:1068B800284600F05BFA0028D9D0D6E738B5284B2F
:1068C800054618680C4618B1036A0BB9FFF7E0FED5
:1068D800B4F90C301A0721D4D80607D409222A6043
:1068E80043F04003A3814FF0FF3030E0590712D541
:1068F800616B41B104F14403994202D0284600F08B
:10690800BBF8002363630022B4F90C30626022698B
:10691800226023F0240343F00803A38122693AB9D3
:106928009A0501D5180603D52146284600F06AFACB
:10693800B4F90C3013F001020AD00022A260626997
:106948005242A261226942B913F08000C8D138BD11
:10695800990758BF6269A260F4E70020F7E700BF13
:106968001800002002440346934200D1704703F800
:10697800011BF9E738B5064D0023044608462B608D
:10698800FAF7EBF8431C02D12B6803B1236038BD3A
:106998001812002038B5074D044608461146002253
:1069A8002A601A46FAF700F9431C02D12B6803B192
:1069B800236038BD1812002038B5074D0446084634
:1069C800114600222A601A46FAF78EF8431C02D1B3
:1069D8002B6803B1236038BD1812002038B5074D65
:1069E80004460846114600222A601A46FAF799F822
:1069F800431C02D12B6803B1236038BD1812002054
:106A0800014B1868704700BF1800002070B50D4B87
:106A18000D4D5B1B9C100026A64209D100F05EFAC2
:106A28000A4D0B4B5B1B9C100026A64205D170BD7E
:106A380055F8043B98470136EEE755F8043B98476C
:106A48000136F2E7D0C60108D0C60108D0C6010851
:106A5800D4C601087047704770470A44914200F154
:106A6800FF3300D1704710B511F8014B03F8014FFF
:106A78009142F9D110BD000038B50546002941D032
:106A880051F8043C0C1F002BB8BFE41800F0E0F8E4
:106A98001D4A136833B9636014602846BDE838405E
:106AA80000F0DCB8A34208D9206821188B4201BF46
:106AB80019685B6809182160EDE71A465B680BB135
:106AC800A342FAD911685018A0420BD1206801449A
:106AD800501883421160E0D118685B68536008441D
:106AE8001060DAE702D90C232B60D6E7206821185A
:106AF8008B4204BF19685B68636004BF0918216092
:106B08005460CAE738BD00BF2412002070B50F4E8C
:106B18000C463168054611B900F0D0F930602146BD
:106B2800284600F0CBF9431C03D14FF0FF34204630
:106B380070BDC41C24F00304A042F8D0211A2846D2
:106B480000F0BCF90130F2D1EFE700BF20120020BD
:106B58002DE9F843CD1C25F0030508350C2D38BF69
:106B68000C25002D064601DBA94204D90C2333600D
:106B78000020BDE8F883DFF8D48000F069F8D8F881
:106B880000301C4644BB29463046FFF7BFFF431C74
:106B9800044658D1D8F800402746002F43D1002C8E
:106BA8004BD023683946304604EB030900F086F9D8
:106BB800814542D121686D1A29463046FFF7A6FF64
:106BC80001303AD023682B442360D8F800305A6843
:106BD80062BBC8F800700FE02268521B20D40B2A51
:106BE80017D96119A342256018BF5960636808BFA7
:106BF800C8F8001062514B60304600F02FF804F1DD
:106C08000B00231D20F00700C21A1CBF1B1AA3503B
:106C1800AFE76268A3420CBFC8F800205A60EBE7F0
:106C280023466468AEE73C467F68B6E71A465B6869
:106C3800A342FBD100235360DEE70C2333603046C8
:106C480000F00CF894E70560D6E700BF2412002096
:106C58000148FFF700BF00BF1C1200200148FFF7E2
:106C6800FBBE00BF1C120020B1F90C202DE9F04139
:106C7800160705460C4651D44B68002B02DC0B6CFA
:106C8800002B49DDE66A002E46D0002312F480521C
:106C98002F682B6031D0626DA389590705D56368C9
:106CA800D21A636B0BB1236CD21A0023E66A216AED
:106CB8002846B047421CB4F90C3006D129681D2972
:106CC80046D8294ACA40D60742D500226260D9046C
:106CD8002269226004D5421C01D12B6803B9606582
:106CE800616B2F60C1B104F14403994202D0284678
:106CF800FFF7C2FE002363630EE0216A01232846E2
:106D0800B0470246501CC7D12B68002BC4D01D2B9E
:106D180001D0162B1AD12F6000201EE00F69002F1A
:106D2800FAD093070E6808BF4B690F6018BF00239D
:106D3800A6EB07088B60B8F1000FEDDD216AA66AA3
:106D480043463A462846B047002808DCB4F90C30D8
:106D580043F04003A3814FF0FF30BDE8F0810744C2
:106D6800A8EB0008E7E700BF0100402038B50B6931
:106D780005460C4613B90025284638BD18B1036AE4
:106D88000BB9FFF785FCB4F90C30002BF3D0626E19
:106D9800D00704D4990502D4A06DFFF75CFE2846FD
:106DA8002146FFF761FF636EDA070546E4D4A3893D
:106DB8009B05E1D4A06DFFF74FFEDDE770B50C46EB
:106DC800B1F90E10002996B015461E460ADAA189B7
:106DD80011F0800113D14FF48062002031602A60E5
:106DE80016B070BD6A4600F047F80028EFDB01993D
:106DF80001F47041A1F5005359425941EBE70021D4
:106E08004022EAE78B8973B59E0705460C4607D5ED
:106E180004F14703236023610123636102B070BD5D
:106E280001AB6A46FFF7CAFF009E28463146FFF7C6
:106E38008FFEB4F90C3038B99A05EFD423F0030368
:106E480043F00203A381E3E743F08003A381019B9E
:106E58002060C4E90406002BE0D0B4F90E102846DF
:106E680000F01CF80028D9D0A38923F0030343F0CD
:106E78000103A381D2E7000038B5074D002304467B
:106E8800084611462B60F9F774FE431C02D12B68A3
:106E980003B1236038BD00BF1812002038B5064D75
:106EA8000023044608462B60F9F773FE431C02D101
:106EB8002B6803B1236038BD1812002038B5064D81
:106EC8000023044608462B60F9F77CFE431C02D1D8
:106ED8002B6803B1236038BD18120020F8B500BF35
:106EE800F8BC08BC9E467047F8B500BFF8BC08BCA3
:046EF8009E467047FB
:106EFC0053656E736F72206E6F7420666F756E645F
:106F0C002120436865636B205042382F5042392052
:106F1C00776972696E672E004C6F6164696E6720C9
:106F2C006669726D776172652E2E2E20706C6561AC
:106F3C00736520776169742E000000000F04040053
:106F4C00081010070000000F030101E40F040417E0
:106F5C000810100700780008000000080700000067
:106F6C000000000000000000000000C00D00000048
:106F7C00C000B4544000C0540401D0540404D05593
:106F8C0001047CCF0404BCCF0204BCD202043CD369
:106F9C0001043CD401047CD4C00850CC0000000097
:106FAC000000000F000200080000000000000000BC
:106FBC000102030406070809000000000102030493
:106FCC00E0040768E0040F28E0040968E0641AA8EC
:106FDC00E0040EE8E0040EE8E0040EE8E0040EE83D
:106FEC00E0643E28E06801E8E06804E8E0680B280B
:106FFC00E0681408E0682708E0682AE8E0682E6872
:10700C00E0683548E0683868E0040E48E0040E2873
:10701C00E0040E08E0040DE8E0040DC8E0040DA83F
:10702C000000000000000000000000000000000054
:10703C000000000000000000000000000000000044
:10704C000000000000000000000000000000000034
:10705C000000000000000000000000000000000024
:10706C000000000000000000000000000000000014
:10707C000000000000000000000000000000000004
:10708C0000000000000000000000000000000000F4
:10709C0000000000000000000000000000000000E4
:1070AC0000000000000000000000000000000000D4
:1070BC0000000000000000000000000000000000C4
:1070CC0000000000000000000000000000000000B4
:1070DC0000000000000000000000000000000000A4
:1070EC000000000000000000000000000000000094
:1070FC000000000000000000000000000000000084
:10710C000000000000000000000000000000000073
:10711C000000000000000000000000000000000063
:10712C000000000000000000000000000000000053
:10713C000000000000000000000000000000000043
:10714C000000000000000000000000000000000033
:10715C000000000000000000000000000000000023
:10716C000000000000000000000000000000000013
:10717C000000000000000000000000000000000003
:10718C0000000000000000000000000000000000F3
:10719C0000000000000000000000000000000000E3
:1071AC0000000000000000000000000000000000D3
:1071BC0000000000000000000000000000000000C3
:1071CC0000000000000000000000000000000000B3
:1071DC0000000000000000000000000000000000A3
:1071EC000000000000000000000000000000000093
:1071FC000000000000000000000000000000000083
:10720C000000000000000000000000000000000072
:10721C000000000000000000000000000000000062
:10722C000000000000000000000000000000000052
:10723C000000000000000000000000000000000042
:10724C000000000000000000000000000000000032
:10725C000000000000000000000000000000000022
:10726C000000000000000000000000000000000012
:10727C000000000000000000000000000000000002
:10728C0000000000000000000000000000000000F2
:10729C0000000000000000000000000000000000E2
:1072AC0000000000000000000000000000000000D2
:1072BC0000000000000000000000000000000000C2
:1072CC0000000000000000000000000000000000B2
:1072DC0000000000000000000000000000000000A2
:1072EC000000000000000000000000000000000092
:1072FC000000000000000000000000000000000082
:10730C000000000000000000000000000000000071
:10731C000000000000000000000000000000000061
:10732C000000000000000000000000000000000051
:10733C000000000000000000000000000000000041
:10734C000000000000000000000000000000000031
:10735C000000000000000000000000000000000021
:10736C000000000000000000000000000000000011
:10737C000000000000000000000000000000000001
:10738C0000000000000000000000000000000000F1
:10739C0000000000000000000000000000000000E1
:1073AC0000000000000000000000000000000000D1
:1073BC0000000000000000000000000000000000C1
:1073CC0000000000000000000000000000000000B1
:1073DC0000000000000000000000000000000000A1
:1073EC000000000000000000000000000000000091
:1073FC000000000000000000000000000000000081
:10740C000000000000000000000000000000000070
:10741C000000000000000000000000000000000060
:10742C000000000000000000000000000000000050
:10743C000000000000000000000000000000000040
:10744C000000000000000000000000000000000030
:10745C000000000000000000000000000000000020
:10746C000000000000000000000000000000000010
:10747C000000000000000000000000000000000000
:10748C0000000000000000000000000000000000F0
:10749C0000000000000000000000000000000000E0
:1074AC0000000000000000000000000000000000D0
:1074BC0000000000000000000000000000000000C0
:1074CC0000000000000000000000000000000000B0
:1074DC0000000000000000000000000000000000A0
:1074EC000000000000000000000000000000000090
:1074FC000000000000000000000000000000000080
:10750C00000000000000000000000000000000006F
:10751C00000000000000000000000000000000005F
:10752C00000000000000000000000000000000004F
:10753C00000000000000000000000000000000003F
:10754C00000000000000000000000000000000002F
:10755C00000000000000000000000000000000001F
:10756C00000000000000000000000000000000000F
:10757C0000000000000000000000000000000000FF
:10758C0000000000000000000000000000000000EF
:10759C0000000000000000000000000000000000DF
:1075AC0000000000000000000000000000000000CF
:1075BC0000000000000000000000000000000000BF
:1075CC0000000000000000000000000000000000AF
:1075DC00000000000000000000000000000000009F
:1075EC00000000000000000000000000000000008F
:1075FC00000000000000000000000000000000007F
:10760C00000000000000000000000000000000006E
:10761C00000000000000000000000000000000005E
:10762C00000000000000000000000000000000004E
:10763C00000000000000000000000000000000003E
:10764C00000000000000000000000000000000002E
:10765C00000000000000000000000000000000001E
:10766C00000000000000000000000000000000000E
:10767C0000000000000000000000000000000000FE
:10768C0000000000000000000000000000000000EE
:10769C0000000000000000000000000000000000DE
:1076AC0000000000000000000000000000000000CE
:1076BC0000000000000000000000000000000000BE
:1076CC0000000000000000000000000000000000AE
:1076DC00000000000000000000000000000000009E
:1076EC00000000000000000000000000000000008E
:1076FC00000000000000000000000000000000007E
:10770C00000000000000000000000000000000006D
:10771C00000000000000000000000000000000005D
:10772C00000000000000000000000000000000004D
:10773C00000000000000000000000000000000003D
:10774C00000000000000000000000000000000002D
:10775C00000000000000000000000000000000001D
:10776C00000000000000000000000000000000000D
:10777C0000000000000000000000000000000000FD
:10778C0000000000000000000000000000000000ED
:10779C0000000000000000000000000000000000DD
:1077AC0000000000000000000000000000000000CD
:1077BC0000000000000000000000000000000000BD
:1077CC0000000000000000000000000000000000AD
:1077DC00000000000000000000000000000000009D
:1077EC00000000000000000000000000000000008D
:1077FC00000000000000000000000000000000007D
:10780C00000000000000000000000000000000006C
:10781C00000000000000000000000000000000005C
:10782C00000000000000000000000000000000004C
:10783C00000000000000000000000000000000003C
:10784C00000000000000000000000000000000002C
:10785C00000000000000000000000000000000001C
:10786C00000000000000000000000000000000000C
:10787C0000000000000000000000000000000000FC
:10788C0000000000000000000000000000000000EC
:10789C0000000000000000000000000000000000DC
:1078AC000000000000000000C1C30000F802000648
:1078BC00C1C381011E06A10B1A0681009923E100A8
:1078CC0097B397E3062C97730634E2C0062CFC8022
:1078DC00C183E340E2C0061CFC980634FC9C0634D1
:1078EC00E340061C6938C183C143E800C1C381056C
:1078FC00E100000CFA045E65EC100CF0F41C5E6008
:10790C00BC6E8861FF8407FC9A14D804E4300460D0
:10791C00FC124C06E0D04C4AC1C38215C1C3C1C392
:10792C00F804170C81938183E2C00C2C1C8CD1675A
:10793C00E36BE404E56B8E058060118812D8E76B6D
:10794C00E96B8060EB6B8AC5806014081858ED6B8E
:10795C00F16B8060806015281678F36BF56B806096
:10796C00F76B8AC5F96B8C05FB6B8C450C0A8A4549
:10797C008A65E4B4E4B80C0A187884454006E060E3
:10798C00404AFC1280D5E0D0C1C3C1C31F0CC1C397
:10799C000FFCF004BCF4F784C153FD64E080000CD0
:1079AC00E080000CE080000CE080000CE080000C1B
:1079BC00E080000CE080000CE080000CE080000C0B
:1079CC00E080000CE080000CE080000CC1C3C143DF
:1079DC00C1C3C153FAFC040C600006DA0A20A10BE7
:1079EC00183064000E24E400020A37800C06800074
:1079FC00083420000A70B7805842A4048161329880
:107A0C00212BAA45060A8CBB0C1000000400E400D4
:107A1C00181A6400A825E0000804A11D0E14578054
:107A2C001006D780044040000854C4044C72768081
:107A3C0010C4D2A0144076800E64A4801224F68068
:107A4C00A16B76803C0154808C8B400004800890A4
:107A5C00DC004870849B28A3EC040EA09EE5A07D5E
:107A6C00964B217B0E8A86450E9AE50000064480D3
:107A7C0016A0800008542C84C000289C20010E4ABB
:107A8C000054400000C4A8ACC000289D0F9C1454A6
:107A9C004002885B80CB99A861840084E1840894BF
:107AAC00128401CB324FE0FCE4041C704B0A01A1A0
:107ABC0058DA841094BB64006D84401A1C70C61F85
:107ACC0000C424080E54A084085421FC4002A08455
:107ADC00A1EB399C3C005800BC004A401D5A08C51B
:107AEC000EE0E0040DCBEC04E1FC00A44B0A42B721
:107AFC0058FA840808C4641810A4E0FC400A608496
:107B0C0020BFED8C005490AB14846184280F9C80B2
:107B1C009194482213B04A624C50C3C7805B1C003E
:107B2C0027F04ED89C004440960B211D578004A48E
:107B3C00D78002B440000606C4040420528C4212C2
:107B4C004010946B4C205C00801BDC000C0C8C0BEC
:107B5C00DD93F2FC8C1B7FC5806B7FA5967B73E558
:107B6C00FA3C040C81C1210B0000020AA085986B21
:107B7C0076800A140824A12B060A76800C04800057
:107B8C00988B7680061A1EC51834E000A11B7680EF
:107B9C00A4800E403C014EC00860C00048500480D8
:107BAC00A873DC00EC040A709AC5A05D90CB215B35
:107BBC000A8A86450A9AE5000806448010708000FF
:107BCC000A4A2C84C0002000289508340C2440005C
:107BDC0008248F94182428A0C0002894199848428F
:107BEC00883B982B61840814E0FC0C146184180405
:107BFC002CCF893BE41046DA0430450AE4041250D9
:107C0C006D84401A125081C10C2424080834A1FC44
:107C1C000A2420844842A084A19B39983C00464009
:107C2C00BC004450135A186B88C5E004EC040E9049
:107C3C0046FA033B450AE4040A2404001034E184A8
:107C4C00C26760FC60841CC4ED8C400A61840834FB
:107C5C0010C4B05F9CCB61FC5002306F4412918811
:107C6C00883B138C1C00422040808A2B18E41C009B
:107C7C004FD89C80180BA7EC0C0C8C1BDD93F23CA2
:107C8C00826B00CB75F5FF95C1C3905BFAFC040CBD
:107C9C00808B210B0000020A046B829B80E5867BA3
:107CAC00060AA12B400A800080E5E59C841B8121FB
:107CBC000C0C840BDD93F2FC6800418800BB841B28
:107CCC0002AB900B41188E1B007BE80040D8920B46
:107CDC008C1B680044B2813142A2F08C8623F29C4A
:107CEC0042127D85C1C3F280E6864A0EE706580E25
:107CFC006606460EE1C008546786440EE0C000C418
:107D0C0002C460578A03E1C0F29042125D9386036D
:107D1C00F2884212E50004CAC17C0214DC00401057
:107D2C00848004CACC800420C9080014C17C0214CD
:107D3C008000045AAD880614200106060004C00019
:107D4C000214898840028908DD93998CE50004CAE5
:107D5C00C0000206C0000006848004CACC80042047
:107D6C00C9880014C00002068000045AAD880614AD
:107D7C00200106060004C00002148988400289888C
:107D8C00DD93998C8141610B06148A25E11B768069
:107D9C0076800404088581410630A43304046C0405
:107DAC00A03DE184A13B86E5C88C02146404183024
:107DBC00E408431A24081830A08402140AC021CB0A
:107DCC00195AEC048245E004C247401D1C8008444B
:107DDC009184400227FC4A985D93C3177FE5880B7A
:107DEC007D55804BC1C3883BFA00040C8111006B9C
:107DFC00E8045068E19841C600158004A11BE03CE2
:107E0C00DC384208680457E8C1C38C0BFA04047CC4
:107E1C00746D060E08CEC010C010746D8825893D97
:107E2C00CD14CD04050ACD244A00E0808425F00C45
:107E3C00E4000A3A6001009804208000C116EC04AA
:107E4C00F80C004A0420FE65E92DEC10FE85C11EDD
:107E5C00E00404CA8000454845C8C116FBF587FC00
:107E6C00E194008661910286801EC00081119B0105
:107E7C0081318121E8044AA88C45A10B7469468E96
:107E8C00080EC010C010746D8A45893DCD14CD0408
:107E9C00050ACD244A00E0808625F00CF00C4C102D
:107EAC00E4184A5AE4000A3AA0000128600100A82C
:107EBC00C5508000EC040420004AC156FE45F80C65
:107ECC000420C554E92DEC10FE65C15EE00404CA23
:107EDC0080004588C156C55087FC45880706FB6560
:107EEC0008F0E1908C4EE430E19C0D86E19C0F860D
:107EFC0082458F6D023AD9140068E400800060015D
:107F0C00FC3842088161FF650186E16B4C08E19CFD
:107F1C008B04DC38FE248914E8687128E19C0D86FA
:107F2C00E19C0F8682458F6D023AD9140068E400FB
:107F3C0080006001FC3842087578FF650C7CEFFC12
:107F4C00DD93F2048055A11B0A0083114006E55015
:107F5C00404AFC12D7F4E0D0C1C382B5C1C3C1C33F
:107F6C00F4040B3FF4040B2FF4040B1FF4040B0F5D
:107F7C000A508135405AEC404406E0BC446ABC22AD
:107F8C00404AA090C0002089ED88401A2001019839
:107F9C000AFFC000C1C3F404C1C3C1C3F4040BF590
:107FAC00F4040BE5F4040BD5F4040BC5F4040BB585
:107FBC00F4040BA5F4040B95F4040B850AFF81550E
:107FCC000A50F404D7E4EC80D7B4D7D4D794D7A410
:107FDC00D774D784820B9464FA005C08E100000C1F
:107FEC00F83C044CE440048A212B80A58215803B8C
:107FFC00461281F5064AF98082B5F80C0420803BC4
:10800C00044AEC04C548E4004588CD460C4C87FC7A
:10801C00DD93F03C6C400A204927E1C104208ACF53
:10802C0006C06C04044AE440481264000033F08C2F
:10803C000275806B0285F0100295F80C02A5F80809
:10804C004C75F8044C85F0104C95F80C4CA5F808C0
:10805C004408F804445287F8E92DF1B00A208695BB
:10806C00C5276C1061880E54EC040C206404187045
:10807C00E4000C4A047444C74242E088867B70B02A
:10808C00DD8ED18487FC4D8871884452A12B9833A6
:10809C00F7E5ECF5881B212BF7A5EC75E100000C3E
:1080AC00F804040C780C000A8225803B94A5A12BC3
:1080BC0004204D16064AEC04FE25F80C9095E92D8B
:1080CC007A800814E440048AE0A00A440854A85FAB
:1080DC0006F5E0C00C24AA4F0A20619061C1EC4067
:1080EC00EC040C600C4A0ACF4E32E400862B70B0C4
:1080FC00E4400670F0104445F80C4445F80844453B
:10810C00F804444587FC4C08F1B044528695E92D9F
:10811C00F9C107514A52A4530453FAB0EC1004208D
:10812C000E2408514557E188E40418706C040C5077
:10813C00E0880A7464000C4ADD4E867B87FC4DC8CF
:10814C00AA2344C7A12B983304208205044AEC04CB
:10815C00CD16E40087FC45C8F0040C0CC1C3DD93BC
:10816C00FE7C040C044A007B4072E0101EF07988FF
:10817C00000CED20001A6200110EF80C1B0E828B05
:10818C00200100265E05C00040002035233EEF8D07
:10819C005E17A40B9D2EE0FC2388A10E0024C000CA
:1081AC00C41B6188C03B7D417A104212FA104632E2
:1081BC008413003382113E1E82317C3E0020191E36
:1081CC00973EEC040084FE0EAF8B6184540A158E2E
:1081DC002EA5E68A00808EA3108A6C04400AE4A4C3
:1081EC005672E68A40707080A2B5DC0000840FBE27
:1081FC0023B4E18CE68A4C0A60840064F0985072D7
:10820C008E030D0E8E0B0B0E5608901B138EFC3826
:10821C000B84809B901B900BFC385608829DFF11A1
:10822C00A00D82850E0B84D5A324901BFC3844082A
:10823C008E0B210D81C582858275A10D901B0E0BB5
:10824C004408A324210DFC3880458E0B930E900B13
:10825C0050A22C0B2364F198F09856A2900B0B0EA5
:10826C004C08941B009BFC3809BE940B4C08961BC5
:10827C00FF11FC3882A5829D84D5A00D900B09645A
:10828C008C1BA324FC38440801D5A10D9C00506024
:10829C008255A10D900B09A4941BA324FC3844080F
:1082AC008055A10D8FB490AB8D148B949693A364D1
:1082BC00718440B28D0E921BFC384C08920B008BD3
:1082CC004C08961BFF11FC3882C5828DA00D1584BD
:1082DC000D648615A324961B44088C0BA10DFC3849
:1082EC004CB001E515849C008275A10D961B0D64A4
:1082FC008C0BA324FC3844088095A10D8CBB013554
:10830C00930492BB941B23644C08930E009BFC3883
:10831C00961B940BFC384C08829DFF11A00D828596
:10832C0013A484D5A324961B4408940BA10DFC38EC
:10833C0081D582A58275A10D961B13648C0BA32489
:10834C00FC3844085660A10D96AB9C00002A9B0497
:10835C000118E00080004001E0FC1E071714843572
:10836C00024A8E0B8024E400C13EA8344308E92E57
:10837C00830587FCA8149C04A80E9C1E191481B5B7
:10838C00024A8E0B8028E400C136A8384308E9263F
:10839C001D1487FCEC040080500A816140726686D3
:1083AC001B0EF0840E8380AB90BB809B8CD5D6AD1E
:1083BC008E1B140B4408A324A00DFC38A10B8AF5CA
:1083CC009D049205A10B8DB5C0401E05012888D5D2
:1083DC0080004001E0FC1E0717248455961B900B6F
:1083EC00E400044A80448434C13EC54E87FC4508F1
:1083FC00AC048315AC1EA01481C5A00E960B1924D9
:10840C00044A901B8038E400C14684484508C536B0
:10841C00210487FC80838361D6AD80B3160B94F561
:10842C00A3248E1BFC384408F2C5A10D400103980F
:10843C001E0780008E35E0FC960B1724044A941B13
:10844C008434E400C54E80444508C13E878587FCD2
:10845C00400101281E0780008455E0FC940B172472
:10846C00044A921B8434E400C54E80444508C13E46
:10847C00831587FCA814A404A80EA41E192481C576
:10848C00941B920BE400044A84488038C536C146DC
:10849C0087FC450883611D0471958093A80480A313
:1084AC00A81EAC1481C5AC0E940B1924044A961B5F
:1084BC008038E400C14684484508C5361D0487FC55
:1084CC00210483616F3580A31D1480B39504A16BC7
:1084DC00E686400A00000E88F0805872719C429229
:1084EC00F1A440A2922B011D44A00E3B46909C008F
:1084FC0048229C00A14BF18C1E078A2542A260FCED
:10850C008455F190FD3145474422C82B8E3B7A0CA3
:10851C0082218823E400044A84548C44C54ECD5EE9
:10852C0087FC450808308335FD516C0482212443B7
:10853C00FA14484226238823044A8E3B8C48E400D4
:10854C00CD5684584508C5461D2487FCF1A042C26F
:10855C00F1AC52824492A413A12BFB841E078C45D0
:10856C0084B5E0FC61880224423BFD41F18844C2A1
:10857C00FA10463202308233024AE404A834E40092
:10858C00E94E88444308C93E83B587FC06B07E1487
:10859C003033EC04901382214212B813FD317A8CE3
:1085AC00FA0C4612F1844232E400024A46C22858C0
:1085BC000E48F188EC0404208E56E94687FC4208EC
:1085CC00986B1D148245C20DEFF87DE88E0B001BD5
:1085DC00A3349D24EFFC5C68C29D9D147D38A805D6
:1085EC00920B6FF8F1A44E62808B1D24F9884072B7
:1085FC00000A11045E07F80C1B0EE0FCC0000026FC
:10860C0040345E051E08EF8D408A9FFC840DE68A7F
:10861C000E03A0C5F08850720024190E441BE1888B
:10862C00403BFD21FA08421244321D348023FA08E3
:10863C00E40416200C108613CE8DE404909B8AC59E
:10864C0092AB2194941B2324920B9493FC384408F2
:10865C008875A30DA10B9B041E0782E58435E0FCF5
:10866C006400164A961B920B8034A824C12EE93E56
:10867C0087FC4308A8048305A81EA41481B5A40E86
:10868C0064000C4A8C1B920B8038A828C126E93652
:10869C0087FC4308F4B5CE9D19049D04C18D8083DD
:1086AC0087D5F2B5820D1BB48E2599CEFC84BE64A1
:1086BC00828182618AC5CEBD2194969B232492AB84
:1086CC009493941B4408920BA30DFC3801188875E5
:1086DC0080004001E0FC1E07104A8435920B6400B8
:1086EC00A824901BE93E80344308C12E830587FCE7
:1086FC00A414A804A40EA81E0C4A81B5920B640005
:10870C00A8288C1BE93680384308C126CE9D87FCEF
:10871C009D04F4B580B31904F2B5C1BDE5201EF07B
:10872C00F67C0C0CC1C3DD9304FC805B4006E2C0FC
:10873C00D56EFC12D58ED57E405AD59E4206E0BC35
:10874C00D5AEBC22D5DED5BE426AD5EE404AA0904D
:10875C00C0002089ED88401A20010178C1C3C000F7
:10876C00C1C3C1C3F0044B85F0044B95F0044BA579
:10877C00F0044BB5F0044BC5F0044BD5F0044BE5BD
:10878C00F0044BF5C21F81A5D51ED51ED51ED51ED6
:10879C00D51ED51ED51ED51EE0D0404A82B5D52E8D
:1087AC00C1C3C1C34B0FC1C34B1FF0044B2FF0040B
:1087BC004B3FF0048165F004D51EC21FD51ED51E9B
:1087CC0094FED51EDD938101E0041986A3CDC1C3AF
:1087DC00184A82A50286E0000215E1944205800049
:1087EC0041FE8000BFFF1FFD0286DD938414E194DF
:1087FC0041FE84CEFFFF7FFDC1C3DD93FE7C040CE4
:10880C006C401EF07C0E826BE19841C60205801410
:10881C00A10BE14802109AE5C0016521BE14BE1EF1
:10882C00808BFE1EA30DA204401B92551400FD214B
:10883C004E1264044407FA0810039473E4000E6AA1
:10884C00E6101600A16B140B140000E51615EC04D1
:10885C008D1BE08022148AF5EC080000F8801625A8
:10886C00500583AB020600045615C000A12B58809E
:10887C00101588258331618800342294801FE8808C
:10888C008265A11BE18C10152C14801F8205A11B85
:10889C004408820B8175FC38FC384408FC04814583
:1088AC00FC384408819BA204FE048835910B80049B
:1088BC004E6886B53FFF47E5EC1016B0A10B810161
:1088CC00A2048625A10B2004A10B82B5FE7484653D
:1088DC00900B1C0E680140089C84C000E875A18BAD
:1088EC007E8E8195E6D5A10BBE048155A10B80042B
:1088FC00A0F1E4F5F67C0C0CC1C3DD93E100000C97
:10890C00FA00004C8301001BEFFC76088105C14383
:10891C00FA8002140006E11B00069422DD93D46257
:10892C00F800040C6C501EF0E47C034A826B3C5E35
:10893C00FC1EBE5E42668E050C4AF0020634647C58
:10894C005E15FA804A0E00045E259FFC061A00088C
:10895C001E25E400442280045E2598141E25800008
:10896C001E5580004A5080084422907C5E259994C4
:10897C001E2580044220800418149C0040003CB545
:10898C00BC341814024400D5E11BFA80DC3C18C43A
:10899C00E2320066420E28F1C01060010C0C8C2BE8
:1089AC008775F000017E28F10C0CFFF8DD93F000C8
:1089BC006C401EF0E47C014ABE2EBC2E8685FC2E3B
:1089CC00E47C000A440684453E2EF002FC1EC121C4
:1089DC00841FBE14BC14BC1EBE29FC24BE1EA41FC6
:1089EC000006BE148155E206F87E4006F0FE000635
:1089FC005D9381017FE5A0F1FFF801AEE2C0041C9C
:108A0C00041FC111F07C4400021CA41FDD93E34041
:108A1C00E47C040A408804240000060E0830801010
:108A2C00481204105802D08802067190FFFC6000B6
:108A3C0000C483C7020FF080700142C0610BDFFCE1
:108A4C0073FD40C04807C00300A5D0175D93A20F6B
:108A5C00FFF8018E60010286A20FF8004006900E0E
:108A6C00A10DFC12400682C5A10DFC1A4006821510
:108A7C000206FC0AC02060018075830DF37200466B
:108A8C0081015D93FA7C040CEC301EF0864B088B54
:108A9C0081713E2E405A006B7C7EE506425A813134
:108AAC00882B6586EFF84F4867D10000448640015B
:108ABC004212E03C8131729CEFF84548000017A44B
:108ACC00C0046401729C42121974D707E0D41614C6
:108ADC00FF0120BF001401BB57FEE1ACA10B1FFC32
:108AEC0060381409DFFC57FE81111B940AF01C241A
:108AFC001504E420BE44A10B8008001B061480045E
:108B0C00901B7B00E80043C8FC04BC0EE0180E4927
:108B1C006834AA245082A01B8E0B7B90683456C8F4
:108B2C003E0E8C4B850581A10E29D90A42BAE01C58
:108B3C0048BAE502062065828301E41C0203A70FF4
:108B4C004242811190217284EFF850287FFD45FE3E
:108B5C0082A1403F41FEC50D003F1FFD41FEA11B00
:108B6C00C03F1FFD91ADE50EBE04F8151E05A10B0F
:108B7C0098F10000F27C0C0CC1C3DD935896211BBC
:108B8C000214E008180640AC442AC000A14B410670
:108B9C000000020680085896FF1182650244023DCF
:108BAC006037E10491800214421A86132023E0926C
:108BBC008223980BDD93942EFA04044C8111026BE2
:108BCC006000450666D88C0B81716FF866000060FA
:108BDC00E4C00260912101A50420067E4073EC04E0
:108BEC004275F820C17CF008FCF5A12B7FF4410EF6
:108BFC00E038030660280506FFD4470E486281F56D
:108C0C0000007180927EEC204862107E107EF0880D
:108C1C00F084486282111076870B882141F6FC356E
:108C2C008111600C6F404C01674400606398C00375
:108C3C008F216FF86561006002604008C0036761B6
:108C4C0005060195067EE008EC040420F008427548
:108C5C00A12BC17C0C4CFE35DD93F2046FD10019B5
:108C6C00A11BC00500098245C006602DF3F0400031
:108C7C00000CA90BDD93E20081015D93F08044129E
:108C8C00EC7004298405A12BE03C0229E682402AE1
:108C9C0002098013C0056B71EC140000E40800CAD3
:108CAC00E200000C5D93DD93C1C38101F804040C58
:108CBC00603C0239677002100A04C0030420608C07
:108CCC000455E64058227C14463AF0948171668231
:108CDC000834B264C2376088FC100245486288537D
:108CEC008613729C0804324E305EE0880213844373
:108CFC0040016C01083580238233E200E2004835E4
:108D0C00EC000409440182010C0CEC00DD93F0042E
:108D1C00FE04040C4822086B214BF98C08658A7BF5
:108D2C00E008489661840824E0FC0A340A342A4F8F
:108D3C008803E1846FF47168F2844252641C434AE4
:108D4C00421A8141416AE01C420AE418421AE58049
:108D5C00420AE1880904ED80DC004C00DC004E1076
:108D6C00806E827E0C0C880BDD93F604F800044CAC
:108D7C0067FD00258151400186448434E01802C50A
:108D8C006FC90021843340056050026BF294484255
:108D9C006FCD00010255C00584C3601C8261064E74
:108DAC0042C5843E80536018E01C4255E05042633B
:108DBC00F0000C4CC1C3DD93603C0239C84481C146
:108DCC00463ACA54C437E682063582338643E7DC1A
:108DDC0072B04652CA3E80130201C84E0435EA7086
:108DEC008033E020E0204435E054043BEB7002017A
:108DFC00E0240415443382318013E054E0244415FC
:108E0C00C1C3DD93E03C0239E058044BE682403AA2
:108E1C00E01404358013C407E7DC0205E0100415E8
:108E2C008101001372804032440582414415E014E4
:108E3C004443E010DD93E058605800290A39845B04
:108E4C000A49EF400239EF44400160514A21C72DD5
:108E5C00C82D4F406F484A21E4A008004F444A21D6
:108E6C000035C23786136020603002C367600A5039
:108E7C000213C003980BE0C0E0003508FA7C040C28
:108E8C00EC901EF0889B23040206091E0ACBE0041A
:108E9C00FC0E8161FE0EA104E0380409516E81556F
:108EAC00EC040210A11BF16C7E44FE7503C18161C0
:108EBC00E00802061630200B106EE64092CE81714F
:108ECC00D06ED26E101EFC4492CE8111BE1ED26E9C
:108EDC000C30506EC002664100200F0EC00365714D
:108EEC0000300B0EC00366418B358D0EAE038D0426
:108EFC00A1AB80A889048E850009915EC1ADE010FC
:108F0C007C1482A5E00800468301040E8B04860EB7
:108F1C008008AE038101460E2C04C40EE18410A41B
:108F2C0081212E1490038131728842126198942B06
:108F3C0045FEEFF4CFFF7FFDFF21450D1FFD41FEE8
:108F4C00A11B0FFF1FFD41FEA40ECFFF91549804EF
:108F5C00040E040D1084F80080839180E0AA408AEE
:108F6C00FA08400200020305C07F6BFD83317E24AA
:108F7C008A3E883EAE038B044A0E8008480E81015F
:108F8C00A43E81010E70550C0861EC0490B18891DF
:108F9C008F0B8F04FE04EA95A10B8004C008409649
:108FAC00C0045E05C8F13E04F27C0C0CC1C3DD9319
:108FBC00FA3C040C846B027B60500E2B0EAB81814F
:108FCC000E9BE054188EE0589A8EA12B4C23D88E11
:108FDC004CA3E0184C93E01C84C5E02006241C0430
:108FEC009E14E184813106036FF45BC8F2A0421237
:108FFC0067FD008A41FEC7FF00011FFD41FEA11B5A
:10900C00C0011FFD140A980E04A4680084C5FB80DF
:10901C0006245C04DE14E184813106036FF45A28C3
:10902C00F2A0421267FD008A41FEC7FF00011FFD3E
:10903C0041FEA11BC0011FFD120A9A0E0494680088
:10904C008605FB8060100E05E1840624E0140E15E5
:10905C00813106036FF45868F2A0421267FD008A52
:10906C0041FEC7FF00011FFD41FEA11BC0011FFDFA
:10907C000C0CD80EDD93F23CF804040C843B01017B
:10908C0046018A068E06F008020B8C06A10BE050F6
:10909C0002C58845060460187F51E184866BA64B97
:1090AC004C408ACD18639C00FFF8180EE0824E6A83
:1090BC00E01C02654A720A6D4640FA300A521C00E6
:1090CC000856E9FC403A8C334002E0820002FA3048
:1090DC008A06E9FCE054020B8845A10B602002C50E
:1090EC00E1840604A64B7F518ACD866B9C004C40D4
:1090FC00602402C54C6A9863020E60828ACDFFF828
:10910C001C004640FA044C620A621833403AE9FCEF
:10911C00C856E082FA044002E9FC00020C0CCA06B4
:10912C00DD93F004F80C044C6038040966400430FC
:10913C001841C0030515FF31F800180EA16B8868A3
:10914C00906A84E5848294720425A16BF19C4E8212
:10915C001064067D5877E184918010844C8A8E834C
:10916C004C62E09A0E62FA30C07F6BFD0000947C7A
:10917C0084416C0482210451F835A10BF00C0C4C89
:10918C00C1C3DD93F81C040C8904847A0489861A03
:10919C00D658E010807C8898C8C88A780429CA6898
:1091AC00021CE014E1840284601040510A249813DC
:1091BC00C217618402100C534011EC04C257601C9E
:1091CC006C0402504011C287C227602060284021E5
:1091DC00664004400619C00381316038E0144091A8
:1091EC00E0184071E024408149488195EC040A3034
:1091FC00EC0402104640C95DA11B9C004031FCF5FB
:10920C008101602CF01C0C0CC1C3DD93FA7C040CA6
:10921C00EC501EF0886B1984829B067B84AB095E34
:10922C006491168002804001C00166D100803E1E10
:10923C00C001669108803C0E121BE4900C3B8E2BF7
:10924C0061D8965BA10BEFFC048086B58C1B643057
:10925C00EFFC6B0814807EAE0C1BE48070D8942B52
:10926C00121BEFFC09448E2B75D88C3B965B6FFC64
:10927C00921B3C8E8E3B7E24945B0C4BEFFC78480F
:10928C00A8F18101F27C0C0CC1C3DD93F080462265
:10929C00EC70063986A5A13BE03C0439E682403AE5
:1092AC00F08046226B7106390630C005E23DEC14A5
:1092BC00C207841504038023C00263B9861284227A
:1092CC00411A850D400AE004000CE184DD93E200B4
:1092DC0081015D93FA7C040CEC701EF081611D041D
:1092EC00888B7C5E901B7E1E00063E0E8B6EE0040F
:1092FC00E03804B98145896E0000456EA10BEC0481
:10930C007C04FE951220874140036571E6401430C1
:10931C0066410E30806EC003C26E824E0006406EF7
:10932C00BE14E008864E840EC46EC66E9C2885E57D
:10933C0086A5A12B0009FE04C12DE0103E14824528
:10934C00E00800468701040EA408860EC60EC46E03
:10935C0006F02A142804E4407FFD49FE3C3ECFFF72
:10936C004D78813181516FFC8195890483017C2476
:10937C00880E8711A4188A1ECA1EC86E16B0610EFC
:10938C000291EC04827190A1F455A1BBB8F17C045C
:10939C00A10B8004C0084C960C0C8C0BDD93F27C5A
:1093AC00FA7C040CEC301EF0886B0A9B80BB067BAD
:1093BC0064D10090848B4001089002AB3C0EE49089
:1093CC0064910A900E2BC00178588C3BA10BEFFCDA
:1093DC0098F180A5F27C0C0C0490DD93960B643014
:1093EC006FFC5E887C8E8C1BE48010908C1B160BA3
:1093FC006FFC64483C9E902B7C24960B0E3B941B7C
:10940C006C188C4B905B6FFC0C0C98F1DD93F27C20
:10941C00FA1C044C829B048B867B086B6F481019DA
:10942C00676004801209C0038C3B6010E804594843
:10943C00E0100E05E0340E1BEF481029E010123935
:10944C00E08C0E498101180E4C21D81C4C31E018CF
:10945C004C41E01C0C4CE020DD93F21CFA7C044CDB
:10946C0081B113A46E4002221174888B285E866B26
:10947C000FBE81918155812182214134FA245232CF
:10948C00FE75C32D41FEA09D803F1FFD800054053D
:10949C0006F09005920B6470902B0A1BE8305A086A
:1094AC008E15A10B901B120B68305D08A10B8E2B37
:1094BC008F848C3554B5A18B409600008A4580086A
:1094CC00981A9C04C7079A2A8095C30D8101440DF4
:1094DC00401288250406708842B2FF40813172AC7C
:1094EC00EFF07D6860FC0414240FC3070131C3172F
:1094FC007378902B0404EFF0FF3160A0D017710744
:10950C00A20F072B1FFC45FE45FEA10BA82EDFFC6E
:10951C000C4C8101DD93F27CF81C040C84030413C5
:10952C00618A400A421A82110420618A1804EC04F0
:10953C000C04608808C5E08C4E527C300A65F098AB
:10954C00850D7C18CAC79E8412C4A6C38CC3617CCB
:10955C00F2A04C920C041E6E1CCEE0840CCB8A63E1
:10956C000006690000008000830BC4044CC382C158
:10957C00F6D5E900F01C0C0CC1C3DD93F81C040CEF
:10958C0061FC182404C3A20303C786030BC48181A6
:10959C004C0AB8030034618E0904E088F0804E4216
:1095AC000C13948E421AC4678863618EB08E808EC1
:1095BC00C4170223618E462AF08444424242C437C7
:1095CC000670708C827BEC101494D9841093C66D49
:1095DC00DC004C40DD84949EC67D30944E4010934C
:1095EC00309EDC00FC35856BC9C480549853C62D65
:1095FC004440005E832BDC000C0CFE35DD93F01C2C
:10960C00FE7C040CEC401EF04C4208134C6AF080BB
:10961C00821161926192421AE0881844D6077E3E0C
:10962C00C46719344FFE4417C0017FFD52520AC360
:10963C003E3EF084F098545206C00C7E7C5EEC10DA
:10964C00FCA8160481C1014181110181E96483F5F3
:10965C00C6AD7E041EA5CA674E624008217DF1800E
:10966C000C068E6BA02D40009C004C70617C0E642F
:10967C00406A8C435872642E4C6AF2B08083E4AE1C
:10968C0072844262640016B093ABC00818CAF835F5
:10969C00181AE000082AE000420AE000421AE580AD
:1096AC00420AE1880845ED808008409661840044B8
:1096BC00E0FC04C404C4240F1003E1844212983B60
:1096CC00882B7288EFF05888E000034A021A3E1487
:1096DC00006AE000420AE000421AE580420AE18892
:1096EC000006ED80040EC000A0F18101F67C0C0C8C
:1096FC00C1C3DD93F87C040C4C520D040C23F08098
:10970C00F0944E126196582AEC041050C4870271E2
:10971C0018338F24463AC4C7420261964C6AF0B0A3
:10972C00829B619661964E7AC4378151708C580237
:10973C00F0A04602E5A481659453C69DDC0052005E
:10974C00FE55999BA34D4467C477046380000C9528
:10975C0052920265FF9190946024491A0C958A9B51
:10976C005292A000189EB1940483847383D5FF9108
:10977C00C5B4F1A44AA28AA30CA5F1AC02458000A1
:10978C00909454A26024491A0CA58AAB54A2A00050
:10979C0018AEB194E40C591A3C015800431A40001D
:1097AC004200E40CC0003C0164101460551A846B38
:1097BC004CA0E4204C1ABC003DB8E01CC3FF3FFD9C
:1097CC000C0C8101DD93F07CFA7C040CEC301EF067
:1097DC00CA37008BE1FC148400A490A38033E1040D
:1097EC0060A2403AE17C0654617C180456C2AA037C
:1097FC004602F38C1734F9AC41FEA13B00011FFD6E
:10980C0080084E960A449005A443617C617C182420
:10981C004A52FF21817173B04472045D3E1EF18087
:10982C00124480CBE05761C01C005820F3AC42724C
:10983C00E0477C3E608406B4E1FC0C0460840404C4
:10984C005610B25F40C21C0042B2F090AC3F729412
:10985C00EFF04C2802A495B4D6B77C00A2833E143A
:10986C00A38B7C3404010000D6178004020482030D
:10987C00961FE17C401A80130002E1AE0002E0006A
:10988C00C7FF6BFD8E0B0C0E0C0C98F1DD93F27C6C
:10989C00FA7C040CEC501EF0A4131B74A403093EB8
:1098AC008A9B1F6446721D84563AF088882B619EF1
:1098BC007C4E99A416138E4B7E1E960321B4A013D6
:1098CC003C6E931DC404121070A442020210943B0F
:1098DC00905B6C04EFFC69688615A10B943B7E14BD
:1098EC008E4B3CBE905B7C24E40400106FFC68A89B
:1098FC00A10BB20318048275400AD677980EE11EAC
:10990C00400AAC042C0EE11E98248101C22DAC142B
:10991C0040004C15DC004220C0005625C0000C3520
:10992C0044300934A8F1DC004C35C62D1615C000A6
:10993C00C71DC000C0005635F27C0C0CC1C3DD93B2
:10994C00FA7C040CECF01EF0849B111E934E955E79
:10995C00973E8F0EB3148C08191EA10B9D1E8111FE
:10996C0084459B1EE004000285B381138BF399049C
:10997C00E5800000F8604015F83040154015C11E18
:10998C004015E02C9704E05CA10B820831B4A225B1
:10999C00AF8481711324ADA4E08400747C00044373
:1099AC00F0804222E09002238245844D0674190413
:1099BC008033E0880255861B8404F030190485F549
:1099CC00E08806744442092E0D7EFA080033822189
:1099DC00061BA823E6400C30F030025502C5840467
:1099EC000513E060EC0404408B4E8533E800313CF9
:1099FC0070884EA282718221E1AA4E7A1045C477FA
:109A0C008803FC1CE444840E8C5E8853FC1C1645B5
:109A1C0098CE88C38B448D7420518924E0880C74B3
:109A2C0008444B570C5EFB801E55CA0D400240305B
:109A3C000674D19482214088FA8018A4D0944632BE
:109A4C0040604605F190462206340F040009FB00E5
:109A5C001904E0308063A10BE6400060C0000025D3
:109A6C00800004060000402580000406A6049144F2
:109A7C0050588414E4D008F008F07C4EBE4EE4E05C
:109A8C009544BCCEE80062088271210B80341E150F
:109A9C0080C04C1586189714DED5837D020B801B75
:109AAC000C0CF8F1DD93F27CFA7C040CEDF01EF05A
:109ABC001E05A90E972EE0ACE0B41E251E059D0ECA
:109ACC00195EE0A0E64018209951151E1E05A30E44
:109ADC001E15E09C1E65E0B0130EE0A81EB58101BA
:109AEC001E75E0A4BD0EE098B90EBB0EB50EB70EF8
:109AFC00B10EB30E8145AF0E0A50710CA15BEC0494
:109B0C002954FE95E640142012101B7E256EE4C0ED
:109B1C00E5800C40650118500A504002C0046601F3
:109B2C00101021CE1F5EE640E00844968171273E5E
:109B3C009395ABBE020AA414C7FF63FDA10B8A0563
:109B4C0025B486D5AD2E963BF8C00C0378300C139B
:109B5C00A324964B6B58A954A10BE8000C0382B5B7
:109B6C00812178C078300C13AB34964B6A98A15491
:109B7C00A10BE800A7348445AD24ABB4E2A4040ADD
:109B8C000FFC43F6800844968000541388910271B0
:109B9C00846104A184810D8581212BB4F8C00C0350
:109BAC00F8300C13963B1D4468B89F542734E800DA
:109BBC00AD24A10B2002F895E5A004F006F01812D4
:109BCC003E2EE5D0E5B00AF09603113EE1AE400A18
:109BDC00BC3E9BB42B34AD0EA144962BEFFC4D0830
:109BEC0000F018123E0EE5C0E5E00AF0962B1104C9
:109BFC00A944AB342D04BC0E4C1886BB9704EFFC67
:109C0C00E03000098405A10B657000F0E58004F0DC
:109C1C000AF018123E0EE590BC2E963B9B24AD0428
:109C2C004AD89F44BD04EFFC99249514BB04AD0E97
:109C3C00B534B3B4841A910E8B2E8DAEAF0493242D
:109C4C00892EB1C4FCBEFE0EBECEABB4B944BC3E34
:109C5C009B04B7549134AD24E8147E088101002B89
:109C6C00F1D5A734837D8E181EF0D8D50C0CE5F0F9
:109C7C00DD93F27CFA7C040CEC501EF0828B3E2EB1
:109C8C000050009B1911E760818581217860402389
:109C9C00EC040210F8304023A11BC12C0C50FE1513
:109CAC000E4067607C3EE4C0BEB481A19C0485D5A7
:109CBC0063FD000A88A5C7FF78300E15A024960B0B
:109CCC00E042A43A4298E458090EE8009C14960B22
:109CDC00A43AA024E458E042E8004208960B7E0E19
:109CEC00E0300E15A43AA024E458E042E8004168A4
:109CFC00FC34FE14F8604C13980C8914F8304C1397
:109D0C00846102A18E088871F45581ADA8F101011E
:109D1C00F27C0C0CC1C3DD93180E2413441AF00012
:109D2C00401AE4820224E40282CFE17C810100C368
:109D3C00F2844222640104C04212C0801814F280E2
:109D4C00E1C7E17C42129823E1277280A22FE01731
:109D5C00080E0823422AFF00442AE48E0614E40E5F
:109D6C00864FE17C421288230420F28CC0086401E7
:109D7C00F2804212E17C06148623E937728042128B
:109D8C00E817D927020E222F4222F8000212FA04F9
:109D9C00C07F6BFD4010A11DA05D1C0040105D93A9
:109DAC00C1C39C00FA3C04CC886B008B602C10095E
:109DBC0001A183412034C827214F867B0FAE820B33
:109DCC000DAE841B4E78882B58AEE82C1AAE809BB7
:109DDC00E47004F0921B0E0BE82C53888435A10B15
:109DEC0006F00F042214E460580E922B4F788E0B61
:109DFC00A10BE82C80181E0500044C058000000601
:109E0C00F23C0CCCC1C3DD93FA7C040CEC301EF09C
:109E1C00889B007B602C0E090E29846B835160306B
:109E2C0060100E4B215F81B11C3486AB7CBE820B63
:109E3C00E8880454881B3EBEE82C4AE80090008B4E
:109E4C000195E4C041BE9911EC040210F83440B500
:109E5C00E02C40B5FE15A11B658014A005C5E09152
:109E6C00A10B8101280488D5E42004F0682C4EE86D
:109E7C00A10B901B7C0486D5E41006F0A40E902B4D
:109E8C009E14A804E82C4AC88475A10B06F03E0465
:109E9C00902BE410F8305205E060140549F89E143C
:109EAC00A10BE82C80041E05003052058000000632
:109EBC0088A102B19A188891F49583BD0C0C98F185
:109ECC00DD93F27CFA7C044C847B1124889B15A4D2
:109EDC00FF8113B441F6A12B4C960FFC8A05800828
:109EEC00442A2B3F463AE68A8161668E423A8F1E9F
:109EFC00463AE502002465828203E184729842327C
:109F0C0062F881310F24EFEC41FE910BA11B1FFC79
:109F1C005FFC41FE0294A19B81814184509C4212C2
:109F2C00501A847380734026408A8E83AC8EF00A5C
:109F3C008C0B280EF27C0C4CC1C3DD93E682401ACC
:109F4C0064010000DF07C0406FFD00025D93C03F5D
:109F5C00FB800004FE7C040CEC601EF0827B049BF6
:109F6C008161005B8111120B81B101A1030A81C5D2
:109F7C008275E23CF0080025F8040045564284A3A3
:109F8C00821172ACFC958F1D6000174AE18400A40D
:109F9C006000161AE0FC02B46000146A7E0EA20F78
:109FAC00E580420A6188421AE18400B4422A7C0EA0
:109FBC003E3EED80E43010305E27895E89A5E05C82
:109FCC00601C4CCA440A8101400AE1808EE5E99C80
:109FDC008101262404CAA414041AE000022AE00019
:109FEC00420AE000421AE5801E27E188420AE05C42
:109FFC008AA5ED80647C0B0A0050823B46206C8065
:10A00C0044529C0002067B800022C0002023EC7C82
:10A01C00EF8008146C000A047E04A13F4852A11F73
:10A02C0004227890A83FEC0482037C14942B253FE7
:10A03C00728442325958963B0954EFEC67FD008A02
:10A04C0041F6C0FFA11B0FFCCFFC41F68261610CF5
:10A05C000C0A9091ECB5E240B0F13E04E01840716E
:10A06C00E01C4051F67C0C0CC1C3DD93F800044C91
:10A07C0002100A280814EC04E03161FC8341081337
:10A08C00831703A57830065BEC040420826080C043
:10A09C0046C38AC3CD5AF8600AC40A631864FB002D
:10A0AC004A427B004663F1949853602CFB144A128D
:10A0BC00E05C4653F8F5A12B0C4C8101DD93F000CC
:10A0CC00F804040C60880C3401458A7BF0985852D3
:10A0DC00D97DDD2E0613FED5440A86038211618ECE
:10A0EC00618E461AF09840420C34C4274242608874
:10A0FC004652F088444270888195F098C11DC56421
:10A10C004240CD6ED93D1C009C004650FCF5851B91
:10A11C000C0C8101DD93F004FA7C040CEC701EF045
:10A12C000034008B0603E1FC1F1482BB0D3E830739
:10A13C001D348A6B2374845B21A4A02B3E1E829B4E
:10A14C000B4E900B7E2E8141093EAA233C3E961B62
:10A15C007C5E8A3B6CF88C5BA10BEFF8090486756E
:10A16C003EAE81417E24961B3C0E8C5B8D34900B55
:10A17C00EFF86C2882D5A10B81410D24961B7E042F
:10A18C008C5B3E7E0904FC343C0E80236B38900BB8
:10A19C00161BEFF80B64968D090E8CBB0A55944B6D
:10A1AC002594920BFA204212B0138211A714831338
:10A1BC0083B38D1EE80031EC70A046B2463A801B8A
:10A1CC00828161AE00A5C437880B7C0C7C0C0855D1
:10A1DC00F08C4492FC0C0EC5719848A20A438CA3D7
:10A1EC003843B453084E98530D14804B8233820B72
:10A1FC0009048C5E0C0CB8F1DD93F27CFA7C040C37
:10A20C00ECD01EF080BB2904828B2F7443FE134EBE
:10A21C00C0017FFD8A6B0F2EB144B32481017E0EE9
:10A22C009C0E913E970E990E41F6150E8B4EE00C3E
:10A23C008D2E900CAD94881E91A4AB544062897EF7
:10A24C00420AF0ACC417E19AFC040A2584A5A12BA0
:10A25C0084E5A12DFC0412158E95A11D400A8201E6
:10A26C00C407E19AFC000A158C95A11D7C0012050F
:10A27C00820DFF1181A58AF5FC0412058A45A10BFC
:10A28C007C041205820DFF11030188A5E4B002F0D5
:10A29C008A7B1C0E0AF00B04142BE4C000BC8C3B14
:10A2AC00E4A000F0960B3E0E8F14BC1E5678FE44B4
:10A2BC000D04EFF89924961B3E0E97349544940B9D
:10A2CC009354BC6EEFF868288E5B0974E2A4000A04
:10A2DC008101807582B19C0E808591BDA10B9C047F
:10A2EC000101EAE50C0CE8F1DD93F27CFA7C044CFC
:10A2FC00827B006B60140C19E00040C69475F41D51
:10A30C00E0180C2992F5F02DE686502AE500110A8A
:10A31C001921925566588E0B8C1B6FEC64300070B3
:10A32C00E0040206819101550210419CA11BEC0432
:10A33C000060FE9581B1649081110195E500028A5F
:10A34C00412480E556228211D11DFAAC00B4FE15D1
:10A35C00D8B761D098710F0E81A14861810103D5E6
:10A36C0040961824A12BE0080F148485E184002466
:10A37C00813116036FE87F68F2A4421267FD008AF0
:10A38C0041F6C0FFA11B0FFCCFFC41F681011C0C58
:10A39C00847102A1D1AD8861150A80C58075E4FC79
:10A3AC00F6E5A10BF27C0C4CC1C3DD93FA7C040CDA
:10A3BC00ECF01EF0866B04886010021900A98191E4
:10A3CC00060E6010C00072C088BB1D9E4296091E0E
:10A3DC00C00167B98D1E8004130E8F1E6321415678
:10A3EC00170EC001911E840B1B1E951E993E8C1BD3
:10A3FC00E80048C86C0400A0E00842C67418010AC2
:10A40C000B0E8101808800A4046002F0E010101A89
:10A41C001C0002058000020600145E050B04B18BC3
:10A42C00ED80420AC00842C642C6A10BE5AD000849
:10A43C008A95FE1EA10BFE0409148A350E0B907B27
:10A44C004998962B18B1E80004068111960B600808
:10A45C00EFEC6288E69E4E7A00068375E7AD6100EC
:10A46C0084159D0E00F018341A44E4E0E1EC0B76F0
:10A47C00901B3E0E89248B04920B3C0EE80040C8C6
:10A48C006D0C9D04937B82917E04FA350C0CF8F1D3
:10A49C00DD93F27CF87C040C61064E0AE0881224F1
:10A4AC006006500A0F4488CB4E9A866B8111669ECB
:10A4BC00E6A2509A8E630D34402A10C3101EE68A11
:10A4CC00F0A44E62650E443AF0A450C2E58E463AB2
:10A4DC008FAD81C546AA56AAC41014A0D0A456B2FA
:10A4EC0042127E3588C1D0AC52CA91CD546046B26E
:10A4FC00FC15DC00E1841804425A02C340CAE696FB
:10A50C000C0CE0028135F07CC1C38B45FA00040CC5
:10A51C00480A086B400AE5060A2465860244E18471
:10A52C00E84761B018346807201FE184E0FC003470
:10A53C004042A05F7158F09442126FE80406F2B0EA
:10A54C00404060018403FF318131070B728C421251
:10A55C009FFC41FE41FEA11B400ADFFC0204F00AF5
:10A56C008413E184E002401A8101180EF2000C0CF5
:10A57C00C1C3DD9360144401083C81310A3CAF41F6
:10A58C00FC00061460184401E41C0030601C4401FB
:10A59C00EC040030602044014441C2178301601078
:10A5AC00E0244411E0284411E02C4401C1C3DD93A4
:10A5BC00042E0038A13BFFFC8208844582E5A10BE8
:10A5CC00718048222623900140009031400173C1D4
:10A5DC0073C146300623C00181358803FFFC002E71
:10A5EC00860E842EC1C3DD93FA7C040CEC501EF055
:10A5FC00867B090E61840014E0AC0674886B202302
:10A60C0084138623E10E401AE10E422AE1AC0404C5
:10A61C00611E562AE1AC0414E11E502AE40404B075
:10A62C00611E542AE0800406068422230623E0AC33
:10A63C00F184420204B47C2E7E1EE0AC3E0EA403D8
:10A64C0085B5909B8235919BE02C521AA0101E056B
:10A65C00A00C1E15A0000168E020521AA000008872
:10A66C00521A090400F8E02CC000200180101E05CD
:10A67C0080081E15179B80C580B58101BE14890406
:10A68C00E8004B08608802940C2582918C137C04A2
:10A69C00E11E529A842E8023F4B5959BA8F10101FA
:10A6AC00F27C0C0CC1C3DD93FA1C044C847B028B32
:10A6BC00866B009B00061C14E024E0804338A43415
:10A6CC00A044E8009E14980E880B602442B8A43471
:10A6DC009A0EE800F21C0C4CC1C3DD93FA3C040C3E
:10A6EC00828B047B60240E1910498321866B6024B5
:10A6FC0060280E591C04809B2234A32FE090024446
:10A70C00682844A8E89414249C24A4142234980E99
:10A71C00040BCF1743F8942B1A0EE8280C0C81016C
:10A72C00DD93F23CFA0C040C403A006B027BE50A18
:10A73C00E58A423A00000181C00167D172A0421241
:10A74C00E03C44866FE860E87F218131850B8131E4
:10A75C001FFC41FE41FEA11B427ADFFC447AE5025C
:10A76C00006465828203E09C72A04222E0A0046433
:10A77C00EFE85F887FFD45FEC50DC03F1FFD41FE24
:10A78C00A11B003F1FFD41FE0C0CC03FDD93F20CE2
:10A79C00A11B005B60084096640018500006C08046
:10A7AC00070A400040C6E640190A4000C0FF67FC9B
:10A7BC00C00040C65C08A10B1814DA00A15D61FC56
:10A7CC00E05702C3D63703C7D18018C442CA8AC324
:10A7DC008413E086E0000212E10E421ADD93901E13
:10A7EC006506440A420A81310020E586C0046401F2
:10A7FC00F28C42125C08EE1D41FE5A00C03F1FFC59
:10A80C00D7076A17A20F5D93FA7C040CEC701EF04C
:10A81C0081617E3E88BB092EE03404098D6EFC1EDE
:10A82C00E80D3E0E602402A9E00040C6150A9815FA
:10A83C0096B5E6408904FC147518FE3404106FFCC0
:10A84C00A10BE4307C0494958914963B72D8FE24B9
:10A85C0000B0EFFC81116420551D817516258121F6
:10A86C0082114004020AC12EFE15E24089117E04B9
:10A87C00B001017578104065EC040210A11BC16E8B
:10A88C000974FE557E8490B1BCBE8101C0717C946C
:10A89C00B08105B58A75A10B906B0B6E8984FE1483
:10A8AC00F8100E25A004861473D8A4342224EFFCCF
:10A8BC001C0480BBE46008F0601012157698943B81
:10A8CC008C8B6FFC8295A10B781050B58D24943B2A
:10A8DC008904A02E0014BC446878960B0B64EFFC22
:10A8EC0088818871BE148261F4B5C36D0C0CB8F10B
:10A8FC00DD93F27CFA7C040CEC301EF0806B064A83
:10A90C0004C9840A4C45E0C00249EDAC4C05E0207A
:10A91C00C40AEDA8EE244C45E0CC0449EDB04C053E
:10A92C00E0C80409E0C40479EDC04C45E0D0044112
:10A93C00EDBC4C05E02C0405EDB44CC5EDB84C75E4
:10A94C00E0D404C1E0D80471EDC44C45E0E0044906
:10A95C00EE284C05E0DC0401EDC84CC5EDCC4C7583
:10A96C00EDD44C45E0F00449E0E404C9E0EC047992
:10A97C00EDD04C05E0E80409EDE44C45EDD84CC5B0
:10A98C00EDE04C758AC48844CA84C874E0F804911C
:10A99C00E0FC04A16DDC4C054CC581014C75EDF05F
:10A9AC004C85EDF44C95EDF84CA5EE484C05EE4C71
:10A9BC004C45EDE80645EDEC04C5E0340475E010BB
:10A9CC004C45E0140645EE500485E0380495E0183B
:10A9DC0004A5E01C4CC5E0204C75EE704C95EE7453
:10A9EC004CA5EE7C83A16E80EE544C45EE784C85E4
:10A9FC0004C58C44A194E024EE844C45A4888E4478
:10AA0C004C459B74CC44EE884C45A7B4CE44EE8C9C
:10AA1C00EE904C45E0100645EE944C45E01406458E
:10AA2C00EE984C45E0180645EE9C4C45E01C06455E
:10AA3C00EEA04C45E0200645EEA44C45E02406452E
:10AA4C00EEA84C45E0280645EEAC4C45E02C0645FE
:10AA5C00EEB04C45E0300635EEB84CC54C3599C4DB
:10AA6C009734EEB46D884CC57FFC59E69F44C020EA
:10AA7C00ED844C354C85C8349D84ED806D8C4C45F3
:10AA8C0067FC0430582DC0FFE0081806017C183410
:10AA9C002344FF2181C018C46D944C7590B046328C
:10AAAC00183425344C8581400E606D90C00D6600C5
:10AABC00EE344C55EE044C259534FC3E6DA44CC53F
:10AACC00FFF459CE6D9C4C45FFF8088E0C85994BC4
:10AADC005082CD9C0840519050A1CC04FCF5C00094
:10AAEC006E3C4C05670000604C05C00600606D981C
:10AAFC00C00265006E204C35E080068A6601066057
:10AB0C0050C640044C65E0004C05EDA04C35EE2CD5
:10AB1C004C25EE308875EE14EDF80C35EE280C450E
:10AB2C0086B5874DEDB40C25E4080020E17C1804B3
:10AB3C009803FDC7610818045802A101A9CDF1B012
:10AB4C00BEBE82D5EDC40CC5EDC80CB580F596CD56
:10AB5C00EE7C0CC5EE800CB580C596CD98F1100B33
:10AB6C00F27C0C0C0CC5DD93AACDEDCC2041FE156E
:10AB7C00A6439833FC75A94DEDD00C35FAF5AC3DD8
:10AB8C00E4040620E1FC0834460206438347F1B096
:10AB9C00F8B5893DEDB80C45EE240CC598438643B9
:10ABAC00F6B5854D6DD80C4551F69131A24DE00CA2
:10ABBC003EB482F50906A14B18860000860580007C
:10ABCC0049F6234B11C1E00C846589213EB4838581
:10ABDC0049F6A54B59F6000C8245800C82F5A74B23
:10ABEC00600C49F6E00C59F645F601458921E00C5C
:10ABFC00EE584C45EE5C4CC5EE604C25EDE00C453A
:10AC0C008235A24D84C5A14B41F6234B0465E00C63
:10AC1C008375892141F6A54B47F6000C8245800CC3
:10AC2C0082F5A74B600C41F6E00C47F645F6014562
:10AC3C008921E00CEE644C05EE684C35EE6C4C252D
:10AC4C004C55C60A4002EE344C05FA148E0B6E3489
:10AC5C00E80C5448680C46E853B88E0B8E0B68040D
:10AC6C00680872280C058E0B0C15EE384CA5EE20DE
:10AC7C004C05EE18BE0D6E3C6E1C4CA5908440022B
:10AC8C000E3C4C050000820381116C04EE404C0517
:10AC9C006E444C05BE1E8101BE048F55E31C010A97
:10ACAC00A1ABD6D50C0584D5A70BEE1CA50B822524
:10ACBC00A30B82654AF882958E0B68006C1881850F
:10ACCC008E0B6800551881458E0B6800EE180CA58C
:10ACDC0080F5A3AB8E0B7C14FC384208EE180CA547
:10ACEC008A35A5AB6E080C150C0587218411EE4036
:10ACFC004C15830D40104E400C15DC00010A6E28DB
:10AD0C000116E0404C0580000C058E40820D6E2033
:10AD1C00840402108E404C15E68A400AEE3C0C1559
:10AD2C00EC3800004C05801D8E0B4E3CFC38560850
:10AD3C00EE180CA58815A7AB6E400C050C158721D9
:10AD4C00010AEE080116E040841100000E404C058B
:10AD5C000C05830D4C15EE200C15CE40400AEE3C34
:10AD6C000000E68A801DEC184E3C4C0550388E0BCA
:10AD7C000CA5E8083E04EE188201AFAB000CBE0E29
:10AD8C00A10BE2000C05E26581116E04260682011E
:10AD9C00FA8000040C25839500006D9C0C45EC0496
:10ADAC000223EE20043384110453E030583AE0605F
:10ADBC00465AE19244C3E192468AE0304632E8308A
:10ADCC004433D090A10BE0605995F8F5C1C3818153
:10ADDC00FA3C040CECA01EF0140E2D84C01064BDC3
:10ADEC0013AEAF94647915CE91AEC0108D8E8F9E3C
:10ADFC00A1C4ABA4A974A564A384A794897E8BAECB
:10AE0C00FC6EFE9EBCCEBE8EEFFC57680C0CD0F1D7
:10AE1C00DD93F23CFA1C044C0C05806BA10DE08810
:10AE2C000C1580B5830DE0BC8F0180A5E0984C0516
:10AE3C000C158BC50C25E1400C75E0A84622E018DA
:10AE4C00870BF0840C358255A13BE07C0C3580D50A
:10AE5C00460AE0749295E080E1D00C19E088420A31
:10AE6C000321822563388C1B0C25E8084C05E0A8CF
:10AE7C000C15E088875160C4E0340C35E0A00C451B
:10AE8C00E0BC4C15484A82334A326696095DF1881B
:10AE9C004C558551484260984C5590880640609CB2
:10AEAC0048328C04C42B7188182444470E55E08812
:10AEBC0098737C10E0AC0C450825C4570A34FC147C
:10AECC008E53E0880000823D4C05840882A580C02A
:10AEDC00063057C4C4C7EC04FC3008C5FC7584CDDF
:10AEEC0060BC4C35FDC5982BF21C0C4C0C25DD932D
:10AEFC00061460840C45E08886736078823B0151AF
:10AF0C004C258221824360840EC58345DD84F81074
:10AF1C00E0200C95C487C4C7FC3012C5FC201285F8
:10AF2C00F1B058824AC20ACD4610FA1482115C0064
:10AF3C00FA85881D0C5598140C45E03C0210E01C59
:10AF4C00032DEC040443C227483386534853E030A6
:10AF5C00DA85E06082010311E0984C15E09C4C15F9
:10AF6C00E0BC4C05C1C3F925FAFC040C0C15806B34
:10AF7C00A11DE08C0C058235801DE0880C0580A598
:10AF8C00830DE0BC8F0180E5E0984C05F2FC0C0CC5
:10AF9C000C55DD930C25E1440CC5E0A80C35E018EC
:10AFAC000C4BE0B4445260480C2BF188851B60506C
:10AFBC00E0C80C85E0CC0C750C958275A19BE080EB
:10AFCC000C9580F5520AE0740FB8E0800C55C00067
:10AFDC00548660705202E03CAAA3F1849645949D7D
:10AFEC0060940C55955BFDA10C5594A51450E03460
:10AFFC0016A4E40496A3E1FC8AA383A79245959D2D
:10B00C00708452020291C6371494A031CB3761FC84
:10B01C00F9A114930CA5C297949F6010189592C334
:10B02C00B2C4F80C14A5C497C4C77C24641016A031
:10B03C00C7B786A3669248BA7FFC578E0840C3FFF9
:10B04C00C947E50060200CB588A3964FF00A48AAC2
:10B05C00FC241695FC3016C5E68A444A0420A693B7
:10B06C0098936600849DD1270C2584A59834E084A0
:10B07C00E01C0C454C25822106306084072DEC0425
:10B08C000443C227F1944602E0304833E0604803A1
:10B09C000C05DE65FF91613460944C9573588C2BD4
:10B0AC000C35E8080C25E08C4832E088861B718052
:10B0BC00613C4C454240854DAB0D1C00E13C4C15B0
:10B0CC000C0982D5400AE1D00026E0904C05C00066
:10B0DC004C05C0980030409C9435CC1060340C0565
:10B0EC00F188483286E5880DE40402000614A813A2
:10B0FC000C35E1FC861360840C158317A223601CAD
:10B10C008403023160844C354C25C2378613608829
:10B11C00603042234C058F214203E08C4C25E060CB
:10B12C00E755E09860380C05F1884A12E0A40C450C
:10B13C00895D804330238A45F09C403260884C25E1
:10B14C004C058C1B68B8E08C0C15E8080C25E084C9
:10B15C000C35E01C4C05E0888211608C60844C1529
:10B16C000223C21744038F118C0B6060E030443310
:10B17C00E0984C15F2FC0C0CE00810A860BC4C05D7
:10B18C004C15FD11E135E09460A00C050C358721C0
:10B19C000C45E044400AE0484C25E68A461260988B
:10B1AC000000F18CA8136C1860BC4C354C25803D0C
:10B1BC004C95E09C4C15E0944C05E0C0DD75C0BC92
:10B1CC0060780C05445281310054718000C3E088D2
:10B1DC0083558A0B1875F3440C85F80CC447E02092
:10B1EC001045C4771075FC104872FC1C064DF1908C
:10B1FC00FA0C46425C004050EC040A50FA65855D3E
:10B20C00E0840C250C4598340C55E03C8221601CE4
:10B21C0060844C25EC040630C227072D46020453EB
:10B22C004A33F1904A03E0302AE8E06085019FFC44
:10B23C00E0984C05609C4C05EC040010C1C3F5056E
:10B24C00FAFC040C8781006BE0900C05E0180C15DF
:10B25C00E0840C7560984C85ACD5A10DE08C0C2568
:10B26C00AC45850D60200C55E08804047C08022553
:10B27C00F0884612F8100645F80806C57818063509
:10B28C000A25C427C4477C087C100A450AC5C4C7D4
:10B29C00C4377C30FC0C0A35A6C3A823906584CD3A
:10B2AC00E0340C2506248421FD37E17C8527862398
:10B2BC004C05A403040460900245E08846127C0807
:10B2CC008E34F088C4479A240435C4370445FC0CEA
:10B2DC004832FC10893171900A00854518046C04C1
:10B2EC0002C5E08812547C300295E088C4C7FC2467
:10B2FC007C3004C50495C497B2C3FC2482F5A3CD5D
:10B30C00E4081240E17C14949493FDA793CD8597A7
:10B31C0000904C559C0040509C0048C0EC040630FA
:10B32C00F695A13B8C1B0321E8047D28613C0C4560
:10B33C000C35FFC1126060340C15E6200C25E0942E
:10B34C004A42E0884052F18C991B7B00FA0044225F
:10B35C00E0904C250C15B045981DE0840C05AE050D
:10B36C001414601C0CC5E08480A3E0A4E0301453DA
:10B37C00F1B056520F38972D021180004C158433C2
:10B38C00081460840803E0840CA591114C15E0505E
:10B39C008C1B6050E030402360604033FB00003475
:10B3AC00E80855E80C1598240C35E0844CA5E01CF5
:10B3BC0004206050051DEC04E0840414460384331F
:10B3CC00A0A5E0600C25A535FF11609486B5832BF4
:10B3DC00613C0C250C0582710A7460349844E0843D
:10B3EC00E01C0C35608C0C054C25A02308406090AB
:10B3FC000A33EC044C25897D4C75E0944623E0849B
:10B40C004603E0309865E060E0880C05E0A40C355C
:10B41C00E0904C25F18048228E25864D60340C3509
:10B42C00EC04042060BC4C254C4585414C45E0980F
:10B43C008033609C60944C15EC0C063060C04C352D
:10B44C009215862D603C0C150C2582710674601CBF
:10B45C004C75E0848013E084608C4C154403862387
:10B46C004413E0300C09E060400AE1D08AE5E08446
:10B47C007B0000144F388C1B0C15E8080C25E0845D
:10B48C00C217E01C440382238515E06086F5A17D7C
:10B49C00601C0C15E0840474E0400C3504238223FA
:10B4AC00463AE030A023E0A282A5862D02098E1335
:10B4BC008201E1E0E1E04201E0880C05E01C0C15A2
:10B4CC00E0840C758E13C277E03042034C058F017B
:10B4DC000C0CE098DD93F2FCE0A40C05E0840C1558
:10B4EC00F1804052812D0211E0844C159844942532
:10B4FC00E01C0C35E08C0C05EC0418401814191DDC
:10B50C0086C3E084E0305853E06058030C09F8051A
:10B51C000C55E1D0400AE03C02A5E084F088405292
:10B52C00680849E80C158C1B0C25E0840C35E09060
:10B53C009844E01C084002110A14EC04891D608434
:10B54C0060844C1546038A33870160606030462363
:10B55C0080000076E0984C058BA5EEA5606014A3E6
:10B56C0048A286C3A443FB108E05984D8211184443
:10B57C0060844C1508408433091DEC04E0840814E5
:10B58C00402388034033E030E825E0600C3587F534
:10B59C000814601C0C05E0848833E08CE0304623F2
:10B5AC00E0604603E1D00C29E084440A000482E503
:10B5BC008C1B7B00E8084548E0840C15E01C0C252E
:10B5CC00E0840614440386239804E060E0984C85DC
:10B5DC00EC040000DE65811D0C3583B5A45360407E
:10B5EC00E0A2463A82A5865D001982038211E1E051
:10B5FC00E1E04011E0900C25E01C0C05E0840C15FA
:10B60C00E0840614402386034C85E030A404E098C3
:10B61C00E0A40C35E0900C25862D80330C3586C5C6
:10B62C008033E03490A5872D601C0C25E4040810B1
:10B63C00603C0C35E0840244E0844C454403822396
:10B64C00423260304413F0800C09E060400AE1D0D3
:10B65C0030F8E084E7B5DFFC86F5A11D601C0C25F5
:10B66C00E0840614E0400C4506338433484AE0304D
:10B67C00A033E0A28285883D040982238201E1E0A7
:10B68C00E1E044010C25A4040C15E01C0614E08434
:10B69C008623E084E03044038F01027160984C05EE
:10B6AC0031888F1B8C0BDFFCF2FC0C0CE0042708A0
:10B6BC00E0FC0C05E1000C15E0944C2560984C85E1
:10B6CC00F180402260BC4C054C25A223E125E0C052
:10B6DC00F81C040C81610224602000150045817166
:10B6EC008834E0A0C8C48A540035CA248653601834
:10B6FC0058529853825B7088044055CE81D5EC101B
:10B70C00827102847C181085F09852826010129518
:10B71C00B0C38861D5CE92C3FC75857D6088184412
:10B72C00EC04084070B04A120A50983318C06C30C0
:10B73C0081F5EC4082214D7402858264C477FC3023
:10B74C007C300C950C6588C1B283FC1CD58E8C8327
:10B75C00FC35892DF01C0C0CC1C3DD93F87C040C5A
:10B76C00ED801EF060BC00750035FF61811160C07A
:10B77C0060180025401581814065E07C0015E0884B
:10B78C0000C5E0B44065E0A8253EE140E0880674C1
:10B79C0060D80035004586231620606C4ACAEC4000
:10B7AC00812166864686213E2833E03C1B3EA05113
:10B7BC00E440061008100B377C3EE410E408061039
:10B7CC00CB570211853707478317195E81513E4EBF
:10B7DC008141093E0015951E931EE0DCE0E000154A
:10B7EC000015FE1E8D1EE028E02C00150015911E84
:10B7FC008FCEE0241D1EA37EE08402C481110B1E9B
:10B80C008EC32B1E81113CCE1A38971E0AA0E00065
:10B81C000B0AE4041A48E7201615C000A24D60106C
:10B82C005E45AD6E5E25C05C98F5C04CC41727BE56
:10B83C0060AC003519748CBB06C58E6BAB34FC0444
:10B84C0004CDAEC32B3E88339C0058204E600E05B1
:10B85C00298E9C00AF4E988BE0B000358BC48F4482
:10B86C00FC0406156084061488338E13E032463AC5
:10B87C00463A9DC490CB66B2E5000630463ACF37C7
:10B88C000D34E692421A8613421AF00A0210E68E22
:10B89C00D117E6001E4582CD5820005C1E859C0009
:10B8AC001E75805082658044966B2F44E0884095CD
:10B8BC00A14BA984811180C581E5AB1E966B01E576
:10B8CC0083413C14E14040959413A5247B08441219
:10B8DC00A52E8111A374AB1EAB249B14822DA7B48F
:10B8EC00C00013F81278A34D4C80400027CEDC002A
:10B8FC0016158321AF2EE01060201625E088081461
:10B90C00E0200035E0100015C42721C4FC100665AA
:10B91C00FC0806257C100245100599AD93C48C23B8
:10B92C009E6599AD83ADFE14EE34AA85FCC48214D9
:10B93C000215C43742C2FC0C1814FA044C22E08CD9
:10B94C00C267F1B01E95906D4C8000580FB89C00EA
:10B95C00298E8000E4100E40C77740C4B3111F1E1F
:10B96C00E686442A18259D1410207C0C1F34E4080C
:10B97C004E7AC58782CB6686AD110883483A107122
:10B98C004977E686E098022406060E830283E004DB
:10B99C001043831113E58F811F5E83711615805B35
:10B9AC001665F8301675F820298EF8102C84C417FB
:10B9BC0006C5C467C4777C04FC1806657C1C067538
:10B9CC000635C4872904FC208E639863866315347E
:10B9DC007A184632E0840C24806DA6631D8492454F
:10B9EC00E4100E40C7770A0B844342C466A24E7A19
:10B9FC009F54C4477C04181545778471087390CB09
:10BA0C0002739181487290110414708C0606E190B7
:10BA1C008911600887710BF5F8101675C477ACC4E2
:10BA2C007C1C06650635C4C789C4FC3046C28C3301
:10BA3C004C22FA0CC267F18C9EE5906D1840298E51
:10BA4C000215E410C7C77C1C84431D74024391810A
:10BA5C0044CA88118643669E8ECB44470606042151
:10BA6C004527E00804438571E18C041485110735E2
:10BA7C008A0B006BA374AD94A7C4AF448D559F542F
:10BA8C00C477AC74FC1C06154232BE340614FA049E
:10BA9C004C22E084C267F18C92E5906D1840298E9F
:10BAAC000035E410C7C7601484431D847C1C063524
:10BABC0058CA877110C1E6A249C78613184384314E
:10BACC0010CBC417043482438F816188600406064E
:10BADC00442A89118223E6B21124EF2F424A84436F
:10BAEC00421AF00A8613E68A826DF11F80501E6599
:10BAFC0080581E9580441E75AF4488C5E0884095DB
:10BB0C0023749714A7C4A34B971E82110015849518
:10BB1C008EA360F060A0002585418731442A9413E0
:10BB2C000610668E853DE41040485E154015831165
:10BB3C0081B5E07C8195AD94906B2D94A7C4AF44F6
:10BB4C008135A374A7C4AF4488B10C8B926B182BAE
:10BB5C008AAB2514F0A8527225A8829DA16D9FFC7A
:10BB6C0097248215E0F00015832D8221C088406552
:10BB7C001EF001114015E5800C0CE098DD93F07C73
:10BB8C00F87C040CED801EF0FF3101216080402513
:10BB9C00E03C4A86606C0025001581B1816160B47F
:10BBAC00608C403540358191A453614460C00035B0
:10BBBC00E440041060A800C500458B27A93EE0BCFA
:10BBCC00E01800A50410092E0727E410E68646CAE3
:10BBDC0044427E2E4427F1B050A2A031041070884C
:10BBEC000211E4080527CB371F3E8317E088064473
:10BBFC0086A3215E81310F2E00159B1EA51EE0E44D
:10BC0C00E0E800150015991E8D1EE0ECE0280015EB
:10BC1C000015931E971EE02CE0240015231E95CED4
:10BC2C00E08402C4B81B111EFF117C1E81110B1E77
:10BC3C0081C11D1E0D0AB1A518B8E31CA2CDC00010
:10BC4C005C004E30DC0046C02DAE965520248CABEB
:10BC5C000015886B98B360ACC4279F44FC08021590
:10BC6C00F1904E120C05867D9C004E308E9B2F9EC3
:10BC7C00E0B0005591749514FC080A2560840A24E0
:10BC8C0082538823E01E4A5A4A5AA374927B669EBA
:10BC9C00E5000A504A5ACF579314E686442A8A2361
:10BCAC00442AF00A0420E686D127E6001E95847DFE
:10BCBC004E30005C82059C00A1CB0C4BE08C4045C7
:10BCCC0001E580A501D581B17C248C4B404581B127
:10BCDC0083C161448823A914FA044222AF94A91E9B
:10BCEC00946B211482BDADA4C0001348833123CDC5
:10BCFC005C0046C0DC004A90C00011B8ADBEAB7E03
:10BD0C00F8101425E0200055F82014C5C42725147C
:10BD1C00FC080AB5601000250A75C4C7836D7C3019
:10BD2C00FC3004C58EB30E65836D99148D149C255F
:10BD3C00836DA8740214A6858924C477FC1C021593
:10BD4C00FA044422E08C0224F1844AB2925DC25778
:10BD5C0080000FA812C02F9E278EE410C014C79726
:10BD6C00B3113E1EE68650BA3EB4A314C587848137
:10BD7C006686529A16B59883ADC17C1C582A1091D0
:10BD8C004997E6B2E0040E0604B412830483E098EB
:10BD9C0010C3839113458F81A78E83211475A8241A
:10BDAC001485E0102F9EE0201495C427C4776030D2
:10BDBC007C080A150A75C4870A85FC1CC4977C206C
:10BDCC00FC240A5582731B1490732F940AB40A73C3
:10BDDC004E12E084AE53FA1C90E5925D10C0239491
:10BDEC004214E41096C3C78766A6508A0215C4C7CE
:10BDFC008481FC089883C58790110283709C5882BB
:10BE0C00E19016149181121B0E060B95A78EE0087B
:10BE1C001415A884C487E0107C200A750A15C41771
:10BE2C008F54FC044E528E134AB2FA04C257F19C42
:10BE3C008665925D85912F9E7C200415E41004C0CC
:10BE4C00C727238402C396C3442A88118EC366A2D3
:10BE5C00161444C70421E18C4527901B04C391811F
:10BE6C00E0080E06852105D5925B0D05C4777E246E
:10BE7C00FC1C0A15FA044422E0840224F1844AB220
:10BE8C00925DC257AF9E980510C0278E0015E41026
:10BE9C00C787601496C323947C1C0215E0040E061D
:10BEAC00E6A6508A8223108184114987C42710C3C7
:10BEBC0061881614121B84C307218F8142BA8991A1
:10BECC009213E686E51F172442CA82C3421AF00A6F
:10BEDC008E13E68A825DF11F805C1E55404588C535
:10BEEC00A33B608C882B1D1448202784ADB4DC0048
:10BEFC0082112B7486959D1E60F40015984B84CB93
:10BF0C00718446220230FF212924EC409514841DB3
:10BF1C005C0044301E25833D8311405060804015E9
:10BF2C008B4E85318145A92EADB4A78406CBAB745D
:10BF3C000840826110806C0414A0EC108A9B6C1079
:10BF4C008E3B0145925B7F35834DA9149FFC27588E
:10BF5C00A13D8B349D248215E0F40015832D8221A4
:10BF6C00C08C40351EF001114015E5800C0CE0989A
:10BF7C00DD93F07CF87C040CECA01EF060BC00851A
:10BF8C004015FF110015E090911EE0C0E030001547
:10BF9C00E01800B500158D1E8B1EE024E064001522
:10BFAC0089BEFE8E81110F1E8111131E81113E1E42
:10BFBC00ADB5FC1EE31C050AC00016E86020007538
:10BFCC00E08806A47C0C16858F1482210E95C487FC
:10BFDC00A11B7C2096C5932EB413FE149645B01D60
:10BFEC0060B40015065596330625FA10C457E020A8
:10BFFC007C140E450EC5C42704107C088727E4105A
:10C00C00FA10442260100095082492C34CC2E084BC
:10C01C001285F190A36D7C20A4B5BC8E60140045F4
:10C02C008B94C2677C140845E4100A8098834757A8
:10C03C00E6A64A5A6408164045B7882356BA90516A
:10C04C00C95766A6C4270A83848308B1C7B70D44B1
:10C05C00448A9683442AF00A0420E692CF27E5000E
:10C06C001EB5846D9AE58010846DFC24C09040A5AB
:10C07C0089B4BE24C0085E6598B5A12BE0F80025F4
:10C08C0044A291444822F18883217A10BE2E914E0D
:10C09C0000658BA542B260B40245F08C00B5FA1075
:10C0AC000660E0144447E4100E25873716C5FC10D3
:10C0BC004A32FC2004947A080654E0844622E08438
:10C0CC00A33DF18CC0101EB51645A25550C27C1074
:10C0DC003CCEF0A4E40816C0C5B70BC48441088359
:10C0EC008A83454766B256BA484AC487C23766B295
:10C0FC0088B10D54C7B708419643C747484A904387
:10C10C00484AF00A0840E696CF47E5001EB5883D40
:10C11C001EC580109865800089B4FC4440A5883DFC
:10C12C005E35C090BE34C008A13BBCC4003596152A
:10C13C009144E0F8F18C46A27A104832914E83314A
:10C14C0089D5BE3E10A00C340484EC04A011608888
:10C15C007C08166502248B170E45C437C467FC0C8B
:10C16C00FC180425FA084612E0880234A2A5891DA1
:10C17C00E08C0234F18442C2A0F5A31DB3414024EB
:10C18C00669248CA8BC4C2177C1804253C6484414F
:10C19C000A60C5478C436410AD614757E6B24A5AF2
:10C1AC0066B2582A1051CC27E69A463A82C14957B2
:10C1BC00C3C70A4386430D3498438443F00A444A68
:10C1CC00E68E442AE5000420841DCF27FC2496C566
:10C1DC0040A5841D5E15C09089B5C00810A002440E
:10C1EC000454EC04E08806847C0C16358B67A06143
:10C1FC000234C4570835E0880E45FC044C62FC142C
:10C20C000664FA0C893DE088066490054622E08CB1
:10C21C00A33DF18C40248E55E40808C0C5470B742F
:10C22C00C4C739517C040415484A9B21C237669E09
:10C23C00E68A449A4A6A084104C3E696E69E441A82
:10C24C00CC174747822108C3C3270AC30D2482C3D6
:10C25C0042CA84C3421AF00A0210E68ACF17E500DC
:10C26C008465823D823DFC14C09040A5C0085E35BB
:10C27C00A11BBE14001582551114E0F842A2A2A312
:10C28C00111EFA04BE1E831190AB111483AD9324BE
:10C29C009FFC2928D0F10111E0984015F07C0C0C82
:10C2AC00C1C3DD9360AC001500258141815160A0B4
:10C2BC008185843406CDC5C4FB3046321C00485001
:10C2CC00855D82514045FE15DD93E0B8F87C040C89
:10C2DC00601802658E35A32BE04C02559465815D88
:10C2EC00080406C40C25E08888637C106C040E00DE
:10C2FC00804B8381E0880624FC0C183586AB03F553
:10C30C00F8040C951895C497959DFC24879D82A5DF
:10C31C0002A5826516A4E0B4F7B7E17C8EBB16A328
:10C32C00949D8BA7A38B809588BB82750C60028132
:10C33C000E70EC1092AB6C048A8D964B9854F845A9
:10C34C001855C45781C5FC14040406340C25E08828
:10C35C000824FC080655E088804B7C1002C58A3BFB
:10C36C00C4276020E3400219FC081825E686463AEB
:10C37C00E686425A86530421822385274800855D30
:10C38C00880BDC00F07C0C0CC1C3DD93F87C040C36
:10C39C00EC801EF0E0840015B0F5A11D601C00259A
:10C3AC00E084121412738493A17DE0300045AED565
:10C3BC00875160A0E0601233E696504AACA5913DDF
:10C3CC00AC75A13DAC25917D0C70092E0045E40C9B
:10C3DC0000A5E0B4A041E0D4617C0A44FA8004A436
:10C3EC00F7570F2E04A40A430B47E1A00D4EE1A70B
:10C3FC00E088086460180055FA801624FE2EFCAE06
:10C40C0054520B5E0151F09081C5814182616924C7
:10C41C00E02000C51825C4278421FC084822852764
:10C42C00866DFA100FC4FC851223A01D8EC3C02C80
:10C43C00F0AC4EC25B1C4E229CF5A3CD892D8D24F5
:10C44C0004B09C85FA2DEC04917D9C150D249AC5A5
:10C45C00E18406B40CC00BA43E1EE404E088026424
:10C46C00A8230F1E82A344278191262360AE462A5F
:10C47C00E08804448C8B01B10315A6CB6924A4C3BA
:10C48C00821482810215C427C417FC08A6C3181392
:10C49C0060000412E8000212A29304B3FC058E8D16
:10C4AC0018900B840F14E408E40806B00325899453
:10C4BC0061148283C02482610415C4170025FC0416
:10C4CC00442AE0248A136686E50004204A12CF270A
:10C4DC008E6DF088FE14FAE5F420028A0C3488D5AF
:10C4EC0085C76108F1B0466286E5A03D60D00005C5
:10C4FC007C248CC342CA8AC3D107F00AFA80000498
:10C50C00E692400AE68A421A05078401E600021008
:10C51C0091170603820D3E04D0A44002C1E000191D
:10C52C00C4040210C1E040110C0CC0F1DD93F07C8E
:10C53C00F87C040CEC401EF060A8001500758141DD
:10C54C000025E0AC00A5E0B0A31D60A0884E9C4E79
:10C55C00831384358DF383339CC48254FC100A55A9
:10C56C009C5E985388C4C0547C100A5598538841DB
:10C57C000254885EF18448A21870234D4C70E4106C
:10C58C000855DC00DC005050608806447C3E8E6B05
:10C59C00E0881614FE0C0C9582A17EAEA2A30913A2
:10C5AC008AAB3EAE897383337C2C14A5CD84943B2B
:10C5BC001493B093F19E86ABBEC4FC840254FEA4CB
:10C5CC00C4C78A830EA08EC3489AEC0400D8E01C22
:10C5DC000E10A0008F13EC0487738333E174D934ED
:10C5EC00AE33D594F13E9233182040548875E41044
:10C5FC0060880E440C85846B06A07E1C0913E40431
:10C60C00F18448320614073330ACE0888A9B68000A
:10C61C007C0C1295E9B492AB1283B683F18E949B89
:10C62C0046524054C447F09C200100A858224000B8
:10C63C008305F0908A3B046BA00000D8EC0400103A
:10C64C0083338113D9048773D524CD148403A203B7
:10C65C00A0F1F10EF07C0C0CC1C3DD93F81C040CA2
:10C66C0060A0023502258741463AE0504822E69206
:10C67C000630F080874DEC0402358AA5080460185A
:10C68C0083C1E088FC100655C4578644FC14085539
:10C69C000C0083F50E0464040675E08810647C1CA1
:10C6AC000685E088C477FC207C1C08950875C48737
:10C6BC00937DFC208B7D8205028580C5CA7760B492
:10C6CC008095907D806B23CB02C180B584CD8C0B83
:10C6DC000C0CF825DD93F01C60A000550045813151
:10C6EC000254E0180454608881C5E08C4A4208CB9F
:10C6FC00713EF084943E84438231103E60A000551C
:10C70C008B3D984BDD93FC95F87C040CECA01EF053
:10C71C0081312D0D0455AC350445E10404A5E10827
:10C72C00135EE10CF19456124A12114E0495F190DD
:10C73C00401261100485F1A8585261140445F9ACFB
:10C74C004CC261180F1EF980F1A44E1258120D7EC6
:10C75C002C7FF1A0F1904812B87F0BCEA17DA87F61
:10C76C007C4EA275E08802B4C45709AEFE8EBE9E04
:10C77C00E0180495E11C0485E0B404A5FC141275C2
:10C78C00FC041215E0200455C417C477FC040A45B8
:10C79C00FC1C0A15E1200475E6A2504AF1904812DF
:10C7AC00669E4E4A907DB483044598E50C04612442
:10C7BC001235E0889304FC180A35C4374232FC0C5D
:10C7CC00421AF184924B66928C258E1DC4B78DB49F
:10C7DC00FC2C08050A65C4070405FC004662E12828
:10C7EC00463AF18C9104E6828825823DC4A78BA43D
:10C7FC00FC2808050A95C4070405FC004292E12CAC
:10C80C00421AF1988904E6828425861D0435FC04BD
:10C81C00C407E130FC0008050A05C407B203FC009C
:10C82C00E68E400A820D7E0480041E058875A90DD3
:10C83C00E0740415E094420A8FC486C5AFCDA0C342
:10C84C00C4C78655181588C31825F818F034F8088D
:10C85C000A15C417C4277C047C080A250A35C4377A
:10C86C00A413FC0C841DA6238C1000000C0CD0F11E
:10C87C00DD93F07C060B803B0C0CD0F1DD93F07C4F
:10C88C00FA7C040CEC901EF0827B0B2E0240090EFD
:10C89C000008E4C0E700044066400A4001F599C175
:10C8AC004265816118C07830C56EEC044265D56C68
:10C8BC004A63E02CC966E02CE02C4461FC55A1CB0A
:10C8CC00608802047C0EC207E700004000403E0E68
:10C8DC007E1EE640E4C0123064C01440E6400C30CA
:10C8EC008181110E12058D45992178307F589C1A43
:10C8FC001C1AE8147FFD57FE4002CFFF99217BAC38
:10C90C00F83054057E98E504690EE8148F9E992141
:10C91C00E02C12057E189C1A593AE814FBAC400224
:10C92C0099211E1A54058DAE860B602CE8147D6877
:10C93C00992111B40C03ED0C9E1AE05CE8147EC82E
:10C94C00602C0C031E1A80AB7E5899210C03E81442
:10C95C00809B608C99211E1AE8147DE88934FC2494
:10C96C004222FE44B42371A492230013402A8E3831
:10C97C00441AE0921144E0920202A13B920B600037
:10C98C0060000622EBFC041202323E340006EBFC83
:10C99C00A19D40009C004090603048030C269033D1
:10C9AC00461182818F94E03091BE8DA482088B0455
:10C9BC00E655818DC8F10101F27C0C0CC1C3DD93ED
:10C9CC00E08400447C000A03F0805852E09018C3C5
:10C9DC00FD0120C380CD3C04978018C4440418C0CA
:10C9EC008615A31DE68A44CAE50E582A658E442A8C
:10C9FC0018C08131C1006401728C4422DE27E3C768
:10CA0C0002CDA4CF80F593110A298853E22DE1E0E1
:10CA1C008B11805540118803DD93E3901824425A02
:10CA2C009833E088E0300635C35DC65780000A06AF
:10CA3C00D1944A128215CB3DE010000B8203C6073D
:10CA4C005C08C03D04439A0048018501DD93E390E6
:10CA5C00FA7C040CECD01EF081C10B1E914EAD146F
:10CA6C00891EB344135EAB148F3E805BA914971ED2
:10CA7C0099210D2E7E1EB134E79002408145AF0402
:10CA8C00042045C6A12BEC040400FE954F066580DE
:10CA9C001906E00081A1600806058D05000AFC1C42
:10CAAC00C7FF63FD4C4294C58D0170A8E3904C0107
:10CABC00A10B940A881480E50086C11D4C01C000AE
:10CACC00960AC3908265A10B709C42420215CE0758
:10CADC00C01DE030C0000036C3904C01D40A992E22
:10CAEC008205A10BFC30081B0036C01D4C01C00098
:10CAFC00156EC39011148A0B08BB942B069B8A6B82
:10CB0C0078D8988B1304EFFC192490CB0C5B923BD8
:10CB1C000009964B000AE0348665E3FC0009950495
:10CB2C000000E390010AEC148475F4047C4E890433
:10CB3C008B14944BFE04BE0E8F348D248A0B3C0E4A
:10CB4C00415893541924E800123B90CB964B8C5BC4
:10CB5C00882102A184C1087182089704E6D581ADB1
:10CB6C00E8F10101F27C0C0CC1C3DD93FA7C040CDE
:10CB7C00EC701EF08A9B00AB60141403A1B4828B82
:10CB8C000D0E9F548EF5A30D60301209E0840C44F9
:10CB9C0042B215C11663F0901D0481711846A10BA9
:10CBAC0042C1C000186063900B8EE6A0E5E00C005B
:10CBBC00FEAE895EBE3EFCBEB00283E50D1498123B
:10CBCC000004A203820DF08014138495900B602056
:10CBDC0092BB3CBE849B088B6FFC6F4814CB98AB0C
:10CBEC00169B922BFCB4904BBE3489548B84FEA4C0
:10CBFC0084610271E0301209F815817D0C0CB8F1DA
:10CC0C00DD93F27C60201413BCBE900BEFFC6DA87E
:10CC1C000C0CB8F1DD93F27CFE7C040CEC601EF085
:10CC2C00829B00AB60940034E18402A4820325C48F
:10CC3C00602A400A2984A1714202816140C27BB002
:10CC4C00A273FA80F398426240128073CB77729889
:10CC5C00E0EC02040E042E1F0B1EE194FA9040220D
:10CC6C0044422E1F211BFB88EFFC43F6A403201C1F
:10CC7C007398426280084C968000101848AA9F2432
:10CC8C00897EE6AA064406233E5EE1840623CA2773
:10CC9C00442A823B84C3E012F29844624E22A0C123
:10CCAC00CBC7729860EC167438BFCB777FFD45FE0E
:10CCBC0056CAC03F802B6408E0000E1AE180420A7D
:10CCCC001FFD57FE0E06403F7E18C0000404EFD433
:10CCDC00D01761E045FE241FC03F7FFDFFA1500728
:10CCEC0042CA7C9E7E8EE408E008421A406A0B948D
:10CCFC000984E028E580420AE188421A6D80420AE4
:10CD0C0041FE922B43FE5FFCC03F1FFC6FD472A808
:10CD1C00122B903B7258903B023BEFD423A4802BF8
:10CD2C00E028446A06CA21841D94E5FCE1FC061A3D
:10CD3C006580420A421A960B8E1B6188ED80420A6E
:10CD4C005FFC45FEC00447F6EFD47A2847FE3E242C
:10CD5C00C03F7FFD89B4A774446284937E84F298AB
:10CD6C00442290937C94F298442292A354CA7298D1
:10CD7C00041AE40C420AE0000406E18055FE40006F
:10CD8C00C03F1FFC61E006A450A7D0271403A62FB8
:10CD9C004212FFA145FE7288DFFF7FFC640842CA85
:10CDAC00421A8471C7776008E028406AE580420A1D
:10CDBC00E188421AED80420A1FFD43FE41FE5FFFEF
:10CDCC00A11BDFFC0B2482456CB8963B0131EFD4E0
:10CDDC0075D88E2B8195EFD48E2B0131EFD47588BD
:10CDEC00963B0B24EFD46BE843FEA11D5FFF1FFDA8
:10CDFC00DFFC41FE82E5A11B963B0B24EFD46B2894
:10CE0C0060F80414240FC5070131C51773F88E2B75
:10CE1C0081E5EFD48E2B0131EFD473A8963B0B2414
:10CE2C00EFD46A0860F80414240FC507211DC51738
:10CE3C007FFD45FE0414C7FFFF3101880188000403
:10CE4C0080F8021419844602465AA12B409A602895
:10CE5C00400AE52647FEE18404065FFC0033C0006F
:10CE6C00E5A6409A4022953B47FE7280A10B9FFCA1
:10CE7C00DFFC47FEF00A403A0C0BA00C0C0CB0F196
:10CE8C00DD93F67C814101B582414954985DC5C45E
:10CE9C0080000A06D1B04A52814DCD5E5D93FCD51F
:10CEAC00C1C38101F87C04CC67900A30E6A018302D
:10CEBC0081610F4E4806088B03A5E0242066809BF9
:10CECC0018A3A51B160E40001478D00000011606FE
:10CEDC0006A59000F27D0000484A80B554A2E49C5F
:10CEEC0065AE90AC0831826104C182518AA88281FE
:10CEFC00F8D5956D88D5E5AD82418F44885B0331BB
:10CF0C0081C103B578040A699478A51BE088106484
:10CF1C007C200085E0881274FC240095938D80950C
:10CF2C008175809580A5928D78044A71946683C131
:10CF3C0082310AA80CA482518D3DFA80A3CDF895BC
:10CF4C008101F6C5F07C0CCCC1C3DD93FA7C040CDA
:10CF5C00ED701EF0995EBF74A53EA14EA31EAB2EC4
:10CF6C000E059E141E85E0201E65E084BD94E080B5
:10CF7C00820B1F0E7B58A91E1B0EE8100E0583C1D9
:10CF8C004C05E0180E09EB54DC34E05800602D0E13
:10CF9C00C00B65419E48A70EE0200E1B5C589C28D8
:10CFAC004C35A9CF4C21EB50C0026D6904C41E0452
:10CFBC004C13E894C00166B16D6D4C414C51C002EC
:10CFCC00C0026D71E8107E8860180E050E2980BBBA
:10CFDC0090AB604CF0145405E0480E091219979E62
:10CFEC0081916034E0900E39E0940E497818540128
:10CFFC00E7F4030A78105431001081010270040424
:10D00C005441E460904B780CF8145421E01C0E351C
:10D01C0050019D1E990160485091A8065091E05412
:10D02C00A704E058AD24A914EFE46BE88D51210B53
:10D03C002BC490A5AD14809B640100600470400962
:10D04C000165E4A04944823BEC040630A13BC14E8F
:10D05C001E05FE75A19B6088990E96F5E0A4180933
:10D06C0012E5A10B8460168064601680E48002C017
:10D07C0064E004C0E5F006C064010060086040098B
:10D08C00C002650166010A6018604004C0066701B1
:10D09C008DAE8FBE895E8BCEFC6EFE4EAD04BE0E89
:10D0AC009F54A144A304BC0EEFEC6948809B2D1443
:10D0BC00A19B2BC405F588C5ABC495511809A524B3
:10D0CC00A10BE0701809EE25A30BE0741D0496F576
:10D0DC00E44002209924CA5400C00034FE6EE4409F
:10D0EC00BE0EFC2E961B3C1E98BB2304AD449B2409
:10D0FC00EFDC4CA88F51210B009B9085F3C596CB90
:10D10C0066F000C07B38942B963B6FE4A19B809B10
:10D11C0097518265009E9904E5701EF0920B025E99
:10D12C00F27C0C0C2104DD93E67002806401046037
:10D13C00943B40090059964BAB04E02CA11EFE1EFB
:10D14C00A0012D14BE2EFC6E3C1E952E930E8E1B34
:10D15C007F789D241904EFE0219B809BF6959951D3
:10D16C000E801DBEC00264D1942B27048E4B291453
:10D17C0064B8A134809BEFE48AA5A19B9D5179C52D
:10D18C0060701609A10B96CB0E09D4E504606058AB
:10D19C00C00265006601066008604004C0066701B5
:10D1AC0068104EC8210B8C1BD0959151AD14ABC49B
:10D1BC00E0701809D025A10B0470020B0660E4A0E6
:10D1CC004009640165F88C1B2D14EFFC2BC4809B6B
:10D1DC00E90593510480297EC001663195B49F7492
:10D1EC00272EFC2EE440007002043EBE7717E17C33
:10D1FC001D34942B2B048203E1140A048E4B115E14
:10D20C0002002D04BC0EE7004758A304809BE804E1
:10D21C006035A19BC0000AF6943B2B04AD24A914E5
:10D22C00E3040009A7148F1E8D1E9D44A5148B6E5C
:10D23C00FE2E89BEB0111124FC2E9B648C5B3E7EAD
:10D24C00A304BC0E43189324809BEFE45875A19B58
:10D25C00C0000B468C2B2B04943B25142974A7641B
:10D26C00E71000008C4BA0116FE45068009B8E5BA4
:10D27C00A19B8CBB0BC654152B04C00064910C8075
:10D28C002514C0030E3B942B00008C4B6F98E720A9
:10D29C00B8116FF8A19B809B0BD64ED52504C0000E
:10D2AC000E2B941B4C388C3B809BE8044C75A19B3B
:10D2BC00C0000BE6A514AB741754A1C4E730007082
:10D2CC00E0100245E1880E3B63200E19E440045047
:10D2DC0089BE8B6E9DC4FECEBEAEFCCE9B24BC2EF6
:10D2EC00EFF87B88A19B809B0BF644D50E19C000F0
:10D2FC0008806380C0046450942B23046FFC5D4849
:10D30C00009B8C3BE0004A06C1C3E165FA7C040C2F
:10D31C00EC301EF082AB1914849B1574866B3E5E48
:10D32C0088BB7C1E6040128947F8941B8E3B6800BA
:10D33C00E044120982E5A60D8665A90B8C25AD0B80
:10D34C00AF0B7CB4100B9A1549988E1BA30DEFDC18
:10D35C008D158C258E45A50BA70B7CB4026096957C
:10D36C00900B64206FDC7948A30D8E2B8B358225B6
:10D37C008E1B100BEFDC4848A30D7CB43E649295D9
:10D38C008E1B900B6FDC4948100B8C2B51588E1B4D
:10D39C008C2B6FDC921B140B6FDC550887B58C2B18
:10D3AC00642002607738900B8E2B6FDCA30D7CB45D
:10D3BC003E648C558E1B900B6FDC47A8100B8C2B8E
:10D3CC0052188E1B8C2B6FDC0E098565C0056FD136
:10D3DC0084E5A10B67FD0E159704C0016FC90E29DA
:10D3EC000E39C005C0056FCD60090E4BC21EC003BF
:10D3FC00E0105615E0585621E05C5631E0305643AB
:10D40C006FDC42E87CB48E0B80B5A30D8E0B3E1402
:10D41C00EFDC4AE898F1010140162C0E2E0EE000CC
:10D42C000C0C8101DD93F27CFA7C044C846B028B36
:10D43C00867B6028A008A218E8105668605810195E
:10D44C00A204802B5A78E034C8176810E0440C19F9
:10D45C009C55A51B4E05E014C00167DDE0180C0BB4
:10D46C0098349A2467E14E150C19C0014E03E0382C
:10D47C00C0026FE1E0540C0967E94E254E35C0013E
:10D48C00C00167ED6FC94E11A10B4005603C0C1932
:10D49C000C2981010C39E0404E11E048C0056FCDDC
:10D4AC006FD14E014E21C005C0056FD56FD94E31DD
:10D4BC00B0A5C00560510C0902604001C003649125
:10D4CC00E08804047C080235F08848124E358463E9
:10D4DC00400167F9E084060460600845065B82330E
:10D4EC008013612068014E458341400160094E5311
:10D4FC000C25C003063BE1BC4E41E150C0056FD189
:10D50C0067FD4E254E33C001C003600DE3000209D8
:10D51C0060214E010209C0064E01E330C0066025B1
:10D52C00E360020960294E010209C0064E01E39036
:10D53C00C006602D0C29914506706040E014E47023
:10D54C00E0104E0508241A044E15E088864360143A
:10D55C00603C0E59E08410248C0B100E70150015D5
:10D56C008683400260540CC9445A84334815E68AB9
:10D57C00001BE100C0047811781900495013C00851
:10D58C00425264004641FBB058726A000049F08870
:10D59C00C0087815EC004611EB00464178110049A3
:10D5AC004641C00808246D000059E0844008780901
:10D5BC000E43C42704708473400767716771084079
:10D5CC004651C01106C06E00C013677081510765CB
:10D5DC007C1400C9649010600EC4C0031095E088E0
:10D5EC0054827C1C8C73F09C7801449512C44002CC
:10D5FC0014A5E08490936060612012BB44A59883CD
:10D60C0048B3E400C0027801E1BC0E75E150129BF6
:10D61C004E32497E519CF09410C982519CC6E30055
:10D62C00E33010C9E4004EC1E36010C9E8004EC1FC
:10D63C00E39010C9EC004EC1F275835DF27C0C4C8A
:10D64C00C1C3DD93FA7C040CEC901EF084BB0B1E62
:10D65C0080AB2B1481813C5E866B3E4E8D1EAE04DE
:10D66C00AF74A514FE1EA79443B88F8E1639E8101C
:10D67C00981AE094A53B9A2AE0105213E014522316
:10D68C00090E8A557401000EBE7EC0078301260E5A
:10D69C0085017C0E2D64A18CFA800204940B2974F4
:10D6AC008D34FE24E8004D2860941619122B940B2F
:10D6BC0049988C3B0B64E8001629940B8E4B6090B8
:10D6CC00E094161968004E888D148C3B8904BE7446
:10D6DC008F05FC941619A334CC28E0908295C51DB7
:10D6EC00C51DCE2800141E658000122600181E15BC
:10D6FC00800050C6090E96E5F08440326020001977
:10D70C00E47004F0E120000960805E11E48002F016
:10D71C0060845E0159788C0BA10BE800008B80E5CE
:10D72C008B64879189048D140F048955E47004F07F
:10D73C00608402040C13C407021B80630C05E248CE
:10D74C005213E02402F06028A60EE48057B8BE64A1
:10D75C008C0B68008B11210B88F5FC1E04F00F0458
:10D76C00FE14E4700215C4078C036010E02400055D
:10D77C0002F00203E60EE4805658BC648C0B680081
:10D78C008475A10B8C1B0F0404F02164C207E47098
:10D79C0002F00203000BE4805203E0188C0B603C97
:10D7AC00E80055288465A10B808B0B648B910D14BC
:10D7BC00021B89047C38E1A84C03EFE0900B601845
:10D7CC00C8F11C8E0C0C9E9EDD93F27CBE7E8F04E9
:10D7DC008063C207E0180C0BE0385203E094160982
:10D7EC00C1C3EBB5FA04044C843B066B4406027BC4
:10D7FC000C0BE0007F58861BA67DEFD0A97B822501
:10D80C00AD7B80A5AF7B822501858695A57B8101AB
:10D81C00A77B8285810184D54C03DA0E0206602831
:10D82C004C13E10081D5E038DA0E8101E0284C037D
:10D83C0060304C03E1000006E0384C03E03C4C0344
:10D84C00F2040C4CC1C3DD93FA0C040C847B066B04
:10D85C004446028B0C0BE00C7C388E1BAD8BEFD04E
:10D86C00E00C101AED80420A8000000680704C011A
:10D87C00A58B82E5012182B5E480006060704C21AB
:10D88C00E4B002700C0C99213AB8F20C0C0CFFD0DD
:10D89C00DD93F20CF83C044C8C35A51B6FD10609BA
:10D8AC000619C005C0056FD96FC906290659C005F0
:10D8BC0040056FCD4811A10B4821E0344851E020C0
:10D8CC004801E0249AC5E03067F90605061BC00143
:10D8DC00C0036009602D06294805C0064813E010F6
:10D8EC000605E0E0C0016801600D061B4821C0037D
:10D8FC004805E2804813E0408B45E110603C065936
:10D90C00F08840326E700019E68018408171016118
:10D91C00E0344811EA700019E0204811EB7000194E
:10D92C00E0244811E68A425AEC7000096084041421
:10D93C00E0880A141002862300106C30C016677041
:10D94C00677102200450400FC00B67716030488132
:10D95C00E5000A40029B853550327C181085F08812
:10D96C0040047801F09854C278605493F0985212A5
:10D97C0078304A850685846188217C08E400129BF6
:10D98C005032558E5493F09C52C278301089F09CD2
:10D99C0082717C000889A4861084E030917DFA8025
:10D9AC000C4CF675DD93F03CF88C040C6038461189
:10D9BC00462181510430603CC001647060184653AC
:10D9CC00647018300C30C00240026671E00C43F6F3
:10D9DC008171032579004455F09C5062F15CC95E5D
:10D9EC0063005071A0568271E1005051E200505119
:10D9FC00E4005011E1000E0A0430FAD540166771AC
:10DA0C00E010180649568145EC0418C0FE95A1CBD0
:10DA1C0067F14655040640014655EFF0C00167ED2D
:10DA2C0067E946554611C00140056FD94623881B4E
:10DA3C00C0026FE9602D46510C0CC0060BD8F08C5F
:10DA4C00C1C3FFD8F81C040CE0180079E028003999
:10DA5C00E02000C9087006684A3AEC040049E692D6
:10DA6C000089E0145252601C0059F0B0810160240E
:10DA7C00D26D041840C6080E8E55E000EC0412401E
:10DA8C00E6A6525AD21D9093D96D8C75D11D8C354A
:10DA9C00A13B8AF5A15B8AA552C28A65128AF9A0BC
:10DAAC0088D5F0008895F07D8855F44DEC0812402F
:10DABC00F4F4130AE57D86B54E328675A27FF9948F
:10DACC000E8AAC7F8495F0004E1AB013A17BE11640
:10DADC00B86382F5E10E586A8255A1CBE00E406A1C
:10DAEC00E016421AE692400A080E82030C0C8101E1
:10DAFC00DD93F01CFA7C040CED501EF080AB3D0461
:10DB0C008191255E848B154E1630130E3B04E52057
:10DB1C00E0080D068171211EA30EA99E270EB904E3
:10DB2C00650100A01B0EC002660100A0190EC00406
:10DB3C00670100A0170EC006640100A01F0EC009EB
:10DB4C00650100A01D0EC00B8D8581019855A10BA0
:10DB5C0078901603AC12945BA734A5246B18A344DD
:10DB6C00A10BEFE0A13494F516039D44AC12F89090
:10DB7C00E03016238B4E8C38A7549F449744894E23
:10DB8C009944FE4E9B44FC4EBCAEBE4E6C58A54414
:10DB9C00A10BEFE093448EF51603A1342C12F890F0
:10DBAC00F0A44A42603016238E388C43E0510F5E4D
:10DBBC00094E8B5EE54008F09D44FE4EA754915EE5
:10DBCC009F44FC4EBCAEBE4E71989544A10BEFE049
:10DBDC00A904883511048FC40034A30BC0000006BF
:10DBEC00C0005835C0605835A14484B51603932441
:10DBFC005058F890E58008C00423AC12894EFC18EC
:10DC0C00FECEA744BE4EFCAE3C4E954464188341F8
:10DC1C000271EFDC04B18891A2188461E4F5837D74
:10DC2C00E5501EF0F27C0C0CC1C3DD93FE7C040CA1
:10DC3C00EC601EF084AB06B860100023021499410E
:10DC4C00000B81513E0EE014E760003041568145D7
:10DC5C00EC040840FE95A14B6C0400107FFC49EECF
:10DC6C003E04CFFFE410414AE00404DAED80420A9E
:10DC7C00EC0400006FF9015A40C6400F420AE00064
:10DC8C00175AED80420AE4300006ED80BC0EC0004D
:10DC9C00800013C8600A402EE7601230E6A01030F6
:10DCAC00E502441AE582481A0224092E7E4EE184CC
:10DCBC00E0FC0044C347201F8B4EFC1E2012A535F0
:10DCCC00A8348101401AA01D423AC686403AE5822A
:10DCDC000414E5020620F680050A6C80005BE47CE7
:10DCEC00FB8C48226C7C06429C004A10688C1854B1
:10DCFC004A0081510C341C000E54EC00A6436F8C6E
:10DD0C00789C4C62EC040842ACCF0B64689008C45D
:10DD1C00483BA75F4D4ACACB4C1AE40C8C3B600CB9
:10DD2C00420A7C644D6AE580421AE430420AE1887A
:10DD3C004052ED804E20509808F5DC00D28C4242C7
:10DD4C000865A12B80000E066C040E200F0A803B88
:10DD5C004610E47C02201C004472EC8400067B8498
:10DD6C000222C0000804EC7C0A146F842223EC000D
:10DD7C00233FA30FF8904852A83F0B146C040422C5
:10DD8C00A53F8C03F2844232FE348924EFCC6EA87A
:10DD9C000070002B0870E42C010A6C540331E47CF5
:10DDAC00FB90480200000606E48000CA6200000CEA
:10DDBC00EC7C0A426F941804EC000C54AB3F2A43E1
:10DDCC0078B05862EC040842AB0F383F44AA293FA4
:10DDDC00471DE400E00C41F6E00C421AE580420AD3
:10DDEC00E188421AED80420AA11B9EC5BE448EF505
:10DDFC00F6800024F6800244028A80139075E48039
:10DE0C0064740F0A9C158341BD113E04402AAE1365
:10DE1C00044466820270E88404206408A32FEC0496
:10DE2C00F808460298D5853B6C800610E47C030A02
:10DE3C00461201210416FB8C02CA4000080CE48037
:10DE4C00023262000A44EC7C18146F842233EC001A
:10DE5C004AC2A32FA34F789406322A2F272FEC0403
:10DE6C008111880342220755040BF284BE248131B0
:10DE7C00EFCC70E864080670070A812101E5E47CA8
:10DE8C00C000041664080670E512402A6592422A06
:10DE9C00E47C070A040683210870800006CA6C78AB
:10DEAC000A0CE480483262000642FB901854EC7C69
:10DEBC000C346F8C2643EC005862A72FA75F78B008
:10DECC000842382F292FEC0442128A0373F8F28887
:10DEDC0004706FCC008AE40C41F6E7FCA11B000C2B
:10DEEC00C00C41F616B0A40682916C04848108A182
:10DEFC000244819586716884EF0F820300027F458E
:10DF0C00A1BBEFFCDFFC2DD8B0F13C04F67C0C0C73
:10DF1C00C1C3DD93F804040C80CB061D7A0C4C12A3
:10DF2C00FB0442321C005820F18446621C00440061
:10DF3C00670FFF01E17C0CC4698C0EC4F898400299
:10DF4C008403AE0F79084C02F9304E02A16D8E6F2E
:10DF5C00040484F5BF6170804662632F4229F18C02
:10DF6C000424A7CF06C476800420FC7C4222EC0457
:10DF7C002263F1846D3FA30F0335841BA31D86031D
:10DF8C0041FC04241FFC41FE0275DFFFD0884002D7
:10DF9C0060010606C30760000210062FA40FEC04F4
:10DFAC00941E900EF0040C0CC1C3DD93FA7C040C8F
:10DFBC00EC701EF0889B1D34826B00CB5022062D1A
:10DFCC005890FA0C52001C0021049C00FB084632AD
:10DFDC00718C54829C004C504A107ECE0D0E9C00CD
:10DFEC001F048C1B095E942B0B0E868B6AF8980B06
:10DFFC00007BEFCC7F0182BB7CAEFF116A78942B47
:10E00C0009A4EFCCE17C046478884002F8884212C1
:10E01C00B61F2E0F56023E6E4E12F0A44072F2A89E
:10E02C0042727928820FF9189835A10DE17C02749F
:10E03C00F08440B272844472441FC20F6878902BF3
:10E04C00211BEFCC0014BFC1811156809C044000F1
:10E05C009680000484800000EC040C0044627C84F4
:10E06C000020F1A0050A6C804822E47C42B07B8041
:10E07C0000429C0056706C7C06149C000A046F8055
:10E08C004652EC00A1BF788C4EB27EB447F6F98CA8
:10E09C00B0C3600071A04A320B0AA0435852647C92
:10E0AC001EB5FBB0965B00046C041042EC7C08C2FD
:10E0BC0040000A06EC0014446F9012541014B17F07
:10E0CC0040A2688002B4F8A4A8C3689000C2201FC4
:10E0DC00211FEC04E89000547C7C0214F18844323B
:10E0EC00EFCC636803D59003F29C4212FF01238DA1
:10E0FC00020682F560006001E0FC0074C37743B750
:10E10C00B60F02AF79A84272EC040C807FA781A5F0
:10E11C007FFD43FE0121DFFF42229403906B72844A
:10E12C00880E8B240D048A1E806EB8F1F27C0C0CC8
:10E13C00C1C3DD93FA7C044C887B0A6B7680142473
:10E14C00E00048C6B4431951090A34534A42E47CEE
:10E15C0081C17B946C7C08529C0058000000000626
:10E16C00E4B012106F9002C4EC001644788442B2F2
:10E17C002853A90F0252A20F86A36C0468840204D0
:10E18C00E89000C46FCC428881818131FF213493A7
:10E19C00849D1E1E82859C0E128A189E8A55E0FC58
:10E1AC006FCC5BA8ECF8049051E60525322BE0000F
:10E1BC00050A803B4610E47CC1111C004222B213BC
:10E1CC000412FB840834EC7C813168881C00460006
:10E1DC00EC000A246F8800344052A413204FF880BE
:10E1EC00EC04001268800244E88800349E1E9C0EE9
:10E1FC000C4C988EDD93F27CF87C04CCD2C48F5EF0
:10E20C00F0140865580A9D5483C1609040000416B0
:10E21C001964A16B918844C2A32B157497949B84A9
:10E22C0091B493A4E686443A82758D5EF95115C17A
:10E23C00E6B2581A58CA8AC196C1E68298438ACF68
:10E24C000A400FC4421AE410C40766829041304E53
:10E25C000A142C5E1824E088564260881843F09407
:10E26C00284E96C324CE8AB3E088083480B3164374
:10E27C00708840B2161382B3204E84B39C0E861362
:10E28C008D0498BE0CCC801EDD93F07CFA7C044C83
:10E29C0088AB027B617C10741003866B527284BB5A
:10E2AC00509FF2A0100BC08F5518921BA11BEFCCE6
:10E2BC00D68000149C0440009680000484800000EA
:10E2CC006080010AEC8402008255A81E41FE7F7713
:10E2DC00DFFF7FFD81010073A80E987E561B85150C
:10E2EC008203902B6C800200E47C010A7B84400248
:10E2FC00C00004066C7C02029C0050906F840424C5
:10E30C00EC00061444322203238FF888EC0400023C
:10E31C00A17D248FE8800084D18000040C4C980EE1
:10E32C00DD93F27CFA7C044C827B0A6B617C026488
:10E33C00E17C067481A10243586211B40603F28495
:10E34C00F90450C2728C4A725842C60FC65F7904E7
:10E35C00E5B2420AE532465AE5B2485A428A0233DD
:10E36C004842E502528A72A80613E582E522465A13
:10E37C0072A44842E5A24A5A708C5042E532400AD7
:10E38C00F2A84852F99046828E85A13B06440F2E86
:10E39C004A82E17C5842F08C07CBF28C06C4C6CF83
:10E3AC0090CB5680990C4A52968006548480063045
:10E3BC00EC040A30E47C0B0A1C005840EC84083056
:10E3CC007B904A52C0001006EC7C08526F9012846D
:10E3DC00EC00144452A229CF2853F8A41216B2CF41
:10E3EC000A5260042693EC04E89414C4922B298FEF
:10E3FC00EFCC4AE8B41F0F2481A1300F01E584B3A0
:10E40C00A11DB2B356B2026504B39088E0FC0614A9
:10E41C00C317430716B0260F21BDEC04E00004B26D
:10E42C001FFD43FE41FE5FFF048ADFFCFF8160FCA1
:10E43C0048D880F504206FCC45E6ECF84E6FE00030
:10E44C00F18048A2906D13544040154446A29C00A4
:10E45C004230F384961E9C00902E940EF27C0C4C51
:10E46C00C1C3DD93FA04044C807B026B8111580408
:10E47C006BC804F640B881310404EFCCC21761FCC0
:10E48C007C7C00048403A22F7C7C02040013FF0715
:10E49C007001000E411DCFFFE1C000140000581E9A
:10E4AC00803F0FFD45F65C144022C3FC009AD180DE
:10E4BC00C03F634D200100F8DD1740006D8D00005A
:10E4CC00401AC03E871166826686400AE0144306F5
:10E4DC00009A8FA5C03F61C9200100E80000C00070
:10E4EC00C03C6F2D6682401A400A871102866686F0
:10E4FC008D95E03061BD009A00E8C03EC00020015F
:10E50C006D750000401AC038871166826686400A15
:10E51C00E0800386009A8B85C03C6071200100E886
:10E52C000000C000C0306DF56682401A400A8711A9
:10E53C00038666868975E12861C9009A00E8C037B0
:10E54C00C00020016F290000401AC0248711668288
:10E55C006686400AE2540306009A8765C02F61491B
:10E56C00200100E80000C000C0166FC96682401A86
:10E57C00400A8711020666868555E41063F9009AF5
:10E58C0000E8C022C00020016D590000401AC00AEA
:10E59C00871166826686400AE62842060721834573
:10E5AC0062D9009A421AC012400AE68A40002687B5
:10E5BC00295943060000C00080022DB92686400A66
:10E5CC00A8240206E086400AD1800004F2040C4C18
:10E5DC00C1C3DD93FA04044CE0300649E090480ACC
:10E5EC00C0000406C00046258C4480F50816A14BDB
:10E5FC004442800015419188421AA32BF92166925E
:10E60C0064500C308A1181716682401A9601811116
:10E61C004C62802F545890888C0B6FCC0C4C987E8D
:10E62C00DD93F204FE7C040C6C611EF0133EC00101
:10E63C000E09807B8121604C60BC5E255E25886B59
:10E64C0081A160B40AF01D0EC00164515E25DC345A
:10E65C005E25E0AC5E25E09CA13B608C06343F2E31
:10E66C005E25C1545E25E1045E25E1005E25E0FCDB
:10E67C005E25E0F85E25E0F45E25E0F05E25E0EC3A
:10E68C005E25E0E85E25E0E45E25E0E05E25E0DC6A
:10E69C005E25E0D85E25E0D45E25E0D05E25E0CC9A
:10E6AC005E25E0C85E25E0C45E25E0C05E25E0B8CE
:10E6BC005E25E0B05E25E0A85E25E0A45E25E0982E
:10E6CC005E25E0945E25E088BD2EE084443ABB2EA6
:10E6DC008731468E800C0E25E0500E090424971EBF
:10E6EC00A32D8138C40004068121192E9314982E71
:10E6FC0060204231042E8131E7C002F004F00D1E7F
:10E70C000B2EE7D0E7E002F004F0091E7E2EE7F0B6
:10E71C00640102F07C1EC001641104F03E2EC001A5
:10E72C00643102F03C1EC001910E832197449D146C
:10E73C00EFFC5648E1141E05AB0B8004E008001AF0
:10E74C00ED80420AC0003C58E10C1E05A10B800470
:10E75C00800000B680004C0580003BB8676000F07C
:10E76C0064400AF00D0EC001E77000F000F00B0ED3
:10E77C00090EE780E79000F000F07E0E7C0EE7A01B
:10E78C00E7B000F000F03E0EC001642181213C0E88
:10E79C008131110497449D14EFFC5308E1101E05C0
:10E7AC00AB0B8004E008001AED80420AC1141E0570
:10E7BC00C0000005C000342861081E05E58008F083
:10E7CC00610C1E15E5700AF080048131811104245E
:10E7DC00EFFC4B2806F03314B104E5307C3EAF243B
:10E7EC00E54006F0804B3E3E825B3C2EEFFC59C868
:10E7FC0081611B7E2FB891540E09E000811160409D
:10E80C00E09C5E15E0885E1540003D1E1E05F3F889
:10E81C00AD0B60F4E0985E15E0945E15E08C5E152F
:10E82C00E0845E15BB1EBF1E88F5956E60F01E352C
:10E83C00E7100CF018F00044AB14E6C07C6E8C3082
:10E84C00E17C0A44A904BECEBC3EA724EFFC56C80A
:10E85C0060B41E15E70006F060B01E051E258C4B3B
:10E86C005158E0C41E25EFFC1E35E0DC1E05E0D837
:10E87C001E15E0C08195E0C4E0F01E15E0DC1E25FD
:10E88C00E0D81E358410800408F008240C30E5C054
:10E89C00E5B00AF0EFF87408819101810E09A9D551
:10E8AC004000E040AD0BF3F81E358A750CF060F8B3
:10E8BC001E05E71018F060FCAB14E6C0FC24063112
:10E8CC00FC200045BECEFC6E0A442904A724E17C42
:10E8DC005298BC3E1E15EFFC06F060B41E05E70016
:10E8EC008C4B60B0E0C41E25EFFC4D28E0E41E25E7
:10E8FC00E0E01E35E0C01E05E0C41E151E0581D5E6
:10E90C001E15E0FC1E25E0F81E35E0E40005E0E0F5
:10E91C000211FC200425FC2408F07C200631E75071
:10E92C000AF07C246F78E7401E25EFF8A32DE0D485
:10E93C00DC04809582C5A10B60D01E1508F0840BF9
:10E94C000AF067501924E7406E589D311E25EFF8E8
:10E95C001E35E0D408F060D00AF0E6A08301669082
:10E96C006FF87EA80E0981114000E040AD0BF3F862
:10E97C001E358AF50CF061001E05E71018F06104D5
:10E98C00B314E6C0FC240631FC200045BECEFC6E60
:10E99C000A443104AF24E17C4C58BC3E1E15EFFCFC
:10E9AC0006F060B41E05E7008C4B60B0E0C41E2579
:10E9BC00EFFC46E8E0EC1E15E0E81E25E0C01E0565
:10E9CC00FC200245E0C41E15FC2404311E058315F1
:10E9DC001E35E1041E15E0E81E25E0EC0005E10003
:10E9EC000245FC200411FC200631FC24282BFC24BD
:10E9FC00E73008F06FF86908E7200AF0A58EA39EAF
:10EA0C00A10BDC041714842552D88E0B1E05EFFCC9
:10EA1C00802B60CC60C81E15E73008F067200AF028
:10EA2C0067989D311E65EFF812F060CC1E35E740FB
:10EA3C000EF060C8FC9EE6E00A643E7E1E15E17C8A
:10EA4C008C4B60ACE0A81E05E0A41E25BC3E9F3E8E
:10EA5C004698A15E1EB5EFFC1E85E0BC1EA5E0B875
:10EA6C00961BE0D05578900B942B6FC8E00002CA2F
:10EA7C00E000021A670500EA420AC927421AE5803B
:10EA8C00420AE18882A5ED80727D10068101400268
:10EA9C0060B85E855E0581A181B160BCE0D05E0589
:10EAAC00609C1E15E65006F006F07C3E3E3EE6608D
:10EABC001E05904B965B6098E0941E256778BCAE63
:10EACC001F34EFF8FC9E8C4B1E15BE7E1E05E0BC61
:10EADC001E25E0B8BC3EE0D04258A1541E35EFFCD8
:10EAEC0018F060D07CCEE610E62018F01E15BECED5
:10EAFC001E05E08C1E25E0881E55E0841E45E0BCFA
:10EB0C00BC3EE0B8EFF8654860A41E35E5D018F0BF
:10EB1C0018F07CCEBECEE5E0BD04BF141E55BB2460
:10EB2C001E45E0ACBC3EE0A8EFF86428A584A39495
:10EB3C0082919B749D0488812B28930B3944DFFCB4
:10EB4C00E5D00CF00EF03734FC6EE5E00A443E7E66
:10EB5C00BF14E17CBB24BD047E58BC3E7C6EEFF838
:10EB6C003E7E81313F148341BD048151BC3EBB24A8
:10EB7C00EFF861E881513904BB94B7143D44BF34BC
:10EB8C00E9840404F6800C24376EBE61F184426281
:10EB9C006C800410E47C030A7B8850129C004A00B1
:10EBAC006C7C0E82817C00046F9C0254EC0004741B
:10EBBC0054220C9D1604F884AE83689C82A5A55E35
:10EBCC00719844924A78880B861B6FC8823B004B25
:10EBDC008C9B3D4EBB6EBF3EB4BF379D148202F57D
:10EBEC000490EC04880B6C286FC84968004B861B9A
:10EBFC003D4E9591BF3E823B2524BB9EF98C4042F5
:10EC0C0002B4210B0235E8A8E89C002483410121C1
:10EC1C0083213F2E81313D2E6FC46DE83F1E882B22
:10EC2C001E15B2630EF0609C1E35E6601E25E09842
:10EC3C003B6EE094E6500CF0860B3D0E864B7C6EE2
:10EC4C00825B3E7E76F8BC2EBB34EFF8BE7EFC6E4B
:10EC5C00E09C1E15E0981E05E0941E25BD44BF5493
:10EC6C007618BC3E1E35EFF881716098E09C1E55FD
:10EC7C00E08C1E1560941E35F18C487273944A72A8
:10EC8C00E61018F018F07CCEBECEE620E0881E050B
:10EC9C00E0841E2558B8BC3E1E65EFF8FF01608C61
:10ECAC00E0841E851E95806D0C0640885E75800084
:10ECBC008C1B008C00885E751206902B42B880006D
:10ECCC00920B6FC8E00002CAE000021A640100EA6D
:10ECDC00420AC100421AE580420AE1888225ED8091
:10ECEC00608C5E755E05FF0181A16088FF010305E4
:10ECFC00E044108A048082F5920B6C406FC840C8C7
:10ED0C0081A18C1BE08C5E15E0885E0591549B7490
:10ED1C00210185553003E1114402B013010A7B84B3
:10ED2C00121BE47CEC7C0022400002069C0052602A
:10ED3C006F800614EC000804A19F20234642115456
:10ED4C00269FF88CEC04042200141B74259FE88089
:10ED5C005E0581A15E95E0889564E08C1E25933458
:10ED6C001E45E104026460F81E35E08886136100DC
:10ED7C008261460E1E159DC400C4E0FC9833608869
:10ED8C008013002361045E251E2598435E35E0F454
:10ED9C001E35E1005E15E0F0882160FCE0EC1E15EC
:10EDAC0060F45E251E2582315E45E0E4801360F838
:10EDBC00E0E81E4560DC1E055E3580231E35E0F064
:10EDCC00984360E060EC5E151E1588015E25E0D866
:10EDDC00983360E460E85E455E35A121821160E005
:10EDEC00E0845E25E0DC5E05E0D85E1510688B6B78
:10EDFC001304DFFC01B5811141249801EC040A5085
:10EE0C00454A9E34040CE40C8413E200FCD5A15B4F
:10EE1C00E0580E091E059334811D6114E200040CA8
:10EE2C008EAE8C2E4611800489116024A50B932480
:10EE3C00C0000266E0204411A50B173493148645DC
:10EE4C00A31B8414CE1480E5E094424A00300E25B6
:10EE5C000E198430AD1BE040400C0615C430003058
:10EE6C00AB0B8AF5800C06059C940004800C4605BF
:10EE7C00E1101E05A51B80140E1982750410E040CC
:10EE8C00A11B6C18E40804DAED80420ACE1488F554
:10EE9C00E0440E29F0C042104410292BCE2EFC0465
:10EEAC00800480F54210A50B46159C0CCE14800CEA
:10EEBC00E094420A00308205892164309121812539
:10EECC00801EA41FE0500E09420193141EF0E0288E
:10EEDC00C0016461F67C0C0CA31BDD939314FA3512
:10EEEC00A31B8414FD45F4A5FA7C040CEDD01EF094
:10EEFC0060901EA5115E82BBA14E8181E090141919
:10EF0C00E0A01E65E048004902718013988EE07005
:10EF1C00E0104C850019EE24930EE04C60500099E3
:10EF2C00E080440AA71EEA089F3EA34E8425A50E46
:10EF3C00441A2C04A10BE084E200000C0098AC0EE7
:10EF4C000121A0007478920B963B6FF8EE24A71465
:10EF5C00E088440A032180E573D8920B963B6FF846
:10EF6C0000F0A7140AF065400D0EE5B0E57000F056
:10EF7C0000F00B0E090EE550E58000F000F07E0E5F
:10EF8C007C0EE560E59000F000F03E0E3C0EE5A036
:10EF9C00120B832153188E3B964B6FF8E1216E04B4
:10EFAC00E0941419E08C400A406C1E054085C81989
:10EFBC001605C000AB1B400CEE0E840F1738A7349F
:10EFCC00A17DC000C00014788004B70416B8A50B4E
:10EFDC001E0580009314E0980005A5548414E010DD
:10EFEC00C8572324165021C40203E440820DFF119C
:10EFFC00C1AC0004412E520A9180000481AC000483
:10F00C009180000481AE520AE68A403A0026D70D60
:10F01C004C058000147880009F048000E0181415C3
:10F02C00081480086A08E1208235A70B602C181997
:10F03C00830B8331181984158185E02860241819F5
:10F04C00830B8331181982150211E020E4040600A9
:10F05C00E692481A86C5A14BE08400448645813D62
:10F06C009F4EA55EE0201405400AA13E9D0EE68A47
:10F07C00E68A400A600E443E020481319B2EE17CFC
:10F08C00EFC46068E194041480E5A12BF6800E2493
:10F09C00890181C5A175980E61940404E0EC0614F5
:10F0AC000E24A62FC071F6806C140470050A803BE8
:10F0BC004610E47C02701C004222EC940412FB8487
:10F0CC000834EC7C813168881C004600EC000A2472
:10F0DC006F8800344052A413204FF880EC040012C7
:10F0EC004A1A9F14024466860034E880813168888D
:10F0FC00445A995E5358E6AE6828EFC4971E806B4D
:10F10C006258A4738E2B6FC40014A11B0004D6800C
:10F11C0000009680AE038480E080010A406002B556
:10F12C004216DC004412E0008C0B7180846B1714C7
:10F13C00EFC460E82F44AC73E5C00AF0B97EA914A3
:10F14C00043090246E788E1B3904EFF4E0004606F0
:10F15C00A124A914A5648406F6800424483215AEB3
:10F16C00174EF1888F359E61905B23048181213489
:10F17C00029483350000617C8C1FEC04961B029377
:10F18C000206979DA293C00060880294941382910A
:10F19C00E0280215A10B82831D14FAB5E0940084BB
:10F1AC000AF00AAB0EA4E5C0A203E088F0800404C8
:10F1BC00E1940224F6800214EC1802104212824DE3
:10F1CC0004249190021008844242841408565184FD
:10F1DC000424C000424249041F04D184442AA10DD6
:10F1EC00B344E68EE082402AB91EAD347C1C08255F
:10F1FC00D18000047C280631A55E8E43EFF468C8EC
:10F20C00AD249B04408AB934948B6682020490230B
:10F21C000836F68025C4A41D800002060210314475
:10F22C002B34CC089954A30F95A4B91E7C1C08252B
:10F23C00400A8E43985B6016FC200631EFF466C8DA
:10F24C00B914AB048281100397448016818BA704F8
:10F25C009114E295B534932486188408E05404493B
:10F26C00401A8C24480AE682022066928C1EE40422
:10F27C0080B5891B851137048355801E8475A12D9B
:10F28C008425A10B042993240424E040040AFC00E7
:10F29C008235F018E182401A1E05A10B0256006C53
:10F2AC00FA658000E5D01EF0F27C0C0CC1C3DD9336
:10F2BC00FA84040C826B007B604C0E190E099521AC
:10F2CC0081516050441A905E4855E68A8A21E010BC
:10F2DC00E68A440AC821C2276425048A08A5C00C02
:10F2EC0080000066E0400E2986D5EE2DE00C183625
:10F2FC00E488584A0EC98635F3CDE048007604C53B
:10F30C0006C98000FCCDE02C06C982B5FCCDE024FA
:10F31C0006C98235FCCDE028063980B5FF3DE020DA
:10F32C0001358215930191010C0C900EDD93F28442
:10F33C0060440E39E0C00814A04F185EE0104C4534
:10F34C0007F62B3B583EFEAC07068131AD2B000077
:10F35C0004345A3E4C25DC948121400C6FF853C880
:10F36C000E098C3B83216050604C0E190C0C8C3BAD
:10F37C001318F284C1C3FFF8FA3C040CEC201EF005
:10F38C00829B006B0E603E2E088BEC043C9E86AB81
:10F39C0001218101014189315AD88E1B8C5B6FD0C0
:10F3AC0082B5A10B81013EAE81213C9E8141113180
:10F3BC008C5B0E1BEFD05A0880A5A10B0C0C90F1A6
:10F3CC00DD93F23C81013E8E81213C9E81412131B5
:10F3DC008C5B0E1BEFD059080C0C90F1DD93F23CBA
:10F3EC008605A11B880DFF41C1AC0804C106484A23
:10F3FC00D19048121780080473FC40000844C007E1
:10F40C000840812C424A84048816E18681010C0E46
:10F41C005D93DD93E0084096FE7C040CECE01EF05E
:10F42C00886B00BB60181689067B844B04F082AB9A
:10F43C0006F064D0094EE4A07D38880B901B6FFC5D
:10F44C0064C004F0E49006F0901B140BEFFC7CA855
:10F45C0064B004F0E48006F08E0B0B7E6FFC7C280D
:10F46C001E09901B98B160D060C01E39E0840484E2
:10F47C0060B01E5942079623EC080420708042B2FB
:10F48C000010C2374EB26C08570DF08C4257849B5B
:10F49C009C0052006C080070F09446B2845B570DCF
:10F4AC001C004A00EC08003084CB570D58001504A2
:10F4BC00FC0E9C000B048904130481ABE000541A6D
:10F4CC00ED84400A9104BE0E81013C0E9195FE0E16
:10F4DC008AAB0F8E8E5B048AA40A8D9E8994FC7471
:10F4EC00400AB0030F2A669EC0086400521A8B743F
:10F4FC000E00601CC0046400400D4126D77740000C
:10F50C00400D5E058C9B400020000188A0000C067D
:10F51C00B00A8C6AAC03BC446692400A6400091AB7
:10F52C004926C008C000200D200D5E45000040009B
:10F53C00C00464018063D70706258E8380000E0605
:10F54C00824B147ABE14A80A400AAE03031A6686CC
:10F55C00C0086400200D43265E15C0004000200D3D
:10F56C00640100005707C0048073881B7B80006413
:10F57C00FB800C847A804C62E40800107B8002745F
:10F58C00E408411A7A984212591C926B4200961B5D
:10F59C0000503C00411AE408967B64084E000D4470
:10F5AC000030BC00963B64086408411A4600969BE8
:10F5BC0000403C000F84E408E408411A3C0052006F
:10F5CC00E40800A06408411A4A00965B00C03C00A5
:10F5DC00411AE40896CB64083C005800EC041080F7
:10F5EC00E000101A3FFD37687E04C3FF0C0CF0F1ED
:10F5FC00DD93F67C71884412E1F582338401C207F5
:10F60C0000045D93C1C3FA80FA00004CE506440A7D
:10F61C006586400A04208111C20064017284400294
:10F62C00E1CC082460B802040624DA07A04F61C8B4
:10F63C0079844432FC7C00446010020669188131E4
:10F64C00084CEFC0DD93F200FA04044C802B046BE1
:10F65C004E96212B82C5E00860C80014E184062474
:10F66C00DD170603813101716FC067C8F29C42122D
:10F67C008E0B980EF2040C4CC1C3DD93E506440AC4
:10F68C006586400A04208111C20064017284400224
:10F69C00DC07E527A40F5D93FA00004C822B420790
:10F6AC00811104017A8000046F1881310404EFC0C9
:10F6BC00A22FE1A041FEA12B0004DFFC084CFA8034
:10F6CC00DD93F200FA00040C6FFC7A080264846B80
:10F6DC008203E184E01A400AF2000C0CC1C3DD93F2
:10F6EC0069294386441AC001401AE50281116582DA
:10F6FC00640104204002C200E52772845D93DC079C
:10F70C00C1C3A40F04348331A33F6888422A8221E9
:10F71C008013E68E00145D93C1C3FB80FA04044C85
:10F72C00847B066BEFFC77288461C267FA800264E5
:10F73C00E69E421AE502441A6582401A04208111A1
:10F74C00C008640172844002E807D9270C4CA40F4E
:10F75C00DD93F2048111210B00008465040E6C040E
:10F76C004602FFF0A13BF80841840004C4040210D7
:10F77C000214FE3500047B80D017FA805D93A01F25
:10F78C00FB8000147A800204A11FD10700105D9346
:10F79C00C1C3E404FA00004CE502482AE5824A2A77
:10F7AC006506403A423A882B8A3B6586EFC067086B
:10F7BC00600104068131420042128403F907728C05
:10F7CC0060900414240FF917850BFF211FFC41FED8
:10F7DC0041FEA11B084CDFFCDD93F200FA04044C43
:10F7EC00866B211B81710A4588E5A12B7E81060E53
:10F7FC00481A40004A0AE50A400AE50E461AE58E08
:10F80C001854658A5607E1D4E1840244003420CFB1
:10F81C005657E0FC0434A01F401261844222F0943D
:10F82C00882B72B0EFC059E8850BFF211FFC41FEFD
:10F83C000165A11BDFFC41FE4E960101180EE0088C
:10F84C000C4C8E0BDD93F2047FFD47FE860DC03F02
:10F85C0000000602083EA11B80000206409C0634F4
:10F86C00C184081450904632423A810140964006B9
:10F87C00881E8008C1C3DD93FA00040C8A25A12BD5
:10F88C000A0206130614E000030A7A800830F47C9E
:10F89C0081116C807B9046320032814148506C7CE7
:10F8AC000A069C00184400000C04EF80A0336C0086
:10F8BC0078B05862214FA15FE18400240632385F92
:10F8CC00275FEC044252880381317284EFC054A844
:10F8DC00F2000C0CC1C3DD93FA00004CA12B003BD1
:10F8EC00E506403AE586423A0620826583416C047F
:10F8FC008131274F62B8880342126FC0FF21F28C0E
:10F90C0041FE850BA11B1FFCDFFC41FEF200084CE5
:10F91C00C1C3DD93FE00044CA32D003BE406403A2A
:10F92C00E486423A0820867583316C04689008346A
:10F93C00211D81C1E17C0A4471904CC2E8880434D9
:10F94C00739458C2DC0048605C004AC04252880381
:10F95C000624728443F8E17C034AEFC0021AE000EB
:10F96C0000EAE000420AE000421AE580420AE1881F
:10F97C0080F5ED807FFD41FE0C4CDFFFDD93F60042
:10F98C0006067F21E0006001E008434AE008421AC5
:10F99C00E40C416AE580420AE188421AED80420A91
:10F9AC00000100060C4CE000DD93F600FA7C044CE0
:10F9BC00866B044B70900809082981511210788CC1
:10F9CC000839E600141078841806E4C0FFF857CE06
:10F9DC004E461A265856E000DA36818189A58F4E9C
:10F9EC00F0A04042E04000198AA5A11BE06000197C
:10F9FC008A25A11BA11BA41A081988C544627C2066
:10FA0C004411F0A00019E0104411E0200019E0307E
:10FA1C004411E0400009E0504401E060A42AE07089
:10FA2C00AA14A804E1840624813106036FC049A8F6
:10FA3C00F294421242620F44040EF09C120B81515C
:10FA4C0081F5F820F0A04062E0104051E0304051C8
:10FA5C00E050405160704051F09C40628101005E6A
:10FA6C0071AC4262040C8281EC0816B0887104916E
:10FA7C00B18B90A18101ECD5F27C0C4CC1C3DD9310
:10FA8C00F87C040C060006286001E600E61008105D
:10FA9C0065100A1059C6F81181616000027983F56E
:10FAAC00A17BF820847884A58445A17B8084947400
:10FABC0006AB8294107AF8200CBA8E83F29852928C
:10FACC00008E829E46A38EA382B1782002C18CBC8C
:10FADC0004418431085190010EC08211857DECF0F7
:10FAEC000C0CF6F5DD93F07CFA3C040C846B0628C8
:10FAFC0083814438807B46089111258F6FFC5CE82C
:10FB0C00E88C128414041C141E34E090020B902B0D
:10FB1C006418941B1C14EFFC980E922B020B9E3451
:10FB2C006398941B9C24EFFC0E1B9A0E1E34E01061
:10FB3C006318840B922B6FFC0C0CD80EDD93F23CEB
:10FB4C00FA1C044C887B44488101009B846B0A8B13
:10FB5C00860B0B0E902B0E1B68004348AB9B883B0F
:10FB6C00A59B84050C6002E5A79B8410A99B82458C
:10FB7C0040800225A39B9C000861867581258E0B15
:10FB8C000D149061E45006F0629898240B14EFFC6D
:10FB9C00E000001A619C4E0A0F248101200102062C
:10FBAC000206C000881EC000F21C0C4C40C6DD933F
:10FBBC004E0A60084E1AE99C8111619CC1C3FDF587
:10FBCC008403A72F5C08C30D00061A005D93800008
:10FBDC00F1804012FA7C040CEC501EF064610000C1
:10FBEC0081414003FC1EBE0E06088BF501B181A1BC
:10FBFC00814D81717E4E92650209881381A160B09E
:10FC0C0060F00239024981B18161609060D00229B3
:10FC1C00420A9D118033668681713E5488230813F5
:10FC2C00C417094E8141025318858325C0017831D0
:10FC3C0010A3F1944842818192B3F2A072A04C625D
:10FC4C0082118271FC55851DF05102011E15870D24
:10FC5C0058504010FCF5DC0084D5E57D61841074AF
:10FC6C0040828191813170A872A4424277988E2B88
:10FC7C0000ABEFBCF0AC408272A4426277188131C9
:10FC8C008E2B6FBCFC1480BB0044FE4406106088B5
:10FC9C000444E510860360848241043340B580AE91
:10FCAC004673E0208408E080E815814D0C0CA8F127
:10FCBC00DD93F27CFA7C040CEC701EF081C13001F7
:10FCCC00827B7C0E0C700DCE0BCEE4F089CE81A124
:10FCDC00FC94FECE1E0889558DCE811101ADFECE51
:10FCEC0089CE81018C058BCE70A85662F0A85092FB
:10FCFC0078E01609E43004F078A01619E4600AF0F4
:10FD0C00F8201039E02010499B213C2EE8004308D4
:10FD1C0078C01609E45004F078801619E4400AF013
:10FD2C00FC281239E040104993213C2EE80042088F
:10FD3C0081C17E048085A10BA11B8B147ECE80B566
:10FD4C000BCE81110D248101F0A8486282A10934E7
:10FD5C00F8204801F8604821F84048319C0890167A
:10FD6C00EE5581AD0C0CB8F1DD93F27C58120033DA
:10FD7C00143EF080F09040320000190D001BEC0492
:10FD8C0002C081513C148C04FB0444228235843D16
:10FD9C00885B040DC0000016D18C4002D0884A024A
:10FDAC00DD93845EFA3C040CEC201EF0828B0A6B13
:10FDBC00847B11948C1B080B6FFC69880101902BC0
:10FDCC00856591A18835A10B608012151245813192
:10FDDC00902B6040E0601255BE9E9C088C1B3C1E14
:10FDEC00EFFC6B088435A10B60801215E480049045
:10FDFC0060401245125581319E08E060902B3E2EDA
:10FE0C008C1B3C1EEFFC69E86C0414A0A1AB889120
:10FE1C0090F1F655F23C0C0CC1C3DD93FA3C040C8A
:10FE2C00EC201EF0827B1584846B17948E2B1304AC
:10FE3C006FFC65C80101901BE00814C6A10B857509
:10FE4C0012158855813168C06460124512558E2B8D
:10FE5C009808E6903C1EBE9E6738901BA10BEFFCE9
:10FE6C0012158455049068C0C00264C064601245C9
:10FE7C00125581319A08E6908E2B3E2E901B3C1E1B
:10FE8C00EFFC66086C0414A0A1AB889190F1F635D8
:10FE9C00F23C0C0CC1C3DD93FA3C040CEC401EF09C
:10FEAC00809B1584847B0A6B008082AB0880645035
:10FEBC003C0EE410E4400A80EFFC77688415A10B3B
:10FECC0067A00280E760008004807E1E7C2EE79095
:10FEDC003E0E941B7A388E2BA10BEFFCA0F180A563
:10FEEC00F23C0C0C1744DD930E1B920B103B8C2B2D
:10FEFC000C0CA0F18115F23CFA0C040C868B086BEF
:10FF0C00847B020B6FFC6D88100B8C1B66388C1B72
:10FF1C001009EFFC0000E358E20DEC0C1C004070E3
:10FF2C009C0042608FFC5AE80C0C8101DD93F20CB2
:10FF3C00F83C044C6201025B81C140010CC4859504
:10FF4C000E64FB808263608460010C8982734002C2
:10FF5C00E8000E7B06A5C487C4777C20FC1C0095AA
:10FF6C005082D3AD5095D08C0489C000A18BE03069
:10FF7C000C6082C54008640198688073C4679C74E7
:10FF8C007C1808858863CF77988E8E83588A82C1B7
:10FF9C00F4D5EC140C4C8101DD93F03CF87C04CCD2
:10FFAC0081C10F4E81610D3E640900398745C00245
:10FFBC0060340299FA800EC4603002B90485C477AB
:10FFCC00A1BBFC1CE5A6548A6526508AF09C5222E3
:10FFDC00D187F0A756820F848E83F9A88DA4A0BE7A
:10FFEC008EA302C5C65AA864E516486AE5964A6A05
:04FFFC00EE57D347A2
:020000040801F1
:10000000F9944C42A0BE8CB3807324444E4582C107
:10001000A844E904E9444E454E65A0444E45E9C470
:10002000588AE984F275F40C0CCC8101DD93F07CE4
:10003000F800044C81411931185483954C126084A6
:1000400002C3F094185B82410CC9E800C002600151
:10005000E0880C547C18006504C5C4C7D96DFC3019
:10006000D0804A520C014A3102CBC00440016201E7
:10007000FB800A44F855D95D0C4C8101DD93F000FA
:10008000FA7C040CEF101EF0848B026B64090C09DF
:10009000807B4002651002F0E61004F081310165BA
:1000A0000000493EC53EEC04FE75A10B661012F03F
:1000B000E51014F08C1B0E0B923B102B6FFC740898
:1000C00016F0944B8C0B6410922B101B964B143B28
:1000D000EFFC76C88C1B0E0B6FFC7AC80101962BC7
:1000E000E7101EF0F27C0C0CC1C3DD93FF0100246D
:1000F000832D8414000000065D93822DC00000163D
:10010000FA7C040CEC901EF0829B7E2E02063E0EC2
:100110000921E0106911460E4298C010920B6FC081
:10012000811101018101090E8381111E81A10F1E20
:1001300081317C0E0D3E91A5E088007412058B1E66
:100140004C78FC000C74E800010A6084C001640073
:100150004C039263000468001E15808440028004F2
:1001600000B3908400010C01C00C4126C0085E055C
:1001700047FC57F6FBFC100A7EA486C5E48004F019
:10018000647006F01419960B47B8E0281409E800CB
:10019000808B602CA10B2802400E82454206602E07
:1001A000400AE0F8AA12E086FA0440028111090E22
:1001B00081A10905008A8B0414A0F43C02F6040412
:1001C0000CE580008000100689148F04F18040B295
:1001D000F080000482C5830D04F07E0406F0E48004
:1001E0000019E470960B6028E8004428818102A180
:1001F0000B0483F5E48004F006F07EA48201E47031
:10020000E0281419960B0B0EE80043C8602C140963
:100210002802808B8245A10B602E400EE0F842063A
:10022000E086400A4002AA12090EFA048B1481A14A
:1002300092730D344E118F04C00260016C004CA308
:100240004C038231C00164096201120B0E3440017B
:10025000C17DFB800010DC355201E404C00264095A
:10026000C8F17C04F27C0C0CC1C3DD930A448844C1
:10027000AA43E90481010043C34F084EDD938C4E2D
:10028000A30F0C0E8101080EC1C3DD93603C02096F
:10029000A10B803B40960665483A8008403AE00250
:1002A0000844E1028243FA80EC7008498101490D5B
:1002B000861382A56B710219F41DC005460680F5F0
:1002C000464AE0648311648481118045DD93881679
:1002D00000045D93C1C3FA80FA7C040CEC301EF07C
:1002E00082BB007B6771107012704011C003677190
:1002F00081A13EBE8101016100A4852504F07B80BF
:100300007C58E4208E1B6FFCA11B91181FFD43FE3F
:1003100056159FFF82E5800045FE201ACFFF7FFD26
:10032000FB800C64E0178261AC1EB41FC41DA414D2
:10033000C00040C688B102A1889104816001140AFE
:10034000F695C00198F13E14620142630C0CC001A5
:10035000DD93F27C81015D9360380019A11B81213E
:100360000000021680084096CC2A8625E02806095F
:100370007CC00824484AE22702106686010AEC0481
:1003800040C66440442AE000080660120006F000FF
:10039000422A80004242E686CE2CF184E0104613C9
:1003A000C1C3DD93FA3C040C808B066B60380C09EA
:1003B000210B847B869581018E1B100BEFFC78E866
:1003C000409600AB140AE0088445E2A467711280ED
:1003D0008E1B40038C2B120BEFFC69484126008BCF
:1003E000A18BE00C9C0050A0E3C8100A0C0C809577
:1003F000DD93F23C8E1B120B6FFC6448A10B8C2B1F
:10040000DC0050000C0C900BDD93F23CFA00004C29
:10041000E1001E066194018659B88311C1C3EFBC87
:10042000FA0C040C806B027B603C41F6677881110A
:1004300081816FC06000427661D88C0B5B18E82424
:100440008C0B6810E138410680188004F1FC4210E2
:10045000414600168004E140000600868004E14425
:1004600000C600868004E14441C600860C2BEF10D4
:10047000C0156E0973F54220444A40FF4C13E098C2
:10048000C0156E09F8700039F3EC4430F870402163
:100490004C818445402B6C2173F942104C13C0FFF2
:1004A000C0156E09F8204081F8100019F3F84210C9
:1004B000F8104011421080188016F3F8421080188E
:1004C0008016F3F4F83000194011C8194081F83053
:1004D0000009E030400AF83082E5E08843F61C0469
:1004E000FFC06FFD020E020F4000F000C3007C0150
:1004F0009C049C0E9C0E820F6DED0C09A30BC03367
:100500000C098415C03562F141C6A30B002012FD11
:10051000000102064C81BFC1803502F18000401508
:10052000680061E842868C0B8C0B6000E8245A4816
:10053000EFFC76E8FA00040C8B11006BE82855C834
:10054000612041C6E00042064C118004402B6C1D26
:1005500000168111E138410680188004F1FC421038
:10056000418600168008EF10E080400A0E090C0B4F
:100570004000C015C0FF137D0E094C038C0B4015C5
:10058000E8005EE8E8005E48614400C6800485112A
:10059000000600168004E144414600168004E14054
:1005A0000C098016C02B6C21EC0402008495E71D19
:1005B000EC2C020084B5E71DEC10020084D5E51D8B
:1005C0008625AD0B8665B30B86B5B50B0C0C8C0B75
:1005D0002BB8F2008C0BE054F2000C0CE03C3F68AE
:1005E0000C0C8C0B1398F2008C0BE050F2000C0CEE
:1005F000E04818880C0C8C0B85B5F2000C0C8C0BA9
:100600008575F2000C0C8101DD93F200FA00040CF8
:100610008111010168207CE843C681618331614812
:1006200008368424E11405C6903688440866882478
:100630008414872183110426F2000C0CE0203BA8CF
:10064000611401C680048311C1838016DD93C71332
:10065000FA7C040CEC101EF00C09806BC02B6C2192
:100660008255B30BE00040966C1D4C018C0B402B67
:10067000E84C4968406681954C01E000402B6C1DB8
:100680004C788C0B41D8E84C8C0B681861D10C0964
:10069000807B40156C790C19400AC02C8201E686DB
:1006A00067F9008A41D6C0030E66003C000480044E
:1006B000A17B5A8066314C038245C0166C1D0C2903
:1006C0008C0B402B68104C28A10B8E1B5178A05529
:1006D0008C0B684065C110600C09C054402B6C2124
:1006E000B30B807B217B9015E00040966C1D4C0184
:1006F00098B5C02B614C0106645002603C1EC09E40
:10070000654104600004C05466D106600860C054AE
:1007100040A366E166710A6057F8C0A2901B6FC4DF
:10072000A17B807B7D3892958C0B68384006007BDE
:100730000004E134E00402966C1D4C110016C02B3D
:10074000FFF8000E6CFD0C19020AC02C0010E3F03B
:100750004C01C404402C6CFD4B788C0BA17BE8044D
:1007600087658AD54066217B4C01E000C02B6C1D5B
:10077000170688D51260614CC0A366E014602C0493
:10078000C09F67616541046006604054C05466D1F3
:10079000924B101B6FC460C8807B945B82F5A17B79
:1007A00002602C04C0AD663164710860922B40A1D8
:1007B0006FC46368807B943B8405A17B6C1D0C290E
:1007C0008C0B402B68104428A10B8E1B8171805527
:1007D00088F10E0BF27C0C0C2C04DD936481046018
:1007E0000660C09940A265214E78921BF395EFF800
:1007F0006615008A80F5C0036118004680048711E1
:10080000DD9380166561008A80F5C002611800469C
:1008100080048511DD9380166118024664AC014A9C
:100820008414C001E200000CDD9384066661028A34
:100830000286C003046601040215800086C580009C
:100840006499028A0286C0030456010402158000DE
:100850008485800066C9028A0286C00204460104BB
:1008600002158000824580006495030A02864002DA
:100870000414E1040426872104268000E104028692
:100880008418841465794011DD93C02B030AC417C2
:10089000C00F6681028A86F5C00F64F50104024626
:1008A0008000040680000215028A8485C00C66CD93
:1008B000010402468000041680000215030A8245E6
:1008C000400A64A1E1040246852104148000043634
:1008D000024684268414E10440118418C02B6575F7
:1008E000C1C3DD93E1180486882888240015A12B54
:1008F00000090E0DC1180446C000042581B0021481
:100900004000042984040210C4040420C00A421ACE
:100910006E014013DD93C015E12400468428801445
:10092000F3F84420420604268414E11404248428A5
:100930008426FC9484288014F3F4442080048426C4
:10094000421080188016F3CCC1C3DD93E124004629
:10095000801880048016C219C1C3DD93FAFC040C10
:100960000026006B4C01E00C402B6C1D62188101CD
:10097000811168206FA90C15251BC00BE1240246CC
:1009800082458424424A881880C5E0800C0C83117B
:1009900020F8F2FC3E0EE02088188C0BF3F8421091
:1009A000028608167E98E00C8121684C6140514611
:1009B000E1485206FFA12004E1245646C7078008FB
:1009C000F0044E0080C5A17B6FA90C05A50BC00BE0
:1009D000A40482D5940D80000C298405402B6C1D45
:1009E000E00C0296680C732881958C0B8008A0049B
:1009F0000155C707F0044E00EFFC50A88004AC047A
:100A0000F835A10B83113E04F2FC0C0CE0201D28EC
:100A1000FAFC040C0036007B4E01E00C402B6C1DF0
:100A20005C788101811168203E0E8181E12400C63D
:100A3000544600048086E1248064A8048E0B0014D0
:100A4000E82071A843A603910321E00C79588E0B8E
:100A50004086E84C8014E1140246048C8414E1249E
:100A6000C4298428424604260414E11884B883214A
:100A700043C604868414E120028604968004E00CB8
:100A80008E0B009CE84C77A8612400C68004A91155
:100A90008E0B0096E8206F08600C028676D88121C4
:100AA0008E0B684CE1404146800880045200C70725
:100AB000120AF00480C5FBFC6FA90E05A30BC00B46
:100AC00000C686B58004E124404600868004E11813
:100AD00041C600B68004E120004600868004E1247F
:100AE000421080180016F3F4E00C02A66C1D0E29CB
:100AF0008E0B402BE80C6AA8414681858004E140BA
:100B0000C7078008F00452008004A804F445816BF4
:100B10008E0B2B11E8206B080014A8046AB88E0B0A
:100B200000C6E8208004E124404600868004E118E5
:100B300041C600B68004E120004600868004E1241E
:100B4000421080180016F3F4BE048311F2FC0C0C62
:100B5000E02013087001000602064020FFC060017B
:100B6000DD93801EFA0C040C808B027B8101046BE8
:100B70006820520842068111484661480424E14831
:100B8000700102060434C0208858A18B08489024C4
:100B9000600104060CC9FFC0402B6C19A65F843F9E
:100BA00060C7D0474652A85F0C49F9B0C02C0CFD75
:100BB000C0E00844442200B5A17BD09049FE80C526
:100BC000C03F7FFDA43F883F8311043EF20C0C0C14
:100BD000E0200F08FAFC040C5146006B0C09E19868
:100BE000402D67CD209E8191E14C0446E080400A73
:100BF000C00000160CF54C010086402C8004E14C2E
:100C000088048074E1E01674E0E014B4FCC002A42F
:100C10000074001E0814E1C0FCC404A4F010000A13
:100C20009405842EF008000A000A9885AA65F00C45
:100C3000F004000A40001338C14C1646025604ABBB
:100C40006BD8E0108C0B682061904486FB800074A8
:100C500072FD49C602064020C020730140122043A5
:100C60002014F180E14C16468555882A6C080A400C
:100C7000775D807BE1900A3473FD4A500816400F7F
:100C8000484A8000E13766964A30843341FF73F169
:100C90000600C5478253641088CB016518C05D8487
:100CA000D58EEC04FE75A1CBE0880A44709448020E
:100CB000F094403248309034BF4BF03C1DE5F615BF
:100CC0000256942B8C0B6080682067A80C0B847BE9
:100CD00040156E09E14C16464000AC14C0FF72F19D
:100CE0006E094C038C0B4015EFF879C88E2B1B75E1
:100CF00002563E2E6638E0208C0B68207B80007404
:100D000072FC43C64012C02002467180C02072C0EF
:100D1000041000340991E40016468811083EE14CA5
:100D2000E190448608CA85A5EC080A400A34775D3C
:100D30004A50E190400F73FD800008166696484ABD
:100D40002074E13746C086C341FF73F1E1880A444D
:100D50008ACB0801827B0E334DA48155EC0418C068
:100D6000A1CBDDAE0034FE75FB80189488C34457D8
:100D700012C00A13C53EE410F03C4830F495BF4B56
:100D800091C5BE246040025661988C0B4A58E820F9
:100D90008C0B6800EFFC43C86E090C0B03EE40158A
:100DA0000E0AFFFC820FE8007C044200FD044000B4
:100DB0006E094C1342C64015849EE1906E094C03A7
:100DC000007440154CB1FB80401562E5E14C1646BD
:100DD00049C68E05402072FDE190448673010206EB
:100DE000A043402040122014882AF1800A408555F3
:100DF000807B6C080A34775D4A50E190400F73FDA8
:100E0000800008166696484A8433E13773F14A3009
:100E1000C54741FF64100600016582535D9488CB8D
:100E2000EC0418C0A1CBD59E0A44FE754802E088A8
:100E3000403270949034F094F03C4830F615BF4B3B
:100E400062650C1940C640158004E1488028881965
:100E5000F3EC44208026A22F64C50C094C01C02B62
:100E6000402B6C2145788C0B2044E8006501006024
:100E70000404C05481017B8006461911C02072C150
:100E8000E8004F489F212C144EA0002EC3007C5137
:100E90006BD8847E0E2BEFF80206A9917FC060010B
:100EA000FB800094841F2C244010A01FC3007C01F1
:100EB0000C09880EC02D67CDE080400A0C0980E542
:100EC000C02B6C11E098400A0C0C8095DD93F2FC6D
:100ED0000C0C8C0B9F95F2FCFA00040C4006006B86
:100EE0008014E148442084288426F3BC842880149C
:100EF000F37C442080048426421080188016F1FC84
:100F0000EFF87868831101010C0C8C2B22B8F200E9
:100F1000C1C3FFFCF81C040C614100190800401516
:100F2000C0CD65E1614500290A004015C0CD65A12D
:100F30006211003991C1401581710161E686442A30
:100F4000621D00194021C0154015630940318121FF
:100F5000C015630D061007C50C4AE4300C1AE000FA
:100F6000400AF87C0A50E1840E0604109484800044
:100F7000500A51848225E49C6C34128012DAA18BD1
:100F8000420AE4088095ED8082610271BF8B85057D
:100F9000A16B882500958245C00C6D6512C0936BCE
:100FA0004093842080160BE1F03C528002A5B99B4F
:100FB0009B8018C4A19B498773FD508018C4400FC3
:100FC000508AFB8090C3C6A688C17D05E5FC0D0A4A
:100FD0004023F0A5400A6895FB8008C46889401347
:100FE0008833400A6FF1068A0A34402B0049FB809F
:100FF000002D07CD40138811400A688DEC040230A3
:10100000689140330606400AC0207001688540138D
:101010000214400A4840FB80A61F1C2007CD404117
:101020000045802DC00C6D6164F940154015C00B62
:10103000C00B64FD8941095B0E09002B4043C015BC
:10104000C00A688112FD44204023C0FF40150E09EC
:10105000E13C44C641060824881EE13C801E800411
:10106000F01C0C0CC1C3DD93F804040C61904A869B
:10107000E0900C144E0014CA0C64F03CA10B7B8071
:1010800000162E6F58228000401A71B004C4E68208
:1010900002C460C0246FFB80496E862B945AC5073A
:1010A000020002534A50E404C1FF73F18A43016510
:1010B00000005154C95EEC04FE75A10B4032C41708
:1010C0000C0CF084DD93F004FA7C040CEC501EF060
:1010D0000C09806BC0336DE14060A30B4F789C001E
:1010E00040068800029661340004E004E19851460D
:1010F0006C1D4C118171402B0016A07E0C0B8111D0
:10110000C0156E0973FD40004C03C0FD40156E090B
:1011100064F881017E0EE81CE14840064046001458
:10112000FC1EE148800484180C298008C02D67CD7E
:1011300068890C0B0604400A0229E0A03E3EA61F67
:10114000241FF0274C15C507400268016431066072
:101150008311C0284675C11D021058047E75C40451
:10116000C4100630619001C665E00860000AC0CD79
:1011700065A10A6001B1C0CDBC0E81A1F80446058D
:10118000090EA004E19040868101009A144A8B85E3
:10119000141AE000400AF87C0A50E1841606041094
:1011A00094148000420A511490E5E4AC8425A1AB6C
:1011B0006D650C2585ABC00C08910C0B4000800AB6
:1011C00080FF13F19098400206000EA580280401CC
:1011D000EC34041080B5E42DBF1B4D1E87258AD545
:1011E0008A65A11B703C5810E1C00414B9CB0C1ED9
:1011F000848B0171491782454E10A1CB400F73FDBE
:101200004E7A808BC577C6B29223091473F14020C1
:10121000883141FF0203862B81A58E1B0210218B92
:1012200000C5EC0488010000000044C5A11B882112
:101230004477FCD58E33900B82A102B1E5FC150AF0
:101240009D01E8E59F010C0EBC048E0EFC04CC0E43
:101250000C198008C01562EDF017BE24A20FA40F70
:1012600068014C058C0B4002E8104748E1484006F5
:1012700080188004E090420A80188265421080281D
:101280004420F080A22FF37CF88042207E04801658
:1012900058F8831140C6E81C8004E1900C0BA30BA6
:1012A00080150E099CA400040E094C03808580154E
:1012B000680049C803018C0B455881118C2B6FFCC9
:1012C0000C0CA8F11A38F27CC1C3FFF8F87C040CAE
:1012D000630900198121401500C9911540336DE95A
:1012E000FA800824630D0069460240150659F09003
:1012F000C0156F41586AA1CB0C306692C0CF65F023
:101300006DF146518645C0337A800EC412848181C6
:10131000CB9DFA80549284055602F09C16B9F0A831
:10132000C01A6E417C85B9BB8404108094CB3253C3
:101330008145985681710B9B0A8A80A58371740838
:101340001876807518C48E5B0C007A80C058664091
:1013500060880EC4E08812447C1C0C8565F0140083
:101360001493C0CF0A0A8C7382217BFCE040528523
:10137000E8000E8562405285E08410C464000E755A
:1013800018638C83D08058C261405275E084124447
:101390006801107B94934001527388A3107BE68010
:1013A000C0016C01E780527360010C795471C00474
:1013B000C001610164010C495441C004C0016201D3
:1013C00068010C495441C00440016301184981413E
:1013D000C01A0E4161F14641448AC035DED5F4049D
:1013E000F07C0C0CC1C3DD93FA84040C8101007BFA
:1013F000681C4E080E1B8111400A68910070806BBA
:1014000040286401700104068811C020C5170165D9
:1014100002104134C93EEC04FE75A11B6148400630
:1014200080048E2BE0198018830100166FF879C8AC
:101430004ED881117998EFF88E0B680CE19001C6B7
:101440008211801A8311001C0C0C8C0B0B18F28477
:10145000C1C3E01CFA00040C4206026B0414E1480C
:10146000E0980604F100463044208428262FF2FC40
:10147000E19046C60C0E84260C1B820940156E09AD
:101480004210D007C0FE73FD4C13A01FC0156E099B
:10149000EFF84BE8811101010C0C8C2B3638F2006F
:1014A000C1C3FFF8E10001868008800482095D93D2
:1014B000C713C183000CDD93C0006101FA0C040C5A
:1014C0008101006B828B047B65394C010460402CE8
:1014D000C0B165418C0B0311E80042888C0B0311ED
:1014E000E8004E2880D5A10B68446308A10B8C0B43
:1014F0000C0C8085DD93F20C457601110931E0007A
:1015000066D88C0BA38BE844A10BFCB50C0BFC75C7
:1015100052388E1BA10BE8000111FAB58C0B81210A
:10152000F20C0C0CC1C3B145F87C040CECC01EF0ED
:10153000600446864031A51B402B6C1DE0040E065E
:10154000A1810EA5AA35A31B600C41E6E00C59E66B
:1015500001A6170E110EE004E004012601860F0E0D
:10156000150EE004E0040006A1010B0E0006090EB2
:101570007E0EE0047C0EA101E004018601860D0EC2
:101580003E0EE004E00401A649F63C0E4BA6E00C3A
:1015900003A6600C0706E00C110660040DA6E0042B
:1015A00013A660040FA6E00C55A6600C13CEE00C49
:1015B000E00C41E657F605950006E00C891160083D
:1015C0009101130E4006170E0D0EE000150E850159
:1015D0000B0E8301090E81017E0EA1017C0E830199
:1015E0000F0E8101110E85013E0E8101E0004006C3
:1015F00081313C0E81910161140601510101E00429
:101600001606814181C1E0088BC488C689C48AC698
:10161000FEC4C8C6FCC4CAC6E0184481E014443104
:10162000E01044C1E01C4431E020443144319534A1
:101630008F34E024E028443144318D349134E02C5F
:10164000E03044314431BE34BC34E034E03C4461E9
:10165000E0404461E0384431E0484491E04C44715A
:10166000E0444411E0504411E05844A1E054445196
:10167000E05C4451E0604451E0684401440193045B
:101680009704E06CE07844B1E0744441E0644401C4
:10169000E0704401E07C4441E0F10101F07C0C0C7D
:1016A000C1C3DD93FA04040CEC901EF0806B251B83
:1016B000810104259295A31B654102608C0B40B10A
:1016C000E8446C689095A10B4C018301C02C6539EE
:1016D000428687E5040660044C11E004402B6C1D33
:1016E000601102063E1EC400091C83111516A111CB
:1016F000E000420685711F16891125163116AB16BA
:10170000AF269111040635269706E0089B769906C8
:10171000A1769D06A706A306AD06A906B706B306E1
:10172000BB16B90660805E11E41002F0BF26BD064C
:10173000E0845E01608C5E015E218C0B6878E0883D
:10174000A10BE8444C7180B5C02C6539C8F181010A
:10175000F2040C0CC1C3DD93FE7C04CC806B027BD5
:10176000649002F0E48004F0E810490860901E895B
:10177000E0040E2AE0801E79400101880460C00068
:1017800040B165C10155993149168111EC0406300B
:10179000FE95A13B65F104609D3140B1491C814536
:1017A000EC040630FE95A13B15C601910785EAF0D1
:1017B000A10B81B140628E15047470A8009CFA8060
:1017C000E0900084799C4202F0AC40626EF14011DE
:1017D00043F6402B8000400D603140914011C02CF9
:1017E000802C42B143F1401102B4002C4091FA80A8
:1017F000002C417154188C0B1E89E8000080609009
:101800000204E40482B17A80048084A1434AE4247F
:10181000020CE408500062000273DC00170A810128
:10182000F205E53CF67C0CCCC1C3DD93FA7C040CDC
:10183000EE701EF0A11B006B65390C09848B402CE7
:1018400042668A85A50B60046C1D4C118191402B6A
:1018500081A102C58C0B0511EFFC7268A1AB80ABB6
:10186000C000105868046EA880AB8C0BE440108A4E
:10187000C0000D680D38A1AB0C29C000402B6C1DB9
:10188000E00042B668047E2854B68C0B230BE000BF
:101890000C7881819DA5C00040A6230B4C01E0047B
:1018A000C02B6C1D031182256FD88C0B80ABEFFC15
:1018B0000DC8A1AB00C6C00002F060080155E440AD
:1018C00045868181EC040000FE95A10B81013E6EEE
:1018D00081017E0E65711260170640B07C0EE00437
:1018E00089558171788112099511400114048E6B1C
:1018F0009E096190E68642AA010A820380F5E630DD
:10190000E13402468414841482F5B71B03363E0486
:101910000F36E0080029E008C02B6C1DE804796848
:1019200000C6230B8805E00806D5A16BDC004E60DD
:1019300004F02418160AE440802361405EA588164E
:101940000E06000C5EA5800082C5800881717E04B1
:10195000FA800004FB8040A2FC04FE0EFA80000422
:10196000FA8040A216B0FC0E82916C04EE75A1BB09
:1019700016463E6487E5E1347A8002845FB88C0BBA
:10198000A10BE800AC0480B5B90B800440628C5513
:10199000951170A06B5100091204C02C9E09619032
:1019A000E686549A150A80A380B5E6308004AC041C
:1019B00082D5B90B6C1D0C290336402B7458E008F6
:1019C0008C0B680414C6A30B0F36400800F0800887
:1019D0009F11644080169403FC14FE04FA800004F6
:1019E0007B804092FA80021440927E0EFC0EFA84B4
:1019F000100A8281F035E0808EAB217BFC048CF5EF
:101A0000FA8000047E04C407E4100E007A801204F9
:101A100067188C0BC497680080AB03D588D5A1AB41
:101A2000619D003681114000420A81B5902B608093
:101A30005C001029E44006F082110233020A8C2671
:101A4000FC95E230901B0C0BE80461084F7600AB6C
:101A5000A1ABE0000294827504747A8006F0FA80EB
:101A60008C0B6440E8444E68140B80ABE6701EF0AB
:101A7000F27C0C0CC1C3DD93FA7C040CEC301EF03C
:101A8000828B009B0C907C2EC0AF6471F0A05462DE
:101A9000E2801419E8005508807B428767C000A0E7
:101AA0003C6E9063654512903E0EC0B101A181B1BC
:101AB00005558181FC248161F8041209440AA418A7
:101AC000D007E08048005F680E0FA20FFB80026421
:101AD0008245830B1084031114A4FA80B71F7B8006
:101AE000828122AF3FBB806B1E0582B184910004CE
:101AF0008000408180001E05800040A3E040160A5F
:101B00000101F6750C0C98F1DD93F27CFA7C040C63
:101B1000EC301EF0829B006B6C410C0983A1402BC2
:101B20006C390C19A19B402B1690048BFC0EE424FD
:101B30006C490C093E0EC02B4C03810140166551C7
:101B4000E080008665594C03910140166AA94CA1BA
:101B50004C01C02CC02C6AB96AAD4CA14C01C02C00
:101B6000C02C6ABD00908265827B6C046A914CA196
:101B70000404402C01B5FA80211B81110285827B6F
:101B80004CA18101402C6A9181218111903B0C0B69
:101B9000E8004688170A83014CA1F430002C0A950E
:101BA0008428129004940445FC149A80422ABE248E
:101BB00004B46686C517FA8002108E13C51DEC04A6
:101BC0004CA19025C02C6A958C0B0311680044A889
:101BD0000080903B010AE41C82B5F4206A994CA174
:101BE0000080402C0604E42085117A808E2B0C0B9B
:101BF000E800438882A5A18B6A9D4CA10080402CFF
:101C00000604EC0487117A808E2B0C0BE80042A8A6
:101C100064854CA100604026C0B26691891101B56F
:101C200014A441280210FA8084A3EC0464854CA11A
:101C3000A11BC0268191FCD598F1120BF27C0C0CF3
:101C4000A10BDD930C29F0F5402B6C1DE00C027606
:101C500068045FC812768C0BA30BE00CFDD5EE7503
:101C6000FA7C040CEC301EF0847B008B7084408284
:101C70000029866B402C6AA14071C61740266495E6
:101C800066A106004061C0B2402664B5232B81A145
:101C90007C1E91210416831102864000BE3EC000C6
:101CA00064D540214011C026C02664F59003FC0491
:101CB00087B5BC0E00747C944260E0905602F03C04
:101CC000900B79847A8002B44358949360B8E8000A
:101CD000A1116848618C02943E198E9910138331CA
:101CE0000229B33F402C6B41486A9D413C34E69247
:101CF0004221A62F402C6B4114338E43464182A1D2
:101D0000C02C6AC16B5146B14601C02CC02C6BD1AE
:101D10008008BE04E004004A6200000CE004001ADF
:101D20006200001C80738063F0B5B1AB0C0C98F1BD
:101D3000DD93F27C61900414442AA9310614668E66
:101D40008E39E1848121040381310603000001E51D
:101D5000C09C678170140049E080420AC190084429
:101D6000254F9E49A83F8821E040040A5D93FC95D9
:101D7000FB800034E47C030A041482B58E19618C64
:101D800000098403C02C6B41E484404AE200000C4B
:101D90005D93DD93C1C38101E57C030A041482B520
:101DA0008E19618C00098403C02C65C1E484404A0B
:101DB000E200000C5D93DD93C1C38101FA00004C89
:101DC00064710000041440AF000BE08480137C08B1
:101DD000E500021968485888D0078211F200084CC3
:101DE000C1C3DD93FA7C044C6C590019829B402BD3
:101DF000887B0A6B84AB068B8111231BA19B8825F2
:101E0000A1AB80A5A18B806500298295402B6C1D1C
:101E1000E0084296680451A8E00856968445A30B52
:101E2000E022407AE122427AE02A400AE026421A81
:101E3000E6A2400AE026400A020282031816EFFCDE
:101E4000960B81B1F27C0C4CC1C3DD93FA7C044C3F
:101E50006C59001982AB402B887B0A6B849B068BE4
:101E60008111231BA1AB86E5A19B80A5A18B806579
:101E700000298295402B6C1DE008429668044E684C
:101E8000E00856968405A30BE022407AE122427ACC
:101E9000E126400AE12A421AE6AA400A0202820327
:101EA0001816EFFC960B81B1F27C0C4CC1C3DD938C
:101EB0009F2101118131039568840824FB80063439
:101EC000E34F804F618C0A44E184184484C902596D
:101ED0001844385F4647E084385F88C9A85F904956
:101EE0008811235F020AAA3FF8F5E04000345D93B1
:101EF000C1C3FB80FA7C040CEC701EF09D8100AB2A
:101F000081911E0B9D1101550210419CA11BEC04F7
:101F100000A0FE9540B165F181459D110210419CE4
:101F2000A11BEC0485C5FE9570A44CA2FA800E940A
:101F30006EF10CB9940B402B6FFC7308000A8E1BDA
:101F400086B5F0046CE914090C19C02CC02C62B1E0
:101F5000FA800004FA8002148435830B73C040B009
:101F600047079E1B022B9EB983317C008013373FAD
:101F7000A62F940B8E1B042CE8004248120A829173
:101F8000F475E140648D00E69E1B40209D210165B3
:101F90000420453AC13CEC04FE75A12B648D40A69B
:101FA0009E1B4020452A8155EC041080A18BC12C3A
:101FB00069B8FE75940B68400C0CB8F1DD93F27CA7
:101FC000833100136EF102190414C02B9E19618C29
:101FD000A33F3C29002B8403C01662F94033A43F81
:101FE000C01662F9C1C3DD93FA7C040CECD01EF07C
:101FF00002F0009B4498E4C004F0680C1239E4B08D
:10200000C02B6C496C4112091219C02BC02B6C45B6
:102010006C4D12891229C02BC02B6C39403A8D3E71
:102020001239E682C02B6C3D6686548AE188020430
:1020300052019101402664810F2EC5A75221920BB7
:10204000C02664915231893EC02664B112B98B1EFC
:10205000C02B6C516C5512695211C02B402664D1B3
:10206000E4A002F064F152A15058C026807BE80C35
:1020700080C5A17BE8F10E0BF27C0C0C45B7DD931B
:10208000E1880664A1BB7CBEA13B8065122982F574
:10209000402B6C1DE0084296866B120B68007D6831
:1020A000E0084E968C3B230B0D04F8C57C14C587C5
:1020B000E00C4BF6600E488AC50781B1E006440A81
:1020C0008B148F04BC4EBE2E424A02030924E68ABA
:1020D000EC04000084A3FE0E6C0400A08D0E81A110
:1020E000653D52118BE5C02CF0AC4C926EF10C09A1
:1020F0004C51C02BC02C62B163F14C514200C02C3A
:10210000C51DF03C8D4492D59275C81DC9077E143B
:1021100090F5C20DC30D8F1400B4909544B0618C3E
:102120003E09F01C12038341E888044465C100198C
:10213000868B402C7A8008A4E4900AF058127C1414
:102140000B34F988FA80043465C140C1920B402CED
:10215000FA8002146FFC6488FA800634A17B807BCD
:102160003E04E255E4800AF0E0901E49E0A01E39EA
:1021700002043C044C41FA80C02C63F17A800404D0
:102180006658920B807BEFFCDCB5A17B60801E095A
:10219000103B82A1E00C4BF662B14C018924C02CAB
:1021A000170A82B1E825E53C68004108807B920B64
:1021B000D835A17B60B01E291E19920B4A78E0C069
:1021C0006B95EFFCC1C3807BFA1C040CEC301EF055
:1021D0008181006B6C590C09A30BC02B02F08A851E
:1021E0008C0B6420E80C454888D5A10B6F10418604
:1021F00080088191E080404A04F100600060C0AD39
:1022000080AD04F90315800AFB800E047A800284F5
:10221000E41008F08C0B0121680042887C0A8E3B98
:10222000FB80129480938281C18DFC044C93FC1539
:10223000C016629998F18101F21C0C0CC1C3DD93A8
:1022400082F5FC1D021483318211FA80F438030AEE
:10225000081482150834FA80804FE890FC85A14B61
:1022600081010816C1C3DD93FA7C040CF80010FC50
:10227000ECF01EF0805B029B63FC120AFC2E8101D5
:10228000900CBE4E80000BA810504937C0B066B10C
:102290000E503C3EC0B0643181A101B181617E5ECF
:1022A0000E098585930BE3C0FC04883580F5A30BEC
:1022B0006CE90A09A018C02C8615830B7A8002B439
:1022C00056B88A0B000AEFFC1E55F00482D5C00CEC
:1022D00002A41C0804F0E08882A1645082237E548A
:1022E000806370AD804588BE02B181958271828124
:1022F000E53C170AA1ABF4E50A8BA005C0156A7D81
:10230000C987BC14FB8000146A810A0BD10D4015EB
:102310009C005010FB800284C01DC907DC005000E7
:10232000EC18510A3E148465E090006400F0040C3F
:102330000195E45041249F11EC0414A044118A2318
:10234000C02C6171FE15A1AB81318B8500348505F0
:1023500002F060880215E4500014FC008A03E08457
:102360006E39002B810140158285A12B444A8101E1
:102370004420E08040FF13F9C404000004247E35AB
:102380000A13C18442018231C02C6171F815953B5A
:10239000947B210683A3A143E80012CCEC204E8A53
:1023A00012F08A25FFB16450D5BD82B124648845FE
:1023B0006471005004F0C0AF0264E4408063608444
:1023C000FC04000BE5000C19EFFC73C88891210890
:1023D000E5000C190260830B40010501DB800E74DF
:1023E00040004201C4040E704E8A7E54F6B5EC20C3
:1023F0003E04C1C3807CC877F8F10101F00018FCED
:10240000F27C0C0CC1C3DD93FA00040C4346026B52
:102410000414E12484348321657500190045C01B30
:10242000C0066D49657900098231401BA111232F37
:10243000880B212FEFE85B688101180EF2000C0C6D
:10244000C1C3DD93FA7C040CEC501EF0887B008B3A
:10245000650D1009826B402B60880274101384ABE9
:10246000230B81214225869BC00B61A5A70B8225EA
:10247000100B8C7540156A79910C81B13E5E850513
:10248000669100107C0EC0B142B8900B8E1B6800A4
:1024900002F049073C1EE440FB80160464300AF059
:1024A0000C1B900B123B942B43B8964B7E14E80008
:1024B000FC24A10B8435881EBE54910AFB800604BF
:1024C0000416973B408040004270DC0048505C009E
:1024D0006CB8DC008101CFFC0C0CA8F1DD93F27C20
:1024E000FA1C044C807B026B818101914072832530
:1024F0000009F0A4C02C63F1E3FC000A8D0B8225D7
:10250000029480F58E0B7A80EFFC45A8829180833F
:10251000E140120A900BFAB5F21C0C4CC1C3DD93DA
:10252000FA7C040CEC501EF00106006B0004E1186C
:10253000191482BB088B8A7B0008869B7E1E84ABA5
:102540004B189111002BEFE8E44000F00A843E0E96
:102550003C7EE09064E10660160BC0AD7858941B99
:10256000924B6FB4A17B807B0C298265402B6C1D44
:1025700056B88C0B8E1B68008101230B090480E583
:10258000C90781716FFD00027E14C0FF040CA8F121
:102590000C0C8E0BDD93F27CFA7C040CEC301EF0FC
:1025A0000200026BC0B0657116007C1EC0AF66F100
:1025B00081913E0E7FF44E0E01A19D8103A5810104
:1025C000AC188131703C4410442AC9178223E6A21A
:1025D00082B58D2B1619FC04B403E2807881000BC0
:1025E00082114001E84458088301003B6C0814A0A4
:1025F0008FAB82B1A10BF8F5BE8486354E82834540
:102600000E09F0A4C02C6AC182958D0B7A800294C9
:102610007B18900B86AB6FF8A10B143B0BD10E39D6
:102620008291C02CE080120A0034FA7598F160A003
:10263000F27C0C0CC1C3DD93FA00040C0206006BA3
:102640004D18E28043F6E8440586600C52F8E0102D
:102650008C0B6FAC457601110C0BE0000C0C8C3B25
:102660002D58F200C1C3E03CFA9C040C4096006B6C
:102670004C01E004402B6C1D0206827B8C0B6280B7
:10268000E8444B28E4400E8A0C2982D5402B6C1D6F
:10269000E00042B668004DA850B68C0B230BE0005A
:1026A0008C8581716188007406099191049483116D
:1026B000A11F69804022C82781117984441281A515
:1026C000044AF91C4462F80C82115084C000440191
:1026D000E040020A0111FCB50C0B9F2156D88C3B3F
:1026E000808BE83C8455A18B6AA90C09A30BC02BF5
:1026F00000608435408B66B1E0100206411E8145C2
:10270000EC041290FE95A19B900B8181F29C0C0C25
:102710000C0BDD930C0C8C1B07F8F29CC1C3E0384A
:10272000FA00040C61000DC6E004453640219814FF
:10273000C02B6C1D442084288426F3EC8428981434
:10274000F3F84420434604265178E01C8321684076
:1027500080189804F3F442100C0C8016DD93F200FC
:10276000FA80000C4006003B0004E148E004094602
:102770006C1D46418048C02BFC9C084440460046E6
:102780008004E148830100166C2546218111402B0D
:102790006FF05EA8080C862B3398F280C1C3FFEC63
:1027A000FA3C040C8101006B681070488181811132
:1027B000682842C85306807BA404E1384210801880
:1027C0008016F3BCE82C6388951103A18C0B0321C0
:1027D000E8404D48E11040468486801480A680047D
:1027E0008018A4040016E01979B88C0B41C6EFFCE0
:1027F0008004E128421080180016F3F8E118400622
:1028000000868004E114400680188004F2FC421027
:10281000404600160004E11400868311E11440864E
:10282000008C8004E114410600868004E1144146D6
:1028300000868004E11441C6008680040C0C8E0BD7
:102840002B78F23CC1C3E010FA3C040C816102AB6E
:10285000807B21AB419C0CA4E00401166C1D4E0151
:10286000849B402B50044C606A38810181116810B0
:102870004256008B7FF8E0008E0B68100106216B3A
:102880004E01E004C02B6C1D012688A5941B60043A
:102890006C1D4E018E0B402B6FFC764841C6922B6F
:1028A000402072FD600102068004FFC00206020F94
:1028B000C02072C1FCC400044106040E8004E190F3
:1028C0008475A30B72C102068E0B4020EFEC5AA850
:1028D000013681F5941B60046C1D4E018E0B402B5C
:1028E0006FFC74088195922B6800416842968E0BAC
:1028F0008E0B6000E8107C08600042667BB88E0B8F
:102900000311E8106558900B8C0BE810F23C0C0C8E
:10291000C1C3DD93FA84040C0C0B806BC0156E09E7
:1029200072F940004C03C0FF40156E094C01810153
:10293000C02B64D5E80062488C0B007BE818414846
:10294000680061686AD88C0BA17BE80849F8862585
:102950008C0B68006800418841468C0B42466F1022
:10296000421EE00402168311E01C4346F80840159D
:10297000EFF04F280C0C8C0B2D58F2840C0CE00857
:10298000DD93F284634900198121402D6E5140216D
:10299000A141402C68094023065E400AC000700136
:1029A00068154023E019400A611D4025AF21400A07
:1029B0006491402145F640284041E00CC01B65650C
:1029C000624140434043C014C013698163114041D8
:1029D000080640274021E08C402D67C9E008040626
:1029E00069954043488640134011E000402D6349FB
:1029F000601102264023C0C04013698540419121E7
:102A0000C02763356931004B4015C00A400B63296C
:102A1000403585114005640140218331402763150D
:102A2000E010058669914023458640134013E0007D
:102A3000C00A680D6C6540119D1140226811403339
:102A40004031C00A40226545E00807066331402155
:102A5000892140276FB14011024440224031FCA837
:102A6000C01B656D654D40314031C02240286489EE
:102A700040319531C028648D6C6140214031C022C5
:102A8000C0226FB569314013DD93C00AF81C040CF5
:102A900053C601C140C1E00440156205E0080E06BE
:102AA000636D40C159F6402DC02072FD6E8140918A
:102AB000B791402C64E140C54986400B40C5EFF01A
:102AC000400B64E50B86BDC10DC660244091E05CFF
:102AD000402C6E89E00C108663A940C1AB91402D5B
:102AE000020E0DC1C0BB63C16B1940430706401500
:102AF0004053E07C40156B1D4063994140156DB11A
:102B0000F9000A066DB540830CD640154091E0CC23
:102B1000402C6E95EFFC51F663D140C112C6402D9A
:102B20004071E00C40296E2172BD59F64071C02001
:102B300040296E2940718521402C6E9D4015B5714C
:102B400040056459E00803066AE14033A3314015AB
:102B500066414041080E402B4055FFC0400A6D952C
:102B6000E0400A066DB940634C6640154083E000C2
:102B700040156DC1E00C51F6634940911386402D1C
:102B80004071E060C02D6329633940714071C02DF0
:102B9000C02D63D9640940710E66402DC0206801C4
:102BA00064F940C540C5C00B400B64FD60011806C8
:102BB0004011C02040296E2540318311402B65C94A
:102BC00040459131400A6D9940558941400A6D9DBB
:102BD00040618B51402B6B9540938F61401669A9E2
:102BE00040818791C02C6CFD636940811056402D57
:102BF000C0207001650540C540C5C00B400B65098C
:102C00004075B9C1C00B6511651540759371400BD6
:102C1000651140114021C02BC02B653165CD40317D
:102C20004011C02BC02B65D1668140114011C02BD3
:102C3000C02B66856AA140514041C02BC02B6AA5BC
:102C40006B8940414011C02BC02B6B8D6B914011A3
:102C50004061C02BC02C6D516D6140114061C02C92
:102C6000C02C6E596E5D40114011C02CC02C6E619D
:102C70006E6540414041C02CC02C6E696E8540316C
:102C80004021C02CC02C6E8D6E9140114011C02C83
:102C9000C02C6E996EA540314051C02CC02D6325CB
:102CA000633140114051C02DC02D63356341402137
:102CB0004051C02DC02D6345635940914051C02DF6
:102CC000C02D635D636140414051C02DC02D6365DF
:102CD000637140914051C02DC02D63A163A5405147
:102CE0004085C02DC00B64ED64F140854051C00BA0
:102CF000C02D63D5640140614051C02DC02D6405D5
:102D0000643140314051C02DC02D6435643940C11B
:102D10004071C02DC02D64616465405140C1C02D1B
:102D2000C02D6469653140614061C02DC02D65359D
:102D3000681140414011C02DC02D681D69D9401156
:102D40004011C02DC02D69DD6A3140214031C02DB8
:102D5000C02D6A356A3940914041C02DC02D6A713D
:102D60006A7D40110C0CC02DDD93F01CE11403466C
:102D7000841884146BF14011DD93C02BE148408628
:102D800080088004E000004AE200000CC1C3DD932B
:102D90006148408680048111DD93801661484006B9
:102DA000E190450683310004C2198018883E8016E0
:102DB000C1C3DD9361484006E190450681310004BE
:102DC000421080188016F3F8DD93883EE1484006F3
:102DD000800080044046A10D000581480019800054
:102DE0004210800040119C04DD938000E1484006C1
:102DF000800080044046A10D000581480019800034
:102E00004210800040119C08DD938000E14840069C
:102E1000800080044046A10D000581480019800013
:102E200042108000401193F4DD938000E148400699
:102E3000800080044046A10D0005814800198000F3
:102E40004210800040119C10DD938000E148400654
:102E5000800080044046A10D0005814800198000D3
:102E600042108000401193ECDD938000FAFC040CCA
:102E70008101006B680C79E88181811161341786CA
:102E80002C04807BE1485386832103A1A40480861F
:102E9000A4048086A40480A60C158086C00B69F962
:102EA0000006A11B00158F148C0B0000E83C58088D
:102EB00083112C04014600A68004E134A40480A6FA
:102EC000A4048086A40480A68C0B0086E81065C844
:102ED0008E0B0311E80C76E80C0C8C0B1E98F2FCA0
:102EE000C1C3E028FA7C040CED501EF09711006B72
:102EF000E8104C28EF1043C6400084088406F3F81D
:102F000062650C09404AC01521B8E08C0C098000AC
:102F1000C02D6B852158A10B0660800040B667A1CB
:102F2000E0040006645004F0814581110000491658
:102F3000A10BEC041921FE953E3E81511B488101F5
:102F4000000AE0001B48F000525AC0008693E68A4F
:102F5000E02012A91249A1AB15F8802812B980000F
:102F6000B1AB602CE0281249E18400B440407C0EF3
:102F7000890EF0FCAC05FE4E1E05B3AB400280107E
:102F80000049909880150F4180000BA88EE5B5ABE5
:102F90001E05B7AB400280100041909880150E418D
:102FA0000C09AAC54015621189C4B9ABE68240CAB2
:102FB0009A800004909840020E410049A6E5801ACC
:102FC000A425BBAB8A45BDAB81413FAB140AA60526
:102FD0000C45E040800C0C51140AA2850C45E044DD
:102FE000800C0C55140AA0C50C49E04880330165DB
:102FF000140AA0C58685E04CE050140A890488159F
:103000008C03C4076CDD00458F35C00CC2078904F2
:10301000004B8C03C00A6DA189048F2500418C03ED
:10302000C0156E416D4100010D35C0158904A043E6
:103030008C03C4076C5D00458BB5C00C08040924E3
:103040003C5EFA808C2389016F410439812140154F
:103050000E2485458873FA800E708C73C06B6641B0
:10306000110A988B0635F41CC40404207010000A61
:10307000E40418801C58FCD5FA80108410898C83D5
:10308000C02E67C1FA800A54FA801084FA35915B29
:1030900093C1040B89217BF5F40C448A18067675DC
:1030A000000AC00004047010A215FA80E080561ACD
:1030B000A000085806F07C040944E450BC54832165
:1030C000E080400A5C100629F09040324420BE3473
:1030D0008026D004890495058C03C40764D100457B
:1030E0008175C005C407890400458C03C00565D1FE
:1030F00060010006814BFC00800008F8E024120902
:103100008445AB0B8465A30B8865A50B8885A70B4D
:103110008A85A90BA015A10B814DA404A6049035A6
:103120008265804DA40487D5814B0395814DA4040D
:10313000A60480958C85804D04F07C048944E4507D
:103140006080400A040983010735DC10D004400088
:1031500001E5A404A604804D09C4804DE45000F0AC
:103160000029FC348265FC30A404831509C4814B1A
:10317000E45000F00029FC348205FC30464A7E44CD
:103180000406E080018580007E44843BE080460A9E
:10319000462083319803D004BE3480367C0481D528
:1031A000E45004F0404A894481016080DC10040945
:1031B00088237E4407158806BC549921564A8455B5
:1031C00082E5E08006F07C0409C4E450FE448121DD
:1031D000E080404A5C300629F0B04032FBE58026B2
:1031E000010A3E3484F5F40C8685AFAB8A85A5AB25
:1031F0008C25A7AB8CC5A9AB8E85ABAB9025ADABB1
:103200008235A3ABC227882304438C23400C6D2155
:10321000EF559921FE4499217200404009458251A1
:103220000823CF07664100600624C05880236084CD
:1032300064010429860340046C010043BE34C001CC
:103240000705C827882384438C23C4276891044535
:103250008585C005C427882304458C23C00660915A
:10326000882385158C23C2276921044B9921400CA2
:103270008823E96504498C23401A6A41E7F59921BE
:1032800000600823C0586641608406240429802316
:103290004004600100438603C0016C01C827BE34AE
:1032A0006575A4430B0A992124C8E4FC4C159FFCC6
:1032B000400B69ED4C158101400B69E985A5812121
:1032C000645006F0EC8008107C040639FB904A122A
:1032D000647C030AEC7C08526C00104406CBA853B3
:1032E000180682110EC4800081C168909C0058307D
:1032F0006F9006C44682A9CFB80F788C0652267FFD
:103300004C05EC04400B69E9AE2FA77F69ED4C2515
:10331000020AC00BF4B5E10043C6240F0408EF1005
:103320000425A10B93F840008406C2096DED0C0939
:10333000A30BC0338000001602F14C01814580359B
:10334000C20984081EF084060C0CE550DD93F27C63
:10335000EF1041C6802880180419C217F3F44420E6
:103360008026A22FC1C3DD93EF104206E070022930
:10337000E084440A9A005C0864D50029A72BC02B7E
:10338000800002299C20442080004221FFFC170875
:10339000FA00040C6C5100190029C02BC0156141C2
:1033A000E08406146686422AFA8004346C4940316F
:1033B000060A402B421AF0004011E00AC02B6C4173
:1033C000810180A5F2000C0C0029DD93402B6C1DBF
:1033D000E00842966FF863A8E0084C960C06A30B31
:1033E0008C0BC000F2000C0CC1C3DD93FA00040C7E
:1033F0006C5500190029C02BC0156145E0840614E6
:103400006686422AFA8004346C4D4031060A402B0D
:10341000421AF0004011E00AC02B6C45810180A5E2
:10342000F2000C0C0029DD93402B6C1DE008429645
:103430006FF860C8E0084C960C06A30B8C0BC0001C
:10344000F2000C0CC1C3DD93FA04044C0C09806B30
:10345000C0156145EC040200F41C030A0C1982D566
:10346000C0156141EC040410F424050A400A80D51B
:10347000008AE6868435E5446C1D0C290FF6402B46
:1034800003F6E0088C0B6008EFF85E080D78A30BDC
:103490000C198000C015614161510C0904144015DC
:1034A000440AFA80050AE68A8295E4A061450C295F
:1034B0000C39C015C0156155E68A443AE484048A83
:1034C0000C298495402B6C1DE0084E7660084276EE
:1034D0005BB88C0BA30BEFF880000B2861410C1933
:1034E0000C09C015C01561517A800214FA800404D9
:1034F00061490C39422AC0158613E686E4A0030A06
:103500000C198415C015614561550C290C39C0157D
:10351000C015614DE686422A028A86138415E4842A
:103520006C1D0C294E76402B4276E0088C0B60080F
:10353000EFF858C8A065A30B61510C09000AC0152B
:1035400086D5F01061550C09A90BC0150C098635FC
:10355000C0156141E080404A0C0980E5C015614515
:10356000E080400A0C2982A5402B6C1DE0084E0625
:103570006008420656988C0BA30BEFF80C099805CF
:10358000C0156149F80C004A0C098465C015614DED
:10359000F80C004A0C0982A5C0156151F80C004ACC
:1035A0000C0980E5C0156155F80C000A0C2982A5AC
:1035B000402B6C1DE0084E166008421654588C0BC8
:1035C000A30BEFF80C098E85C015614188B5A30BDC
:1035D00061450C09A30BC0150C098815C015615174
:1035E000EC100000F430010A0C09825540156155B9
:1035F00000008171008AEC108835F4346C1D0C29B0
:103600004E36402B4236E0088C0B6008EFF851E84C
:103610000355A30BC0000E0661510C09B10BC01578
:10362000A90B82050C098415C0156155A90B01650C
:1036300061550C09B10BC015817100D50C4C8E0B76
:10364000DD93F2046C1D0C294E26402B4226E00827
:103650008C0B6008EFF84FA80E06A30B8E0BC00072
:10366000F2040C4CC1C3DD936C5100190029C02B2E
:10367000C02B6C556188061440118311402B6C5986
:10368000E1880824E692443A6C414031040AC02B98
:10369000892160406C4940214021C02BC02B6C4DDA
:1036A0006C4540414011C02BC02C6C790C69402105
:1036B0004021802B802B0C6D0C814011DD93802CE0
:1036C000FA0004CC8101006B66350C1B9906C0160C
:1036D000424A9106420660804C11E004C02B6C1DEA
:1036E00080000C986FFC6B28A10B8C0BC0000C3871
:1036F00061410C0904F040150C19E420C015614526
:103700006682401AE43002F063094C018C0B4015CC
:10371000E8004BC861490C099918C015614D0C2986
:103720001138C0150C09C507401561414C118013B3
:10373000402B6C39E188082461510C1986434015EF
:1037400061550C29A30B401561450C394C41C0153E
:10375000C02B6C3D6C514C114C21C02BC02B6C55B7
:10376000060A821580B5F0046FFC78088F258C0B53
:10377000F40C070A4C218455402B6C4D4C31EA0D5A
:10378000C02B6C4560588C258C0B6FFC9C55A10B95
:103790006C410C0985E5C02BF010060A680D8615F2
:1037A0004C218931C02B6C4D6C454C318685C02B2A
:1037B0006FFC5F08A10B8C0B0C0996B5C02B6C41FC
:1037C0008615AB0B6FFC6148FD158C0B6FFC610817
:1037D000A10B8C0B0C0992F5C0156141F495E80D15
:1037E0006C510C194C11C02BC02B6C496C414C0115
:1037F0000C19C02B402B6C45FA8000046C4D0C3921
:10380000401AC02B0C19E682C02B6C556C510C0968
:10381000000A402B0416E0404C218000802C0C81D3
:103820006C490C294C11C02B002B0C6DFA80021432
:103830000C694C01443A802B401AE68A402AE68201
:103840004C01E002402C6C79FA80020466314C1382
:103850004498C0168C0B68008295A10B6FF07C68B1
:10386000A10B8C0B7F1880F58C0B6820682C5548B9
:1038700021118C0B4C118321C01B656165414C21CA
:103880000CCCC022DD93F200681100490039C0273A
:1038900040276815088A81010844E5400040818876
:1038A000068A0C500406E500063481010034818844
:1038B00000009A8088068C40A13B8438C4080630FA
:1038C000C1880634C0004231C0000409FBFC000A74
:1038D000DA800004C4080000C188000440004401EC
:1038E000DD938101FA00040C680040C8A10B806BD5
:1038F0000C0C8085DD93F2000C0C8C0B8B55F200C8
:10390000FA04044C0C19806BC02B6C516C550C09DB
:10391000441AC02BA12BE5020C398605C02B6C4D37
:103920006C490C490C59C02BC02B6C456C410CC91F
:10393000464AC02B48CAE50E464AE516443AE50E0B
:103940000365E00AEFFC04226C1D0C294E56402B47
:103950004256E0088C0B6008EFF477888805A30BCB
:103960006C510C198121402B6C550C090424C02B7F
:10397000C2077A80042201714C01ED00401B6305EF
:103980004C11C217401B6301E004000663094C019F
:103990004C21C01BC01B630D63114C718E0BC01BEF
:1039A000F2040C4CC1C3DD93FA7C040CEC301EF025
:1039B0008101006B630D0C7902F0401B0C99E4202F
:1039C000C02B6C516C550CA9FC0EC02B3C06890613
:1039D00045188C0BA10BE800C000100600081E85DE
:1039E0009095A10B641002F074F89E2B8C0B6FFC69
:1039F0008E65A18B6C3D0C390290402B3C48EC0449
:103A0000EC0404A06C390C5981C1402BA8338908FF
:103A1000608C083464200660A053C06DC65705450D
:103A2000124402C151CDFA80F0945412790046A19B
:103A3000F0A4562282258CB66C510C990A54402B66
:103A4000C297FA80925301D56C550C4981C1402B25
:103A50006C390C59C247C02B924320530E70C65785
:103A600082316C04F6B5A17B98F18101F27C0C0CDB
:103A7000C1C3DD936C510039824B402B6C49002946
:103A80000019C02BC02B6C41C1C38725FA04040C5C
:103A9000EC301EF08101007B826B7C0E02F03E0E4A
:103AA0007E98E4208E0B6FFC8415A10B641002F04D
:103AB00041188E0BA10BE800FC048235401ABE149D
:103AC0000002E682180EEFFC98F18101F2040C0C62
:103AD000C1C3DD936C550039824B402B6C4D0029DE
:103AE0000019C02BC02B6C45C1C38125FA00040C02
:103AF0008285A13BE50A401AE00E400AEFFC000275
:103B00008101100EF2000C0C0029DD93402B6C1D7E
:103B1000E00842566FF469A8E0084C560C06A30B67
:103B20008C0BC000F2000C0CC1C3DD93FA045E657F
:103B3000EC100CF0741C5E60BC6E8861FE8003FCAF
:103B4000F804170CEC301EF0819381834046C1834A
:103B5000432661488004E00C400600168004E148DA
:103B6000021480188016FC9CEFE455286FA054487E
:103B7000C1C38101FA00004C61484046E00C433665
:103B800000168004601100060004C020E1484206CF
:103B900080188404FC9C02145398801652B8EFE4F9
:103BA00081016FA0FA00004C61484046E00C43469A
:103BB00000168004601100060004C020E14842069F
:103BC00080188404FC9C0214521880165138EFE4CB
:103BD00081016FA0FA00004C61484046E00C43763A
:103BE00000168004601100060004C020E14842066F
:103BF00080188404FC9C0214509880164FB8EFE49F
:103C000081016FA0FA00004C61484046E00C4396E9
:103C100000168004601100060004C020E14842063E
:103C200080188404FC9C02144F1880164E38EFE470
:103C300081016FA0FA00004C61484046E00C43A6A9
:103C400000168004601100060004C020E14842060E
:103C500080188404FC9C02144D9880164CB8EFE444
:103C600081016FA0FA00004C61484046E00C43E639
:103C700000168004601100060004C020E1484206DE
:103C800080188404FC9C02144C1880164B38EFE416
:103C900081016FA0FA00004CE2C0002C6148404650
:103CA000E00C43F600168004E148400680188004CA
:103CB000FC9C02144AB8801649D8EFE481016FA039
:103CC000FA1C040CEC301EF06FF845A8807B806B6A
:103CD00094A5A17B811105016C1D4C010186402B2F
:103CE000001EE190641D10607DD8C0AFA10BEFE80D
:103CF0008701826544D8A0064518EFF84878EFF8A8
:103D00007D78EFE40111EFE8ED5004066FA05D0847
:103D100040068C0B81116F106FA05CA8E00044C6B8
:103D2000600C0086E03C428664CD4C150206400DD6
:103D3000C07D600164C14C054C05C00DC00D64C55B
:103D400064C94C058B01400D64D14C058301400DC5
:103D50006D494C1503E6400A4C01E050402C6E9131
:103D6000E400000667394C13421640164C03E0008D
:103D7000C016673D6E014C138305C0156190018626
:103D8000641C10608014C0AF8311231B6C1D4C1188
:103D90000206402B4015C0005BF8C00018F0EFE4AD
:103DA0008C0B6410E8105D68A10BBE04FC94825576
:103DB00080E5A19BE13400468004800488B5A30B14
:103DC000680C5D2820288C0BE00810B6600802B64D
:103DD00053B88C0B5538EFF48C0B6834680450489A
:103DE000A18B8C0B6FF47D689C005000EFF47D88F4
:103DF000EFE440E8831101016FE46B68100B8C2B3A
:103E00000C0C98F1DD93F21C680C7788008B8C0BFE
:103E1000A18B8C0B63B88085FBE5EFF4E81455C8E3
:103E2000A18B808B7A38F6358C0B6FF4E80043A8B1
:103E30008865A17B6FF462C85A588C0B8C0B6FF4A9
:103E40006F104146E00442468311421E434602166B
:103E50004015E01C67F8F8084658EFE48C0B680042
:103E60008275A39B680C7268008B8C0B50788C0B4E
:103E7000A18BE8348145EC95683450280C0B8C0BF1
:103E800071D88E1B8E2B6FE8A18B808B0111EA15E8
:103E900003319F215A388C0B7515E830C1C3808BD4
:103EA000611C41C680048111000600168004E120D7
:103EB000004600168004E120008600168004E12000
:103EC00000C600168004E120010600168004E120EF
:103ED000014600168004E120018600168004E120DE
:103EE00001C600168004E120400600168004E1208F
:103EF000404600168004E120408600168004E12040
:103F000040C600168004E120410600168004E1202E
:103F1000414600168004E120418600168004E1201D
:103F2000DD9380166265000942C640150414E1481D
:103F30008809813144208428202FF3ECE134018664
:103F40008311042600168004E13401460016800423
:103F5000E148418688368024881680240036800413
:103F6000E134010600168004E148410643060004DE
:103F70008016E000C1C3DD936805001B002BC00A5A
:103F8000C00A68016815003B004BC00A400A680976
:103F9000002BE017400A680D005BA41F400A68115F
:103FA000801EE037282FE027822EAA3FDD93C03EF7
:103FB000FA045E65EC100CF0741C5E60BC6E8861E7
:103FC000FE8407FCF804170CEC501EF081938183EB
:103FD0000161C183E03C41F66FA44A28404681114B
:103FE0000EC66190001AE14CE138048688449C3486
:103FF000001CC2194601A101402B6C1D1016831133
:104000008804831141F600664898E03C6E38EFA4BE
:104010001C04E8144D388111A8F1E808F0041F0CC5
:10402000F6840FFCFD64BCF4C1C3C153FA045E65A1
:10403000EC100CF0741C5E60BC6E8861FE8003FCAA
:10404000F804170CEC301EF0819381834046C18345
:1040500004C66190001AE14CE13807068C5488448C
:10406000001CC4194801A301402B6C1D14168311B8
:104070008C048111831100164A18880498F1E8080D
:10408000F0041F0CF6800BFCFD64BCF4C1C3C153EB
:10409000FA045E65EC100CF0741C5E60BC6E886106
:1040A000FE8407FCF804170CEC501EF0819381830A
:1040B00041F6C1838111603CEFA44328614C0CC6DA
:1040C0009804A5116C1D40118511402BE808478804
:1040D000E1380FC680189C04E080420A40468645BD
:1040E00005866190801AE138C81988348C08801CD4
:1040F0008C06C20980188804F3F8421098048016D0
:10410000E8344208022618044598E0109C04E808A8
:10411000400A800884C5E08461904046E138058605
:104120008834801A801CD019C4098C0888048C0635
:10413000421080180016F3F4E020022643F8980499
:1041400041F6E8088311603CEFA07EA81F0CA8F19F
:104150000FFCF004BCF4F684C153FD64FA045E6500
:10416000EC100CF0741C5E60BC6E8861FE8407FC71
:10417000F804170CEC501EF08193818341F6C18343
:104180008111603CEFA07CC8614C0CC69804A7115B
:104190006C1D40118711402BE8084128E1384EC6BC
:1041A00080189C04E080420A404684E54486619081
:1041B000801AE138E01988348C08801C8C06C2090A
:1041C00080188804F3F84210023600169804E010B4
:1041D000E8047F6880189C04E084420A4046860513
:1041E00044866190801AE13802148834801CFC9463
:1041F000C4098C0888048C06421080180016F3F459
:10420000E02002367DB898049C04E804400A800847
:104210008A05E08861904046E13844868834801AF7
:10422000FC9802148C08801C8C06C809801888042D
:10423000F3EC4210404600168004E138421080182A
:104240008016F3EC001B9804C0156E09FC9802144C
:104250006E094013023640157B18E0404D78E804A3
:1042600041F6EFE08311603CEFA075A81F0CA8F1A8
:104270000FFCF004BCF4F684C153FD64FA045E65DF
:10428000EC100CF0741C5E60BC6E8861FE8407FC50
:10429000F804170CEC501EF08193818341F6C18322
:1042A0008111603CEFA073C8614C0CC69804A91141
:1042B0006C1D40118911402BE8047828E1384F86A5
:1042C00080189C04E080420A404686A545466190DD
:1042D000801AE13802148834801CFC9CC2098C08C6
:1042E00088048C06421080180016F3F8E01002468D
:1042F000765898041804E804E00C4296E8044CE868
:1043000080189C04E084420A404686A54546619098
:10431000801AE13802148834801CFCA0C4098C087F
:1043200088048C06421080180016F3F4E00C42A6B4
:104330004B3898041804E804E0200246E8047408A6
:1043400080189C04E088420A404686A54546619054
:10435000801AE13802148834801CFCA4C8098C0837
:1043600088048C06421080180016F3ECE00C42B66C
:10437000493898041804E804E0400246E80472084A
:1043800080189C04E08C420A404686A54546619010
:10439000801AE13802148834801CFCA8D0098C08EB
:1043A00088048C06421080180016F3DCE080024678
:1043B000705898041804E804E00C42C6E80446E883
:1043C00080189C04E090420A404686A545466190CC
:1043D000801AE13802148834801CFCACE0098C0897
:1043E00088048C06421080180016F3BCE1000246D7
:1043F0006E5898041804E804E00C42D6E80444E837
:1044000080189C04E094420A404686C54546619067
:10441000801AE13802148834801CFCB000048C0837
:104420008C06FC9480188804F37C42100246001627
:104430009804E200E8046C4842E6180442D8E00C14
:104440009C04E804420A801886C5E09861904046C2
:10445000E13845468834801AFCB402148C08801C6C
:10446000FC98000488048C06421080180016F2FCA8
:10447000E40002466A3898041804E804E00C42F6A6
:10448000E80440C800009C04820DFF11414686B537
:104490008014E138042484288426FC9C801880043D
:1044A000F1FC421042460016842AE190042498044C
:1044B000042CFCB8E8000246E80468284306180407
:1044C0004018E00C41F6E8048311603CEFA06288DC
:1044D0001F0CA8F10FFCF004BCF4F684C153FD647A
:1044E000FA045E65EC100CF0741C5E60BC6E8861B2
:1044F000FE8407FCF804170CEC501EF081938183B6
:104500000161C183E03C41F66FA060A80EC6811135
:104510004246614C1C04E190E13C06C6AB41042AD2
:1045200040418C54C02B6C1D7CBC0024040C8321A6
:1045300094268B1180668C0464189C049C04E80407
:10454000EFE074A8603C41F65E988311A8F1EFA0FB
:10455000F0041F0CF6840FFCFD64BCF4C1C3C1530E
:10456000FA045E65EC100CF0741C5E60BC6E886131
:10457000FE8C07FCF804170CEC401EF0819381833D
:104580000161C183E03C41F66FA05CA80EC68111B9
:10459000AD01614C83811C146C1D42018301402BD1
:1045A000EFE475A8E13C40460486801480048D1138
:1045B0009C048066E8046048603C41F65AF8831128
:1045C000A0F1EFA0F0041F0CF68C0FFCFD64BCF40E
:1045D000C1C3C153FA045E65EC100CF0741C5E603C
:1045E000BC6E8861FE8407FCF804170CEC501EF0CA
:1045F0008193818341F6C1838111603C6FA059088A
:104600000EC68161AF01614C42019C14402B6C1DB0
:10461000721881011C04EFE45D188F114006E80454
:104620008018EF10F8C0020A801880E5F0C0421030
:10463000E080020A9C1482B56C150219420AC02B54
:104640000019E0848018C070F3DC42109C048016CE
:104650006C150019420AC02B8445E08468045B088D
:10466000E01002766C189C049C04EFE46E09001BB9
:104670004210C015C0FD73FD6E0940130019C0152E
:10468000402D67CDE13C45C6834108344011C8192F
:10469000402D67CD8C46831100668804E03C41F6CE
:1046A000EFA053E81F0CA8F10FFCF004BCF4F68453
:1046B000C153FD64FA045E65EC100CF0741C5E607E
:1046C000BC6E8861FE8003FCF804170CEC301EF011
:1046D00081938183001CC1834000E2C003467F00B8
:1046E000840EE194E340001C614C00C6E1400346A7
:1046F000B1310004834104246C1D40310846C02BB5
:104700008414812191110426E80455A81F0C98F106
:104710000BFCF004BCF4F680C153FD64FA045E6542
:10472000EC100CF0741C5E60BC6E8861FE8407FCAB
:10473000F804170CEC501EF081938183001CC18398
:104740004000E2C003467F00840EE194E340001C79
:10475000614C0EC6E13403C6B3211C040D060414DB
:104760004021E194C02B6C1D1816841852789311C7
:104770009808E80482E5A70B84A5A30B8665A50B22
:104780008855A10B02961C045198E010C183E804DF
:104790008385C11302961C045118E080C183E8048C
:1047A0008305C71302961C045098E020C183E804D7
:1047B0008185C31302961C045018E040C183E804AD
:1047C0008101C51340C69806831161408121000410
:1047D0008016A8F11F0C80260FFCF004BCF4F684B0
:1047E000C153FD64FA04044C68005EE8A10B806BC1
:1047F000C0001D4863290C39404E402DC0106CFD8F
:1048000063210C190C29C02DC02D63256184083447
:1048100048D8823982496FA01BF8A10B0C39C0001F
:10482000402D63396D05400E0C19C010C02D633149
:1048300063350C290834C02D823961846FA0478804
:10484000A10B8249C0001AA863490C39004E402DC3
:10485000C0106D0D63410C190C29C02DC02D63458E
:10486000618408344638823982496FA01958A10BF7
:104870000C3BC000401669A96D19010E0C19C0103F
:10488000C02D6359635D0C290834C02D82396184C1
:104890006FA044E8A10B8249C000180863710C396D
:1048A000410E402DC0106D2963610C190C29C02DDB
:1048B000C02D6365618408344398823982496FA0B2
:1048C00016B8A10B0C39C000402D63A96D51014EE3
:1048D0000C19C010C02D63A163A50C290834C02D8C
:1048E000823961846FA04248A10B8249C0001568DB
:1048F00063D90C39014E402DC0106D5963D10C198C
:104900000C29C02DC02D63D56184083440F882394C
:1049100082496FA01418A10B0C39C000402D640906
:104920006D61008E0C19C010C02D640164050C2946
:104930000834C02D823961846F9C7FA8A10B824905
:10494000C00012C864390C39408E402DC0106D6D06
:1049500064310C190C29C02DC02D64357E78823944
:10496000864B6F9C1198A10B0C39C000402D6469D7
:104970006D75010E0C19C010C02D646164650C29A1
:104980000834C02D823961846F9C7D28A10B824937
:10499000C00010486FA043A841F681018311603C1C
:1049A000EF9C7BE863290C090246402D8414E13812
:1049B0008209C70702C604060C09E138C02D633915
:1049C000C707841404068209E13801460C298014C3
:1049D000C02D6349C927843846308229A43FF3F8A3
:1049E0008004843663490C198028C02D8419C917A6
:1049F000F3F444200026A22FE13840460C2B80140B
:104A0000C01669A9CB27843846308229A43FF3F821
:104A10008014843669A90C2B8438C0168429CB27CE
:104A2000F3F446308436A43F0C1B8004C01669A9F9
:104A3000CB17802844208819A22FF3EC41060026CA
:104A40000C19E138C02D636900168004E13841C6B5
:104A500064E10C158004C00B0006001E0C15E13C3F
:104A6000C00B64E5001E8004E13C024663A90C090A
:104A70008414C02D8209C507028604060C09E13C96
:104A8000C02D63A9C707841404068209E13C0146CE
:104A900064ED0C158004C00B0186001E0C15E13C72
:104AA000C00B64F1001E8004E13C03C663D90C090D
:104AB0008414C02D8209C507420604060C09E13C96
:104AC000C02D63D9C707841404068209E13C40C69F
:104AD00064F90C158004C00B4106001E0C15E13C66
:104AE000C00B64FD001E8004E13C434664090C09D0
:104AF0008414C02D8209C507438604060C09E13CD5
:104B0000C02D6409C707841404068209E1400046E9
:104B100065050C158004C00B0086001E0C15E140D5
:104B2000C00B6509001E8004E14002C664390C090F
:104B30008414C02D8209C507030604060C09E14050
:104B4000C02D6439C707841404068209E14001C6F8
:104B500065110C158004C00B4006001E0C15E140C9
:104B6000C00B6515001E8004E140424664690C09D3
:104B70008414C02D8209C507428604060C09E14051
:104B8000C02D6469C707841404068209E134004615
:104B9000800480048455BF0B6C1D0C290EA6402B8D
:104BA00002A6E0088C0B6008EFEC65080E06A30B6C
:104BB0008E0BC000F2040C4C8101DD93F2040C4C0E
:104BC000C1C3DD93FA00040C0C09806BC02D632176
:104BD00063250C196F38C02DA10BEF9C0C0994357F
:104BE000C02D633163350C196E98C02DA10BEF9C5D
:104BF0000C0990F5C02D634163450C196DF8C02D6B
:104C0000A10BEF9C0C098EB5C02D6359635D0C1987
:104C10006D58C02DA10BEF9C0C098C75C02D6361E4
:104C200063650C196CB8C02DA10BEF9C0C098A357B
:104C3000C02D63A163A50C196C18C02DA10BEF9CAE
:104C40000C0986F5C02D63D163D50C196B78C02D86
:104C5000A10BEF9C0C0984B5C02D640164050C19EF
:104C60006AD8C02DA10BEF9C0C098275C02D643150
:104C700064350C196A38C02DA10BEF9C0C0C808593
:104C8000DD93F20064610C090C19C02DC02D646520
:104C9000F2000C0CFF9C2948FA80000C6C1D0029C6
:104CA0005D38C02BA30BEFEC41F682558111603CBF
:104CB000EF9C6368F280080CFFD83AA8F280080CD9
:104CC000C1C3DD93FA0C040C0C0B806BC0156E098C
:104CD000E080400A0C298235402B6C1D0C0C8C0B9B
:104CE0001B38F20C4FC6FFEC0E09EF10C209F8108A
:104CF000F8104E016C210C09A70BC02B42368CF525
:104D00008C0B6000E8005B88600442466358832196
:104D10008C0B682C81811C08F3F840009C089C06D1
:104D2000F3F440004E819C060C0BE030C0156E0978
:104D300073FD40004C03C0FD40156E094BD88C0B31
:104D400052F8E81C8C0B6FEC61404146E000424693
:104D500000868004E14400060086800458B88C0B6D
:104D60000C0CE8003538F20C4256FFD88C0B600072
:104D7000E80058286E090C0B02064015FFC06001C0
:104D8000FC9800046E094C0341C64015C02072FD1A
:104D9000020F800472C102060004C020040EFCC48D
:104DA00072C102068C0BC020F20C0C0CFFD833A889
:104DB000FA00040C8225A11B6F9C5B28400683111E
:104DC0000C0CFA02DD93F2007A024C06E03C41F64C
:104DD0006F9C5A688C0B8111F2000C0CC1C3DD93DF
:104DE000FA7C044C1206006B55C6E008564661106A
:104DF0005106E11081016138817109956C1D4C915A
:104E00008C0B402BE80044881415A10B0219C0003C
:104E10008E75C000680048C828148C0B8418A10B3C
:104E2000420A8C958C25E0848E1B0C0BE8004D0803
:104E3000E0C8000A6FF88AB52C04E81883218111B4
:104E400095110016682C59A82C048C0B8016831120
:104E50008008A804E084404A40001605C00002060D
:104E6000C00040118018A004F3DC4210A00480169A
:104E7000421080180016F3BCE11000468018800430
:104E80000016C219E0004126E87D82710C4CEE0547
:104E9000DD93F27CFA0C040C6FEC7CA80E16806B90
:104EA00042C660084C71E010402B6C1D56588121A1
:104EB0008C0B682C61404146E1241186A0148004CB
:104EC00084388028E080464A444A8465FE25E08C88
:104ED000EFEC7BE86C1D0C290216402B4B58E008C8
:104EE0008C0B6FEC8095A30BE82C5B685B3881958D
:104EF000A004E82C400A800880D5E0848E0B8171E4
:104F0000F20C0C0C7A38DD930C29EFEC402B6C1D65
:104F1000E0080E266008022649788C0BA30BEFEC04
:104F2000C0000E060C0C8E0BDD93F20CFA0C040C78
:104F30006FEC77E80026806B428660084C01E03C0D
:104F4000402B6C1D519881218C0B682C614041468F
:104F5000E1241146A014800484388028E080464A69
:104F6000444A84A5FE25E08CEFEC77286C1D0C29C3
:104F70000E46402B0246E0088C0B6008EFEC4668BA
:104F80008095A30BE82C568856588375A004E82C0E
:104F9000400A800882E5E084EFEC75A86C1D0C29BE
:104FA0000E56402B0256E0088C0B6008EFEC44E8EC
:104FB0008045A30B410681718004E138D019801827
:104FC0008E0B0016F20C0C0CC1C3DD93FA1C044CC2
:104FD000806B027BEFEC72C860080036E00442266A
:104FE0006C1D4C018121402B682C4C8841468C0B58
:104FF00013C661408004E1248028A414464A843802
:1050000084A5E080E08C444A7218FE250C29EFEC60
:10501000402B6C1DE00810666008026641588C0B3E
:10502000A30BEFEC5178809581E5E82CE82C5148F2
:105030008008A404E084400A100600E5697D800031
:10504000E0005126900B80A5F21C0C4C6FF8DD930C
:105050000C29EFEC402B6C1DE0080E766008027600
:105060007F388C0BA30BEFE8C0000E060C4C8E0BA8
:10507000DD93F21C6FA50025A12BC00B9A005C08E4
:10508000E06C020A04CD00259AA580050025A51B29
:10509000800B0A0D840404200A0D402598C5800B5E
:1050A0000025A71B800B0A15840404200A1540253F
:1050B0009685800B0025A91B800B0A11840404200F
:1050C0000A1140259445800B0025AB1B800B0A1963
:1050D000840404200A1940259205800B0025AD1B8D
:1050E000800B0A1D840404200A1D40258EC5800BF8
:1050F0000025AF1B800B0A21840404200A214025CF
:105100008C85800B0025B11B800B0A2584040420AC
:105110000A2540258A45800B0025B31B800B0A29F0
:10512000840404200A2940258805800B86C5B51B08
:105130000025B71B800B0A2D840404200A2D40256E
:105140008485800B0025A31B800B0A09840404209E
:105150000A0940258245800BFC044410E074040ACF
:10516000832180B56A3140250025C00B400B6A01C0
:1051700064010600C627C0BA448604334615E00021
:105180004206E0344615FC060015E038C00B6A0103
:10519000441A82114015E10AC00B6A010015A12BC7
:1051A000000B0A05800004060A0140250210800B4E
:1051B00040158404800B0A05C1C3DD936FA500254B
:1051C000A12BC00B9A005C086B7500250600400BF4
:1051D000C0BB65D1E0004A868623C6274606C81EA6
:1051E0000045FC06C00B6B7598214A3E4A4A824135
:1051F0004045E116C00B6B750035A15B000B0B79C8
:10520000800008060B7540450630800B403584044D
:10521000000B0B79F024020A020A98A588C5F00455
:10522000F008020A020A9A658A85F00CF010020A58
:10523000020A9C259E45F014F018020A020A8AE52B
:105240008E05F01CF020020A020A90255C08F0008E
:105250000015DA00C00B6CBD821188246CBD4015AE
:105260004025C00BC00B6CE50015DD93C00B6CC175
:1052700040158211C00B6CC140158814C00B6CE93D
:105280000015DD93C00B6CC940158211C00B6CC9B1
:1052900040158814C00B6CF10015DD93C00B6CD564
:1052A000821188246CD540154025C00BC00B6CFDC5
:1052B0000015DD93C00B6CD940158211C00B6CD961
:1052C00040158814C00B6D010015DD93C00B6CDD1B
:1052D000821188246CDD40154025C00BC00B6D0584
:1052E0000015DD93C00B6CE140158211C00B6CE121
:1052F00040158814C00B6D090015DD93C00B6CC5FB
:10530000821188246CC540154025C00BC00B6CED84
:105310000015DD93C00B6CCD821188246CCD401537
:105320004025C00BC00B6CF50035DD93400B6CD1F4
:105330006015020A8231C0086CD140358834C00B38
:105340006CF940358445C00B6015020A5C08C00446
:105350000015DA00C00B6D0D821188246D0D40150B
:105360004025C00BC00B6D150015DD93C00B6D11F2
:1053700040158211C00B6D1140158814C00B6D19BA
:10538000C1C3DD936FA50025A12BC00B9A005C085B
:105390006D1D00350800400BC0BD64716D250025F2
:1053A000C637C00B864302216D254025A921400B3D
:1053B0004206D21E4815FC060015E010C00B6D1DFC
:1053C000441A82114015E10AC00B6D1D0015A12B76
:1053D000000B0D21800004060D1D40250210800BDE
:1053E00040158404800B0D21C1C3DD93FA04044CE5
:1053F0000C05806BC00B6FA58AA5A10B6DE90C0590
:10540000A921400B668A440AE0880604F08C4E62AB
:1054100000208C2340BD67C15E98A9214006EF940F
:105420004E05FC06C00B6DC96DE90C058201C00B71
:105430006DE94C05004A400B0C05F81C400B0DEDC6
:10544000C00002060DE94C150000C00B4C05C40459
:10545000C00B0DEDF2040C4CC1C3DD936FA500250C
:10546000A12BC00B9A005C086EB10025863AC00BD8
:10547000F008024B1824065A041AE08C00C3C42713
:1054800058538023C0176D7D6D7958135833C0175A
:10549000C0176D756D7158434206C0174415FC0660
:1054A000C00B6E916EB100158211C00B6EB140152C
:1054B000024A400B0015F81C400B0EB5C000040654
:1054C0000EB140250210C00B4015C404C00B0EB530
:1054D000C1C3DD936FA50025A12BC00B9A005C080A
:1054E0006F190025C634C00B609008240043C42700
:1054F00048358023C00B6F2D4835C434C00B6F294D
:1055000048358634C00B6F2548158414C00B6F21B5
:10551000FC0642066EF944150015C00BC00B6F194E
:1055200040158211400B6F19F81C024A0F1D00151F
:105530000406400B4025C000C00B0F19C404021024
:105540000F1D4015DD93C00BFA0C040C614C0CC60A
:10555000E1904286812118046D500606E1000AC6DA
:1055600042C6040C042EE190E19043060386042E0B
:105570004025E19C400B6FA9E10000460486001E17
:10558000083EE10066A108100210C0BF40B967F1F3
:10559000E1000506944E98047938881E1804EFF04F
:1055A0004071B571C02B6C1DEFF44E8802061804D3
:1055B000840EE194E82855C804C61814880EE194B6
:1055C000682855A843C6820B040EE190E03C41F6E2
:1055D0006F985A68001C81115146E2C0C000619169
:1055E0000186200E4A78E194A004EF98E340001C65
:1055F000603C41F65938831183816F9843861804C3
:10560000C480601569FD40150396400BD984630979
:105610006C1D40714015C02BC00B6FA16FA540855C
:105620004058C00B9804E800C1C3FFD5FA0C040C25
:1056300041F6007B5738E03C81116F980901816188
:105640004E01B711402B6C194E118E0B402B6C1D67
:10565000511883110E0BEFFCC0156E09E098404AFB
:105660000E1982E5C02B64C58AF5A71BEF10420610
:10567000420A84188A25E080E080400A051188C526
:105680004F988E0B5218EFFCA10BE808523880B5EA
:105690008E0B68080E0B806B40156E09400083115D
:1056A000C0FF72FD6E094E0341F640155378E03C91
:1056B000A16BEF980711A4D54DD88E0B73B8EFFCF2
:1056C0008E0B6FD4806B11E58E0B0911EFFC4D48EA
:1056D00064D50E09A70BC02B500692D5A008EF1079
:1056E000F8C0000AA00880E5F0C04000E080000A91
:1056F0000E0B9055C0156E09E080400A0E098E050C
:10570000C02B6C218C75A70B404AA0088AE5E08C61
:105710008E0B1B11EFFC4B086FD857C81D118E0B59
:105720004A988E0B46F8EFFC8E0B681864CD0E0578
:10573000E214C00586E5C20DC809A0088E0B20063C
:10574000E8184A086E090E0B83114015FC980004F6
:105750006E094E0341F640154E18E03C0B11EF98D0
:1057600048988E0B7378EFFC8155E8088E0B1F115B
:10577000EFFC4828603C41F64D1883110E09EF9864
:10578000C02B6C11E098404A11118A8547388E0B66
:105790000E05EFFCC00D64E9400685054E05FC06CC
:1057A000400D64F161988E0B4958E8088E0B68082B
:1057B000FC06400664ED0E250E15C00DC00D64E913
:1057C00064F54E058221C00D64ED4E250010400D9C
:1057D0004E05EC04C00D64E9F815A10BC313C18399
:1057E000603C41F649B883110064EF980C0CFA80D4
:1057F000DD93F20C6C194011DD93C02B6DED001997
:10580000A31BC033DA005C0862F10019A31BC0358A
:10581000002B82F540156E09E14C024644208414A9
:10582000C0FF72F16E0940231FB8C015DD93FFD48D
:10583000FA84040C4006006B0004E1148321837198
:10584000C4198018400600160004E128007685116E
:10585000E12801060076800448F88C0B0146E82810
:10586000BD116128832100048C0B0076F2840C0C9E
:10587000E0280848FA7C044C4086008B0004E128AC
:105880000311827B5672866B144670888016E13451
:1058900001868D25831161288121000440C6007690
:1058A0008004E128020600164678E010900B682874
:1058B00061404146E1284346841480048038A8248E
:1058C000A14B8448884480858475A54BE08C460AAA
:1058D00088348085FC95A53B6C1D102902C6402BA1
:1058E0007B38E008900B6FE4E00812C68CD5A10B62
:1058F00061284186000481118004812140C6180E70
:105900008004E128020600164378E010900B682816
:1059100061404146E1284346841480048038A8242D
:10592000A34B8448884480858475A74BE08C460A45
:1059300088348085FC95A73B6C1D102902C6402B3E
:105940007838E008900B6FE4E00812C680D5A10B10
:1059500082710861E6C5D67D920B8191F27C0C4C78
:10596000C1C3DD93FA00040C61280346041481616D
:1059700004668321401883110106E8288004E12889
:10598000400600668004E114421080188016F3F48B
:10599000F2000C0CC1C3DD93E0180015E0500025A7
:1059A0006127E017700142104025C300C0096E094D
:1059B000E0500025FB8004248121241F6E0D40153A
:1059C0000015C009ED17E054F3F042106841401192
:1059D0000015C027DD17E054F3F042106845401170
:1059E0000015C0274011E058403562F5E57002000F
:1059F00004348395F13788214231C63BC0276211B8
:105A0000E13784344231C63BC0276215D137843434
:105A10004231C63BC0276219C63BC534620D4231D4
:105A2000048AC027C00160610200F8B5400165D159
:105A3000837581218821463B6D7142318434C026B3
:105A4000C63BE1376D7542318434C026C63BD13741
:105A50006D794231C534C0264231C63BC0266D6DDA
:105A6000048A043478F5E0404031F137C0276801FA
:105A7000E18400154011E117C0276805E188001591
:105A80004011F117C0276811E18800154011E11796
:105A9000C0276815E18C00154011FF17C02767F17A
:105AA000E18C00154210F1174011F0FCC02767E1AE
:105AB000E18C0015E18C00254727E917A0299E19E4
:105AC0004011A41FC02767EDE18C0015E18C002573
:105AD0004527E117A0299E194011A41FC02767E997
:105AE000E18C0015E18C00253E19D117F08044208F
:105AF0000406241F4011E004C02767E5E19000156B
:105B00006EE940150015C00AE117E1FC6C2940134D
:105B10000015C0134013E1FCC0136C2DE20000150A
:105B20004011D117C0276865E2000015686940116F
:105B30000015C027F117E204686D40110015C02759
:105B4000E117E204687140110015C027D117E20483
:105B5000687540110015C0274011E204C02768791C
:105B6000E20800154011F1174027687D64310200FA
:105B70008175C002042045344235EC04C0096C290B
:105B8000FE35A12B6431020081214003043481B52C
:105B9000E137842168594233C534C0136855423314
:105BA000048AC013FC95E500673102008921400397
:105BB00045348175EC0404206B1D4235A12BC00ACD
:105BC0000000FE3540036771817593110210412476
:105BD0004025EC04C005603DFE35A11B81015D93AD
:105BE000FA00040CEF4C022980B5A12BEF3C0229EE
:105BF0009625A12BF9310121815107415852838506
:105C00004C52780C82C3F890FC1818C991C1582FD7
:105C1000440A81B5C227609C73F9442018C0400132
:105C20004420EC04A1CBD8748251FCB5E1400A0AAF
:105C30000606F8F5040A61380C34FBFC9FF8059E53
:105C4000FA80042402398C2E872BEF4C064680F50F
:105C50008C34E134AF3B8C34021986F5832BEF3C56
:105C6000024680F58414E134AF1B8414420684B5E7
:105C70000CE661908638E0086C1D00298466C02B14
:105C8000F3F046300636C439E00802E6EFE45DE89A
:105C90008255A10B401681858018E190F3F04210E7
:105CA0008016C2198C0B8161F2000C0CC1C3DD930C
:105CB000FA00040C0206006B5958E2805B98E82851
:105CC0008C0B6FFC45F601110C0BE00C5D388C3B26
:105CD000A10BEFFC647882D58C0B6FFC8C1B0C0B3A
:105CE000EFFC780880B5A10B6FFC658881018C0BF7
:105CF000F2000C0CC1C3DD93FA0C040CB911006B5B
:105D000068285728E4100E60812129118E3B0C0B66
:105D1000EFFC5B28A17B807B625880C58C0B6FFCFD
:105D2000E0001E0864201060092185115A388C0B90
:105D3000903B6FFC8C0B007BEFFC61681D18A17B16
:105D40002014C000E1044F8604149C04D11761C0E4
:105D50007A800614FA800424A1391F2968005C683F
:105D60001C048911E114024684148008830B8418F2
:105D7000C0001AE8E1340046800480041A78A90BB8
:105D80005A148000E1440F8604149C04F11761C08A
:105D90007A800624F87C4410788046305A588B115B
:105DA0001C04E800E148034684148008830B84182F
:105DB000C00018E80FC65A149C04E14461A0041402
:105DC000FA8002147A800424F88046108B113F294F
:105DD000E80058C803861C048008E148841884142D
:105DE0001758830B0C45C000430660108404E1443F
:105DF000E1E0044444200038C43DFBFCE14780D589
:105E0000FA8004448065C53D8404802602060008AB
:105E10008414E148830B8418C00015A8E0100C0519
:105E2000E0B8400A42C68485D50761448609042447
:105E300004048806E148024684148008CB178418BD
:105E4000830B8619C0001448E0100C05E0B4400A2A
:105E500042868485D10761448609042404048806A7
:105E6000E148024684148008C7178418830B8619FA
:105E7000C00012E8E0100C05E0B0400A424684453C
:105E80008E09614488068424024604048008E1489F
:105E900084188414830B8E19C00011A8E0100C051F
:105EA000E094400A03868405C70761088609042434
:105EB00004048806E114028684148008830B841885
:105EC000C0001068E0140C05E0F8400A4346844521
:105ED000F10761449E09042404048806E14802860F
:105EE00084148008830B8418C0000F28E0140C056C
:105EF000E0F4400A43868445E90761449E0904248E
:105F000004048806E14802C684148008830B8418C0
:105F1000C0000DE8E0140C05E0F0400A43C68445DB
:105F2000E10761449E09042404048806E14803064D
:105F300084148008830B8418C0000CA8E0140C059E
:105F4000E0B4400A43068625C90761008409042499
:105F500046308838A03FF3F404048836E11402C6C2
:105F6000841480088418C307C01FCD17E080424AFC
:105F70000C05AAC5400AE0148605E0B0610043069E
:105F80000424C90788388209F3F846308836A03FD0
:105F900002C604048008E11484188414C01FCB17BF
:105FA000E080424A0C05A485400AE0148625E0AC56
:105FB000610042C60424C50788388409F3F44630DA
:105FC0008836A03F02C604048008E114C307841485
:105FD000C7178418424AC01F9E25E080E0140C05B4
:105FE000E0A8400A42C68605C5076100820904246C
:105FF00046308838A03FF3F804048836E11402C61E
:1060000084148008C5178418424AC01F96E5E080B2
:10601000E0140C05E0A4400A428684C584096100AE
:1060200088388424F3F446308836A03F02C604043E
:106030008008E11484188414424AC01F90E5E0846B
:10604000E0140C05E0A0400A4286848582096100C4
:1060500088388424F3F846308836A03F02C604040A
:106060008008E11484188414420AC01F8AF5E08075
:10607000E0180C05E0F4400A43C68605EB07610012
:1060800087310414788C460284288609F3F0442072
:106090000426A62FE1140306841884148619CB174E
:1060A00084B5811BE0180C05E0071A14700140004C
:1060B0008171430061C00414FB8002146E094C25F9
:1060C000A20F40096E0D4C0581B5C0096C1D0C294D
:1060D0004E66402B4266E00C8C0B600CEFE07B6858
:1060E0000C0C8E0BDD93F20C69840824E9840A34CD
:1060F00018440048B85FE0840425A75BE9840244A3
:106100008625A35B86A5A55B5C08A15BC44DDA0070
:10611000A11B8065A11B84858185863582E5A11B35
:106120005C08A31BC44DDA00C74D82559A005C0879
:10613000DD9380368205C44D80D5A11BDD9380267A
:1061400080168111C74DDD93A31B8065DD93FC454F
:10615000FA1C044C986B008BEFF876C867C10E8070
:10616000434640AE0121E00C7858900B8E3B6FF80F
:10617000A10B81911C1482357FFD45FE434AC03F2F
:10618000120CE408980EE2000C4C9A9EDD93F21C6F
:10619000FA84040C61940E461C6E806BE1000206CA
:1061A000E82472288C0B1C14E80040888C0B1C140B
:1061B000F2840C0CC1C38765FA84040C807B026BEB
:1061C00060084026655002704E01C089402B6C1D4E
:1061D000641100600921C011741881310060E81455
:1061E00040116421650102702921C08973788131D1
:1061F0000060E81440116471656102702121C0895A
:1062000072D881310060E814401164B165A1027058
:106210004506C08989316018F2840C0CE0143208FC
:10622000FA7C040CECF01EF082AB006B6DE50C09FF
:10623000A30BC033140990F5C00464A1E3FC000A69
:10624000147B9025641102A018A0C0114014646151
:1062500065A104601470C0AE401F65E16621166040
:106260000056C0AE1060600CC0BF66B06C1D4C0123
:106270001260402BC0C06521066009BEC0AD64C17C
:1062800008607EAEC0AD65210A607C2EC0546541B9
:10629000900B3ECE921B3C1E6FC462E800668E2BB4
:1062A0000660600CC0CC65406C1D4C01900B402B0F
:1062B0008E2B121B6FC05BE801A1964BE19C4E0A2E
:1062C00040468DA504A06008C01164106C1D4C01EF
:1062D00012A0402BC0106401679116A00EA04010C0
:1062E000C01365B1146017AEC0AE6621614C0306E1
:1062F00065A008600FAEC0AE661118600DBEC0ADDF
:106300006761106015BEC09F04048EBB66D1026039
:106310000B9EC0546451066009BEC09E66710A603F
:10632000FE4EC0A20860134EC06C670118607CCEA0
:10633000C0A364A1904B3E4E909B199EBCCE9BAED9
:106340009D2E911EEFB85868A1AB80AB4056887562
:106350000A606008C0A164706C1D4C010106402BEE
:106360001B14E14C9724924B891E80040E201D14AF
:10637000C01F65E110207E7EC01464613E1EFC8E4D
:10638000BCBE841B95349924EFB45E88A1AB80AB6E
:10639000A1AB8A456E890C051456400A0C15C00C39
:1063A000C00A6E8D6E910C250C35C00AC00A6E9520
:1063B000693D4C034060400A4C13DC00400A6941CF
:1063C000C00C025669454C234C33C00AC00A6949C7
:1063D0000C1D0C296398C02B140BCFE00C0CF8F1AA
:1063E000DD93F27C6008426617748E0B158E802B4D
:1063F000E14C01066C1D4C110260402BC0B66701D8
:106400000A601BB4C0A366E1849B1384FCBE8004B5
:10641000904B3E1E993491149D14BC1EEFB477E846
:10642000A1AB80AB77758085E99C4E0A902B1D143B
:1064300092AB15C4C1C3E375FA7C044C0046008BD3
:10644000008EE194E100020668245CE80191900B63
:10645000E6D45406836117B1817109C56E19101B0A
:1064600000644015801FE8A49005A11BE13442861A
:106470008428841480A5A12B801F84188CC5A11B9F
:10648000F0A44C8268810C09000AC01B004663FC22
:106490008014E194049480E5900B7A80E80043280E
:1064A00068B88145900B6FFC68810C094706401B5A
:1064B0000C14E134EC0404B0000A83611005E3FC21
:1064C0001009DC28002707E55005A17BC00A6E698A
:1064D0008255842CE1940046900B0014EFFC6A284E
:1064E000613447068C04807B029180BC84B188A112
:1064F000E040120A8E0BEC95F27C0C4CC1C3DD938C
:10650000FA0C040C808B027B600840365001846BCF
:10651000402B6C1D641100700280C011406D6571CC
:1065200059D889218131681464210070028040119A
:10653000C06D652181312921E814592860880064E3
:10654000658002800225C06D82037C0089310C13B6
:10655000611D4E250025C0014E25E040400161210E
:10656000E0184506E080000561254E050209C001DE
:106570004E01E300C00464A163400209E018430631
:10658000E686426A64A54E018283400464B10070CD
:1065900002804011C06E6501F20C0C0CE01416086C
:1065A000FA3C040C5506006B1060E198405466D12B
:1065B00065411260286EC05467610E60100BC0AE5A
:1065C0000C2B921B6C988E3BA10BEFCC282484558E
:1065D000121B900B6E788E3BA10BEFCC00001425A4
:1065E0009C0040801C0042909C0046708FCC6B4801
:1065F0006E890C15A10B400A6E8D0C250E06400A03
:106600000C358000C00A6E916E950C454C13C00A83
:10661000C00A693D69414C234C33C00AC00A694530
:1066200069494C438265C00A6C1D0C290E56402BEB
:106630000256E00C8C0B600CEFE050880C0C8E0BBB
:10664000DD93F23CF87C040CEC601EF06141001913
:1066500017C640150029E01040156145422A818186
:106660000029E686C02B699104147E2E0019FA8059
:10667000C015621102000B1EC066664902007C1E36
:10668000C058665102003E1EC06B664597B5BC1EE1
:10669000F09042026F410299E59DC0158B1482D59E
:1066A000E686424AF08446026E410639F03DC01A41
:1066B000564A80D58075E48C82811565060AFE34C1
:1066C0000614F0080A1640884632C00006A5D0809D
:1066D000C0050891061486B5835160840673803323
:1066E000C00C6D21FA8006540214D33D42128088FA
:1066F00002A590808005089102338805C237825137
:1067000006338033C00C6D21FAA58F3D0654FB651E
:10671000D33DFA8080840214908042120D21027BC6
:106720008265800C825102338033C437689106350C
:10673000D43DC005F915FAA5D5A70B1489AEBE3412
:10674000E692581A08C4FC140AC460843C34E088F9
:1067500002438653FB0002740619FB17027386C3BB
:106760000E74831109C5FB00B03885778095F03D24
:10677000E48C564A90329025E1F40C348C338669CF
:10678000FB00063414348537F19C4C32EDB01460B4
:106790006475150A02E5C0040C60D53754466D4097
:1067A0004C6AE004823160AA0C6089A446AAEC0815
:1067B00083D5E00E823109A460450D0A46AAC002C5
:1067C00015E6600E4C6AC0001506402A02F5C004AA
:1067D000D1984CA24C6A9FA1544666AA0C60E00472
:1067E000C0046EC1E0AA4C6AEC140C6006D6CC3D25
:1067F0005831C0000211C00008518441D31D82C12C
:10680000EBB5ECB5FA800884D075C54DB0F1010147
:10681000F07C0C0CC1C3DD93FA9C040C1046006B99
:10682000206EE194670112600315C0940C0B817116
:10683000C01666356080404AE01000065C0040608B
:10684000DC004270CFDC6AA88271650EE2300E0A6D
:106850002014FAF50C0C8C0B8115F29CFA04040C34
:10686000EC301EF00006006B4C01E00C402B6C1D60
:10687000E14C010664810E6018604099C08B646130
:1068800004603E7EC0AE66A106600004C09F6761E2
:10689000652108600A6040A2C0A366E17038BCCEE2
:1068A000A10BEFC80E0602A50C298000402B6C1D21
:1068B000E00C0E56600C02567C788C0B0E0BEFDC55
:1068C0000C0C98F1DD93F204E1004186800880040D
:1068D00082095D93FA7C040CEC301EF08101008B80
:1068E0006FF0668881718111600447C61005806B66
:1068F00040096E0D656104801015C0ADC00A6D4978
:106900006C1D50316A78C02B809BEFC482C5A19B5F
:106910006C1D1029900B402B6FDC79880311921BA2
:1069200064788C0B1515EFF07C6E927BE10400C649
:106930006D5910158004C00A1005801EC00A6D59DB
:106940006E0D10156A18C0090000EFC4C080640104
:10695000E1C012046FCC74E8100B920B7C38921BD0
:10696000100BEFCC7638921B100BEFCC78F8921B03
:106970000046EFCC438661188004E114842480082B
:1069800004048806E1040306102B8008C01667394A
:1069900050018414402B657DE10401468321042CC1
:1069A000673D101B8004C0164146001C8004E100B6
:1069B000C219801841C600168004E100D019801861
:1069C000900B001664C110157D78C00D1019E81CDD
:1069D000402C6E91E1104006558600048321E100B1
:1069E000891100160016A8041015900BC00D64C57F
:1069F000E81C7C488F612804006683211015900BE9
:106A0000C00D64C9E81C7BA81676280400B6E00413
:106A10004C58900B5075E800400D64E15075A10B87
:106A2000C00D64DD64E550758885C00D0246FC64C8
:106A300083A16118E118008680A680048008840480
:106A4000409A82015003E002C0156E01EFE05D083C
:106A5000E11441C680A68004E81C7FE8EFCC5D8885
:106A60008C0B0311EFF05A6898F10E0BF27C0C0CB2
:106A70001015DD93C00D64D964D110058211C00DCD
:106A800064D95015A10B400D50158311C00D64E160
:106A900064E550159685C00D83913E9EA804890536
:106AA000421080188016F3EC8018A804F2FC421003
:106AB000A8048016421080188016F3F48018A804E9
:106AC000F3F84210A80480168321002664C510152F
:106AD000900B400DE81C752883212804900B00665C
:106AE00064C910157498C00DA804E81C900B00B67A
:106AF000E80045689015A10B64D910058291400DFE
:106B000064E110158201C00D64D950058211400D59
:106B100064D110055015C00DC00D64E1892102013A
:106B2000EED5C19D6C1D10290236402B68D8E008B7
:106B3000900B6FDCE0080E36831100AB5398FC0419
:106B400021ABEFF03E94806B80000E061029EF150C
:106B5000402B6C1DE00802366FDC67880E36900B08
:106B600000ABE008FC048311EFF05248806B21ABCE
:106B70000E066BF510058000400D64F9E118024621
:106B800064D5509583A1400D64DD50957C64C00DA3
:106B90005095D30DC00D04F9E9D5BE94FA00040C4C
:106BA00064CD00158121400D681C6E8841468161CD
:106BB000038661408004E10080288414464A8438BA
:106BC00000C5E09080000C16E08C444A8C0BFCE57C
:106BD000F2000C0CC1C3DD93FA1C044C8101006B64
:106BE0006FF04E88818181110086007B0004E118DE
:106BF000E00443D66C1D4C115306402B8086E138CF
:106C00006E0D0C05A414C0098201D9076E014C0356
:106C10008408C015F37C4000418604068014E1001E
:106C2000442084288426F3EC84288014F2FC442039
:106C300080148426442084288426F3F48018800459
:106C4000F3F84210414600168004E100421080181B
:106C50000016F3F8E10041C680188004F3DC42100E
:106C60004D588016A404EFE0021480188016FC949E
:106C7000EFCC4CE88E0B0311EFF049C8E11441C68C
:106C800080868004F21C0C4CC1C3DD93FA04044CD2
:106C90004326006B0C01E004C02B65B56C1D4C1144
:106CA000400AC02B0C09E084C02B05A902868C95F4
:106CB0008418EF1480B5A31B66E90C0985B5C026BE
:106CC000F700008A0C1980D5C02666EDFCA5A11B33
:106CD000E098404A0C1980C5C02C6CFD8265A11B50
:106CE000820DFF110C198215C02666ED0465A11BEB
:106CF00080004046E094400A05A90C090260002B80
:106D000080AD05B1044102608418C09E08450C099D
:106D10008203C027E100420684068414A10B840884
:106D2000840880A5E504008A404680958406E0003A
:106D300061000FC69C048321421080188016F3DC8A
:106D400080189C040016C219617887118C0B681C8E
:106D500083211C04C419801899110016681C60E86E
:106D60009C048C0BC81980180C4C8016DD93F2041F
:106D7000E1044146801880048016C219C1C3DD9326
:106D8000FA04044C4246007B5F78E0048121681CD1
:106D900041468161038661408004E10080288414BB
:106DA000464A84388425E098E08C444A0E29FE2522
:106DB000402B6C1DE0080C866008028654588E0B30
:106DC000A30BEFDCC0000C06E81C64680C4C8C0BB9
:106DD000DD93F204FA00040C41F6016159F8E03C3D
:106DE00081116F8CE144404680668004EFDC7E4870
:106DF000EFE040E8EFE042C8603C41F658F883110C
:106E00000C0CEF8C01D8F200C1C3FFCCFA00040CCB
:106E100040C6006B4C01E008C02B6C1D6D490C0591
:106E20004C05C006C00B668566850C0545F8C00B91
:106E30000004EFC44C05FB80C00B668965390C0962
:106E40004C01C02BC02D6A35653D0C094C01C02B8F
:106E5000C02D6A39F2000C0CC1C3DD93FA00040C9A
:106E600040D6006B4C01E008402B6C1D0C059111C5
:106E7000C008695966794C050C09C00BC02B65CD5B
:106E8000EFC441286A054C010C05C02DC00B637D81
:106E9000667D4C050C0CC00BDD93F200FA0C040C63
:106EA000C417006B600840E64C018C13402B6C1D2E
:106EB0000205847BC0066D6166794C050C09C00B28
:106EC000C02C6E316D0D0C09A30B402C404A84156B
:106ED0000060E08C00AD054D05A10260006080B34C
:106EE00040AD05490591026081C5C0B3608C404A40
:106EF00065C002600060C0B380AD0545054100601B
:106F00008008C0AD91110484EFC07CE86A054C0193
:106F1000A37B402D03890C854C85800BC00B667DBF
:106F2000F20C0C0CC1C3DD93600848F6404182317D
:106F3000C02B6C1D66710045A14BC00B067100454E
:106F4000463AC00B4035C012C00B66696669003511
:106F50000045C00BC00B666DE192463A666940354C
:106F60004021C00BC02D69D169D54011DD93C02DE2
:106F70006008430640118921C02B6C1D6A714021B5
:106F80000019C02DC02B65514015D617C00B669156
:106F90006D5100154015C006C00B669569D10019EA
:106FA000A51BC02D031184D540118121C02D6A7508
:106FB00065F500154015C00BC00B669965F9001505
:106FC0004015C00BC00B66A166B14025DD93C00B18
:106FD000681500198121402D6A7540110015C02DDA
:106FE000C00B65FD669940150200400BC0B666C136
:106FF00068150039872DC02D9A005C0878A80235E5
:10700000024582210055F898C00B6669E692485AFD
:10701000424586430235F810C237F810F810423561
:10702000F810023569D50049C247C02D084B80438E
:10703000C0146669E012463AF8104235F81002357D
:107040004235C3370235F8100245F8880055F87804
:10705000C00B6669E692485A844E8643C237843430
:107060008434843E69D50049C247C02D084B804313
:10707000C0146551E092463A8434843EC53E83375D
:10708000C1C3F785667D00154015C00BC008694572
:107090006A0500194011C02DC0226549C1C3DD93A6
:1070A000667D00154015C00BC0066D4D6A050019C0
:1070B0004011C02DC01B6569C1C3DD93E0280225C6
:1070C000E02C0215695D402545F640084015E02C8E
:1070D000C008696162C94023DD93C011FA9C040CA9
:1070E000808B046B608800645282827B43367080A0
:1070F0005011E008402B6C1D668100900270C06D3D
:10710000892164A0680C7AC800908131406D678144
:10711000E4B0027081310921E80C7A286018410638
:10712000E4C002706682406AE024040680838531F0
:10713000650100800C0CC06E3918F29CC1C3E00CD4
:10714000FA0C040C826B007B6CFD0E3943F6402C6C
:107150006EB8E00C85216FFC6FFC70C867F88E0B71
:107160008E0B6FFC600840A665E002704E01C0B651
:10717000402B6C1DE14C010604700004C0B6664152
:1071800064A0086074788C3B008BEF98E00841267F
:107190006C1D4E010070402BC08965A164C0026067
:1071A000E0240406680C75C8900B8531F20C0C0CB9
:1071B000C1C3DD93FA1C044C866B008B708852822D
:1071C0001219827B401B688110398321C02C6CFD11
:1071D000EFFC6AC86FFC6CE81219900B401B6881C9
:1071E00065D8900B8C2B6FFC600840B665E0028080
:1071F0005001C0B6402B6C1DE14C01060480000418
:10720000C0B6664164A0087070588E3B1229EF9892
:10721000401B6881100B806B76188E1B8C0BEFFC6B
:10722000F21C0C4CC1C3DD93612C41C6E130020657
:10723000044600040686E13008C661300B06E130E2
:10724000194661308004E1308414841400138824CA
:10725000E13001868C3488248C3484138613904466
:1072600094549044945488138A13B0C48004B0C4D6
:107270008004981382035D93FA00040C0046006BAF
:107280000004E124E12444466E090C158008C0097D
:10729000C5078824440008346798F00C8C0B681CE0
:1072A0006CFD0C198121402C64B54C054C21C005A6
:1072B000C01562E162E94C214C11C015C01562EDA8
:1072C000F2000C0CC1C3DD93E1180306841884148A
:1072D000655D4011DD93C022E11803068418841413
:1072E000657D4011DD93C01BFA00040C4146006B24
:1072F0000004E124E1180306841480044C05820193
:10730000C008694591110408EFC05CE865494C016B
:107310000C0CC022DD93F200FA00040C4146006B15
:107320000004E124E1180306841480044C05820162
:10733000C0066D4D91110408EFC05B686D010C191A
:107340004C01C02CC01B6569655D4C110C0CC01B49
:10735000DD93F200FA00040C00C6006B0004E13477
:1073600080048B3165490C290C19C022C022655953
:10737000695D4C056878C0084C05EFC0400869613C
:10738000E00C43F665914C110C0CC022DD93F20029
:10739000FA0C040C682047A84278806B8C0B6800BC
:1073A000668100600206406DC020634160040406EF
:1073B000655881310E60E80C406D678181F5A181CF
:1073C00078400E050C298B31C01B656965790C1955
:1073D0006598C01B5D0EEFC0EC041080FC35A18BDE
:1073E000F20C0C0CC1C3DD93FA9C040C0206006B7A
:1073F0005F98E0040E60E81C406E64810195A181F5
:107400005D188C9B46D88C0B650EEFD8EC04108071
:10741000FE15A18B658100600406406D0131E0041A
:107420000C0C8C1B21B8F29CC1C3E00C65A10000C0
:1074300002064089C020631D6024040620F88731BD
:10744000C1C3E00C650100000206406EC02061016E
:107450006240040620388731C1C3E00CFA7C040C7A
:107460006D911EF0006BC004E13040466C6D0C293C
:1074700003C640220C39E13040226FBD4C418541AA
:1074800040226C69000481714C21822140226C6D84
:107490004C31823140226FBD64D104F00414C0022B
:1074A000E41006F095511D41818101C112C483652C
:1074B00082C17A80E112529A6696549A120CBB9B52
:1074C00010A3E20014A49283C4A7FA80FC2800B59C
:1074D00002A5C9BECDAEFC28E230180A0060FA351C
:1074E0004090658164D102F04506C0028131602080
:1074F000E80C5B686641006002F040924506E410CB
:1075000081316020E80C5AC8612C41C6E12C434609
:1075100045C600040414E134663106600824C08BBB
:1075200083658141700C4A4018548241A75B608496
:1075300062000A0C18C48EC38A737A80C4C708CE4E
:10754000FC300065F8204665FC3002C5B14BCDCE5D
:107550001EF0FA55C0046591F27C0C0CC1C3DD939A
:10756000E1180306841884146CAD4011DD93C02229
:10757000E1180306841884146FFD4011DD93C022C6
:10758000638500154015C00BC0086B21C1C3DD9396
:10759000638500154015C00BC0086BF5C1C3DD93B2
:1075A000FA1C044C8101008B6FEC40488161811111
:1075B0004186007B0004E10CE00443166C1D501171
:1075C0008391402B41C600968004E104C2198018C3
:1075D000000600168004E108C21980187C98801605
:1075E0007CF8EFF8900B6FF882E5A10B6C1D102969
:1075F0000C86402B0286E008900B6008EFD852689A
:107600000B45A30BC0000C06EFD87E286FF874085A
:107610004558900B900B680061144006E0044566E5
:10762000801880040016C219E10440064356000485
:107630000096E004E114414650118004C02B6C1DFB
:1076400041C600968004E114008600961019E10CF2
:10765000C02C6E5D50218004C02B6C1D00460016AE
:107660001019E10CC02C6E6500168004E10840067C
:107670006E6110198004C02C01C600161019E108B3
:10768000C02C6E6900168004E14440066E59101942
:107690008004C02C417600165001E004402B6C1D84
:1076A000EFFC41F6680046C80311811178188E0B73
:1076B0008C0BEFE8F21C0C4CC1C3DD936E810029EA
:1076C00002C6402C8414E110030604260029E110B0
:1076D000C02C6E8504268414E11003C66E8900292F
:1076E0008414C02C038604260029E110C02C6E519E
:1076F00004268414E11005466BAD00198824C02BC4
:10770000F0FC421042C608160029E110C02C6EA100
:1077100004268414E11043466EA500298414C02C6D
:10772000430604260029E110C02C6E55042684145B
:10773000E11043866E8D00298414C02C0486042633
:107740000019E110C02C6EA9024A8824060CE00042
:10775000A11B6200448608368824E110E200020C76
:10776000444608168824E11043C608160009E10CB7
:10777000C02C6E9D84068414C1C3DD93E11845C6F8
:1077800008168824E11C040608168824E11C044617
:1077900008168824E11C048608168824E11C04C607
:1077A00008168824E11C050608168824E11C0546F5
:1077B00008168824E11C058608168824E11C05C6E5
:1077C00008168824E11C440608168824E11C444657
:1077D00008168824E11C448608168824E11C44C647
:1077E00008168824E11C450608168824E11C454635
:1077F00008168824E11C458608168824E114428670
:10780000840C8414C1C3DD93612400C680048111FB
:10781000DD938016FA0C040C4146006B0014E11451
:10782000E00804C66C1D4C218121402B10C6037159
:107830000426E124E12C42060426841480048511E8
:10784000A00480768C0B0026E8146E680276200473
:107850004C11E008C02B6C1D0C0C8076DD93F20CF3
:10786000FA0C040C827B043B861B012168184868D3
:1078700041068161424661240004E12CE140454615
:107880008131041480C8882484488458500A888828
:107890000405E08C80080D56C75745C7C44702C988
:1078A000A6CF0459AACF084946C2A8CF877BF81CA7
:1078B0004D18FA758C0BE818F20C0C0CC1C3DD9353
:1078C0000286022B4011E008402B6C1DF9958F11A8
:1078D000FA84040C0046007B4E01E008402B6C1D2E
:1078E0007998826B8E0B6FFC600800864E018F11B9
:1078F000402B6C1D8C2B8E0BF2840C0CC1C3F72516
:10790000FA7C040CEC501EF0613813862404806B62
:10791000E00402066C1D4C111546402B5006E13860
:107920008018E1348016C2198018A404F3F84210BC
:10793000A8048016421080180016F3F8E00402161E
:107940004C11A004C02B6C1D8C0B0016E818664867
:107950006D150C09807B402CE084404A400A82452A
:1079600082E5E0886D210C19420AC02C8225E0884E
:1079700061344146800489110C098016C02C6D15B4
:10798000F81C004A01758095E99C4E0A6D110C198E
:10799000A11BC02CE0000E1A20010288400AC00082
:1079A000400AE99C8825E99C6094404A86A581713B
:1079B00063110C09A10BC02D20048615E0040226DA
:1079C0006C1D4C1151C6402B0016E10CA004A311F4
:1079D0008C0B0016E80064C8807B20146E9D0C0997
:1079E0005006402C8406E134610001C6E138570698
:1079F000A17B0014442084288426F3EC8428AC1452
:107A0000FC9C042480048426C819801896C580161E
:107A100061344106800487112804801C8018A17BF2
:107A20008016C2198018A4048016C2198018A404F4
:107A3000F3F84210A8858016A17B2404C21980188F
:107A4000A4048016421080188016F3F88018A80449
:107A5000F3F842108A5580166FFC410820048C0B05
:107A6000E00402B66C1D4C118016C02BEFFC6CE8D4
:107A700083812C0480188321F3BC42100046001639
:107A80008004E110421080180016F3F87758951121
:107A90008C0B681461104046801481218004842678
:107AA000AC048086E01980184106801642E66134F5
:107AB0000004E000801CA8F18018AC04F1FC421026
:107AC0008E0B0016F27C0C0C0C09DD93C02C6D158E
:107AD000E080400A0C0980E5C02D63111008A10B5D
:107AE0004106800087116134801C80046D150C09EB
:107AF000400AC02C8205E0846D210C09400AC02C8C
:107B00000CD8E0840C09C000C02C6D1160C5A10B1D
:107B100080000E06026620044C11E004402B6C1D10
:107B2000A121A18100600016C06E648102F0017580
:107B30004138E410EC040420A12BC5364A58FE75E8
:107B40008C0B681C8C1B0C0BE80069C80060007B68
:107B5000C06E648102F001754528E410EC041080C9
:107B6000A18BC1260C09FE75402D67C9E134500672
:107B7000D495A50B68005AC86B058C0B0C09807B4B
:107B8000C02C6D15E088400A0C198C25C02C6D2185
:107B9000E088420A20048A65E00402766C1D4C11DC
:107BA0000016C02BE1344146871100048C0B0016EF
:107BB000E8006EE867C90C098171402D80B5A70BFC
:107BC00068005868807B8C0B63110C09404AC02DFB
:107BD00080E5E0806FFC620869B88C0B8C0B681440
:107BE000CA75A17B6D150C09400AC02C8665E08C16
:107BF000028620044C11E004C02B6C1D8C0B001677
:107C0000E8006D0867C90C09807B402D80B5A90B81
:107C1000680055E8807B8C0B30F8A17B0C09DFFCF9
:107C2000C02C6D15E090400A55D884258C0B6FD878
:107C3000029620044C11E004C02B6C1D8C0B001626
:107C4000EFC864486D150C09400AC02C817160882A
:107C50009FFC2F486D210C09400AC02C2ED8E088CB
:107C600020049FFCE00402A66C1D4C118016C02B62
:107C700063110C09404AC02D98E5E0806FFC48A8CC
:107C800047F88C0B8C0B6FFC6FFC46C847188C0BAD
:107C90008C0B6FFC68006C288D958C0B02462004C1
:107CA0004C11E004C02B6C1D414600160004E13469
:107CB0000016851158B88C0B8C1B6800A17B807B4B
:107CC00041068C2589216134042C8014E008033698
:107CD0008B2100046C1D4C11802CC02B2004D3F58B
:107CE000E00402366C1D4C110016C02BE1344146F5
:107CF000831100048C0B0016E818606867C90C0932
:107D0000807B402D80B5A10B68004E28807B8C0BBA
:107D1000613441060004A17B801C8711DFFC27F839
:107D20006D38DD658C0B6FF863110C09400AC02DAE
:107D30008EF5E0806FF877C86D788C0B8C0B6FF840
:107D40006FF870A887C58C0B68187A0874D88C0BEC
:107D50008C0B6FF8810101958C0B01318E2B0C1B64
:107D6000EFF862A80E0A8271FCF5E040807B210BDF
:107D7000DFFC2648680069E80C0B8C0B4016663562
:107D8000404A81712598E0806A789FFC8C0B6FF8DF
:107D900063110C09400AC02D92D5E0806FF8754838
:107DA0006BB88C0B8C0B6FF86FF86F4889758C0B68
:107DB0006FF856A80C0B8C0B58188C1B5106EFF85B
:107DC00089116134001CA004E00801366C1D4C01CF
:107DD0008C0B402BEFF05DE8807B2004A17B0B1126
:107DE000E134500621A8801C0C09DFFCC02D67C9B6
:107DF0008215A30B680046C8807B8C0B20E8A17B12
:107E00002004DFFCE00402566C1D4C118016C02BD0
:107E10006C810C090200C02CE51DEC04404686C5AF
:107E20008311610400168004E10C010602060004BF
:107E3000801EE8005358CD958C0B6FF843B6200494
:107E40004C11E008C02B6C1D8311001668006808F7
:107E50001F388C0B807B7FFC4046A10B020601047F
:107E60000005800040118000C9E58000FA04044C40
:107E70006E9900290206402C0414E114E1144C060A
:107E8000E1384F0698148426E02984289C1484261F
:107E9000442084288426F3DC84289C14F3BC4420EA
:107EA000024604268414E110C22984287998842685
:107EB0009C14EFE4E0298428981484264420842824
:107EC0008426F3BCF2040C4CC1C3DD93FA7C040C91
:107ED000EC301EF00809804BC02D67CDE08C400AC5
:107EE000080B96D540166BE1668112401440C0B570
:107EF00040B56541BC4E817173F140008803C0FFFD
:107F00006401100000404028C0B366B100407C0E00
:107F1000C09C674187B5BE0E7C04A80A73F14C0073
:107F200028BAC0FF816B88636C1880F5880B6810D5
:107F3000A10B3C44BE048C1580F5816B681069A8C8
:107F40003C44880B88F5A10BA10BA40A240A86A542
:107F5000A41AE0B7210B9E0973C1441020BFC0FFD3
:107F60000016C917A4BF0000E686400A4507E1BE17
:107F70000165902B5934801BEC040210A11BC93EF3
:107F8000C407FE7504918083827184A1E49C0F0A6A
:107F90008101F0850C0C98F1DD93F27C6C1D0829B1
:107FA0004000402B4801F3F4402D67CDE00C0E3625
:107FB000600C02364498880B230BEFD40E0698F120
:107FC0008E0BC000F27C0C0CC1C3DD93FA0C040CC8
:107FD000827B006B6D210C098181402CE084400A7A
:107FE00040468AE585316104834100048C0B00869C
:107FF000637D0C1577F8C00B822B681463110C0994
:10800000404AC02D82C5E0806FFC406846988C0BCA
:108010008C0B6814794102068C0B5DCDEFFC452872
:108020000C0B815548D88E1B008BEFF844B88C0B95
:108030000C09E814C02C6D01653D4C01900BC02269
:10804000F20C0C0CC1C3DD936C8100090200C02C42
:10805000E51DEC04404682A58311610400168004EE
:10806000E10C010602060004801EE800A10BDD936E
:10807000DA005C086104404680048111DD938016BB
:10808000FA7C044C826B007B6D390E098181402C97
:10809000E080400A0E099CE5C02D63116D414E81C0
:1080A000404AC02C4070E0805E58DC005506C80095
:1080B00091B161340E098BF5C02D6311E080400A47
:1080C000120604750206C0005DCD794140188E0B82
:1080D00001D5EFFC0331808B0C1B8E0B46B8922B25
:1080E000008BEFF8120A8291FCD5E0406D410E0939
:1080F000A10BC02C00001405800002668000401314
:108100000D410E09000A802C1405F00440B38000D4
:10811000A18B000001118AF551988E0B0E09E80021
:10812000402C6D41A10B808B00001405800002766D
:10813000800040130D410E09000A802C1405F00444
:108140000296000040138000A18B00000E1B829558
:10815000401666350E298E0BC02C6D096FC87688C7
:10816000808B82196D410E098201C02C6D414E0138
:108170000E09C02CC02C6D416D110E19C30DC02C01
:10818000900BE675F27C0C4CC1C3DD936381001546
:108190008531400B638500258141400BE0142AC8DE
:1081A000FA00040C0C09806BC02C6D516080400AF1
:1081B00082858101680056A80C198C0BC02D67C9F7
:1081C0004060AB1B68389C000C198FFCC02C6D51B3
:1081D000E084420A531882858C0B6FF067C90C1932
:1081E000B11BC02D9C0040608FFC67286D510C199D
:1081F000420AC02C82A5E088680056480C198C0BF6
:10820000C02D67C980B5B31B0C0C8C0BCBF5F200ED
:10821000F2000C0CC1C3DD93FA84040C0C09806BD2
:10822000C02D6531E080404A0C0980E5C02D6535E0
:10823000E080400A0D118C85794104067118DDCD6E
:108240008C0B6FF88085A10BF2840C0C5078DD93B9
:108250008C0B6FF86AAD0C090C79C02BC02C6CFD2F
:108260001E79A30B9C00406008106A289A80027453
:108270006D510C09400AC02C8425E08C6134400605
:10828000E00845A6027400044C21FA80C02B6C1D46
:108290008C0B0026E8004D88F4F5A10B04060F11A5
:1082A000DDCD79410C0C8C0B2DB8F284C1C3FFF8E5
:1082B000FA04044C8101006B6FE457C8007B811104
:1082C000E148400680088004E090400A0C098CE5F3
:1082D000C02D67CDE084400A0C098C25C02C6D159B
:1082E000E090404A0C0980C5C02C6CFD88D5A10BDC
:1082F000603C41F6713883114206EF808C0B6000C0
:10830000EFE46BA861380006E00C43F6881E802479
:10831000C313C18367CD0C29440AC02DFCE5E08856
:10832000600042166A788C0B0C09EFE4C02D67CD13
:10833000F3EC400067CD4C010311C02D53988E0B18
:108340008101EFE4F2040C4CC1C3DD93FE7C040C0C
:10835000EC601EF0806B3E1E650D0C098111402BF8
:1083600081A10B1E002A911C810160040098FE0E61
:10837000C0004001645002F044788C0B80ABEFD019
:108380006048020662F88C0B0060E8144009640142
:10839000610112067C0EC020E6E410068171091509
:1083A0006E190C0B400AC0158C65E49CF09C406271
:1083B000688100B9160AC01B8A65E3FC4001017898
:1083C000BE04C0000406A10B061600244060800015
:1083D00042901C0042629C00450650A00646C01810
:1083E0004060400063B8DC000B34E804E4400AF06D
:1083F0008C1B0C0B964B7C24EFD04268A1AB80AB5E
:108400007E1484B5910A81A1FB800214FE0E8203C2
:1084100012900271C002650166C11080FE7DC0012C
:10842000FE04F00562994C03140BC0160C0CB0F15D
:10843000DD93F67CE110004680188004F3F84210CA
:10844000DD938016FA84040C807B026BEFF05E688B
:1084500082B5A10B66350E1B420AC01680E5E0808E
:108460008C1B0E0BF2840C0CE0101548F2840C0CE3
:10847000C1C3DD93638900158531400B041083412E
:108480001398EC28C1C3E014FA00040C0C09806BAB
:10849000C02D67C98235AD0B6FFC51A8A10B8C0BA9
:1084A0000C0982B5C02D67C9701C000A80D58101F6
:1084B0000C0C8C0B10B8F2000C0CFFFCDD93F200DE
:1084C000FA00040C0C09806BC02C6D15E090400A7A
:1084D000810180B5F2000C0C4638DD938C0B6FF0F7
:1084E0000C0C8C0B0AF8F200C1C3FFF0FA0C040C60
:1084F0004A06006B0C09EF10C02C6D0D6D150C19A0
:108500000C2BC02CC01666316CED0C79404A402C07
:108510000C89E080C02C6C716CF10C494210402C2D
:108520000214DC20400A1C0C0660E090C0B3053148
:10853000053506608C3880B36D114C314610402CE7
:108540004C31FC10C02C6D154A0A94580424E08468
:108550000424C084854BFA80DC1002341C50421085
:10856000E08C404A6D154C114010402C4C0193F0AA
:10857000802C0D15521880858C0B680463110C0932
:10858000400AC02D0C09E080C02C0D15D3F8400026
:108590000D154C01100A402C8465FFFC7A80008484
:1085A000FA8002740C09811B002C0D158000020654
:1085B0000D114C114000802C4C0193E0802C0D15C6
:1085C0000C0C8101DD93F20CFA00040C68004308E6
:1085D0004638806B8C0B680C6C110C09400AC02B60
:1085E0008465E094EF104186400A800882B5E080FF
:1085F0006C210C09A70BC02B527882B58C0B6FFC39
:10860000680468A881458C0B6FD845C8A10B8C0BFA
:10861000575882558C0B680080B5A10B680044E860
:1086200081018C0BF2000C0CC1C3DD936C2100198D
:1086300045C6402B4021E008C02B6C1D4226A31BE1
:1086400040118000802B0C1DA71B8A45A51B8205AD
:10865000800042360C1D40118515802BE0004246FB
:108660006C1D40114206402B8428EF10F0C04420BE
:10867000E040040A842880E5F0C04420E080040A39
:10868000842880B5F3DC442000298426C02B6C119B
:10869000E094440AC0000416C0A042216E09001BE9
:1086A000C419C0156E094013400640158018EF101C
:1086B000F3F84210DD938016FA9C040C8101007BD4
:1086C0006FE07788818181116C210E09806B402BCE
:1086D000E00843D66C1D4E11A50BC02BA70B884597
:1086E0000E0BA275C0156E09737540000004C0FF23
:1086F0004E03FC9440156E0958B88E0B4838EFC0F5
:108700008E0B680064D50E09A70BC02BA50B860540
:10871000400608C5A30B8F1003D588F5EF1040065F
:108720006E090E0B4000C015C0FF7371FC9400046D
:108730006E094E030C0CC015DD93F29CEF10400641
:10874000424A801880E5E08C6C150E19420AC02B55
:1087500080A5E08401558008FC080004C809800851
:10876000EF10420644B884068E0B6FE8EF105206F5
:10877000400AA40882B5E080400AA40882F5E08897
:108780008E0B3D11EFE447886800496887258E0B02
:108790008E0B3F11F29C0C0CFFE406E86E090E05EF
:1087A00002064009C0FA6001E002401A64CD0E15CD
:1087B0000404C005D017E184C20D8413C000004634
:1087C0000002401AE14C0206040E84140E0B9511AF
:1087D000C0156E09FC9800046E094E038E0B4015FF
:1087E000EFE444A8603C41F6499883116F38EF806C
:1087F0005281EFF00311E0A00C0C8C0B2D98F29C31
:10880000C1C3FFE0FA00040C0046006B0004E12441
:10881000E00843E66C1D4C114446402B0C15E12446
:10882000C0096E09882480080834C507F00C44008C
:1088300068107AE842068C0B48866F10860EE03C82
:10884000C424860468B10C3B480AC00A000E669234
:10885000C3D06400600E400A8823C9474002C50D9A
:10886000020991884000C0004201DC04000640007B
:108870004C05C000C00564CDF2000C0CC1C3DD93F3
:108880006E09001504064009C0FA600164CD0005B8
:10889000422AC005D007E006E1840414C01D840309
:1088A000C00000460006400AE14C0206840E841413
:1088B000C1C3DD93FA00040C41F6006B4C01E008E3
:1088C000402B6C1D7D78B7118C0B6FE064CD0C15BF
:1088D000028AC00580F5E5948C0B0121F2000C0C96
:1088E000E01008088C0B3B11EFE07C686004424606
:1088F0008C0B8121F2000C0CE0100748FA7C044C30
:108900004106006B0004E13400BC83B1E1904006F5
:10891000A1AB80A80C298265402B6C1D79588C0B6B
:10892000941B6FCC0C48A10B0E60C00040B3645187
:1089300055D88C0B8E1B6FE467CD0C091060402D51
:10894000C0AF6411819101A1400AC907820960800A
:1089500006314C0300604016C0B364D193958F0E6E
:10896000FBFC160A1311A60578588C0B120AEFE0CF
:1089700041067BFC4C01E000C02B6C1D41269CA5F0
:108980004C01E000402B6C1D5D388C0B0F14E8008F
:108990005A188C0B1911EFE476D88C0B4166EFE076
:1089A0004C01E000402B6C1D6E988C0B80ABE800F6
:1089B00098F5A1ABE00041366C1D4C018C0B402BAF
:1089C000E8105C68A1AB80AB414696954C01E00095
:1089D000402B6C1D4D788C0B80ABE8149435A1AB0B
:1089E0006D090C090C1BC02CC01666356C04040004
:1089F000E00041566C1D4C019E29402B8C0B021946
:108A0000EFC47168A1AB80AB41768E954C01E0005C
:108A1000402B6C1D56B88C0B80ABEFFC8C35A1AB9A
:108A200061344106E00043864C118004402B6C1DEC
:108A3000001C851176588C0B80ABEFF48835A1AB08
:108A40006C710C094396402C4C11E000C02B6C1D3E
:108A5000E3FC000A0C1980E5C02C6CED1606811BA6
:108A600001F58000411681A14C01E000402B6C1DF6
:108A700042388C0B00ABE800A1AB83918391E425D5
:108A80008E1B0C0BEFE44B48901B0C0BEFE44E8855
:108A9000D8E5A1AB6C910C09210BC02CE00041A6DC
:108AA0006C1D4C014060402B67B89C00940B8FCC30
:108AB000F27C0C4CC1C3DD93FA04040CEC501EF0A4
:108AC0000306006B0C0BE008C0156E096C1D4C1101
:108AD0008311402B6D094C11404AC02C81016094D8
:108AE0000D0D0C194C03C02CC01666716CE94C01BD
:108AF0004210C02C4C11DC40C02C0D0D6D5D0C15CE
:108B00000C29C00CC02C6D0DE000021AA00000382A
:108B1000442080C54C21F3DCC02C6D0D66350C1B48
:108B2000442040164C01F3E0402C6CED4C21C2294E
:108B3000402C6D0DE00C45F66CF14C21420A402CA6
:108B40004C03E09440160681E088420A0CF94C215F
:108B5000420A402C4C01E08C402C0CFDE090420A73
:108B600003354C05420A400B4C21E09CC02C6CF5AF
:108B7000517880E58C0B6FF466350C1B420AC016E9
:108B80008625E0A067F10C598C0B402767ED0C4956
:108B90000C39C027C02767E967E50C290C19C027E5
:108BA000C02767E1E80440E8A17B807B0C1B9CB5F3
:108BB000C0166635E0A4420A0311828547F8812178
:108BC0008C0B6FC4A17B807B0C1B98F5C01666359F
:108BD000E0B8420A7EF880E58C0B680CA17B807BB4
:108BE0000C099675C02D6311E080400ADC004060DE
:108BF000CFF050E865510C0942C6402B0414E10443
:108C000004608951409E6411667108600000C0A232
:108C100006F06C048E09E410420604060C09E00814
:108C2000C03562F56C1D4C110260402BC05465418B
:108C30000A66A30BA10B000000000A46E43000F016
:108C40007BB8A156A10BEF880C1D0C290206402B06
:108C500084B5C00460084416645000604C21C09E76
:108C6000402B6C1D64A102607478C0A3A10BEF8837
:108C70000C298605402B6C1DE00402166E8D4C15E8
:108C80000E56400A4C05E00C400A6E89E00C025674
:108C90006FCC5DC80E0B8C0B0C0CA8F1DD93F204AD
:108CA0006D5D0C05A10BC00C0C0980E5C02B6C118F
:108CB000E094404A010684E54BE6614C0004E00C78
:108CC00066D106600C29C0544015630D66E108604A
:108CD0000C19C0A3C01563096C1D4C5166B8C02B9C
:108CE0000C09EFA4C02B6C116094404AE00C0046C4
:108CF0006C1D4C018645C02B66B10060026040BF10
:108D0000C0C0652164C10460066040ADC0AD65218E
:108D10006FB06D68662008600060C0AE40CC6541F1
:108D20005C58811104C66F787765E010C1C381710A
:108D3000F87C04CC6D0D00C90316402C4011E008EE
:108D4000402B6C1DEF1049866C7900190079C02CFE
:108D5000402C6C75FC0010C46D0D408100ABC02C24
:108D6000C016663100198D1EC02C6D09631500B543
:108D70000069C00BC02C6CF900198F1EC02C6CF55B
:108D80006635005B0099C016C02C6CF1F8600829AC
:108D9000E084440A0F1B865506108331020A4404FE
:108DA0000616E3FC120A00004031E3FC402C6CF58F
:108DB000808583210490959B4021C404402C6CF154
:108DC00082CFF111C4C9076563FC020A1654964BA1
:108DD000832161B483310245E0840674FA8006344D
:108DE0008331071BC40406106CF54031120A402C75
:108DF00080E5E3FC02A4C2A7839BFA80C40404902C
:108E00006CF14021560A402C80A5E080FA800234A3
:108E100080F5CE1DE080564A464A80E58085E08098
:108E20005880015558C0FC1808BBF3E0EF10498684
:108E30006D0D40C1580A402C82C5E084FA8002645E
:108E400083110F1B44040260F3FC0C0A800002161D
:108E50006CF940110029C02C402C6CFDFFF8020E6B
:108E6000FFF80C0EE3FC040A44040220E0B44A0AB2
:108E70006CFD40118855C02C42C2911118C47884F1
:108E800022CFFC0C40C1A11BC02C6D0D8D14901580
:108E9000020A8F3480E5FBFC7A800214FA800434E5
:108EA00084F5832B6CED00198321402C6D09402142
:108EB000020AC02C88D5E3F08D148575020A8F3420
:108EC00082A5FBFC7A800214FA80043480E5832BAF
:108ED000E40402306D0940118395C02C6CED00193B
:108EE0009121402C788844C2FC0C18C4832124CFE3
:108EF0006D094021020A402C40C1E3F0C02C6D0DE9
:108F00000C1080654061E404C02C6CED6CED001920
:108F1000A11BC02C42C082C54011F3BCC02C6D0DFA
:108F2000421090189016F3F86D0D00C98315C02CEF
:108F3000E08C584A00198225C02B6C11E094424AFB
:108F400058C000B558C0DC4040C1F3BCC02C6D0D0A
:108F5000E08C584A00158405C00B63158265A11B7F
:108F6000633500258311400B0220972B4015C40464
:108F7000C00B6335F07C0CCCC1C3DD93FA04044C08
:108F8000680C4A280E01807B402C6D01008A8161AB
:108F900082D5E1B86C1D0E290C46402B0246E00C30
:108FA0008E0B600CEFCC45280C06A10B8C0B8000BF
:108FB000F2040C4CC1C3DD93FA00040C0C09806B65
:108FC000C02C6CFD80F5A10B6C6D0C09404AC02CC7
:108FD0008265E08C63350C05A10BC00B0C15826516
:108FE000C00B631580D5830B6D150C090555C02C7E
:108FF0000C09C609C02C6C6DE090400A0C0986254E
:10900000C02C6C898485A10B680C45E80C118C0B75
:10901000C02C6D056C890C290C01C02CC02C6D0175
:10902000F188461282F5870D840D82230C09829502
:10903000C02C6D15F3F040006D154C010C0CC02CCC
:10904000DD93F2006D150C194C01C02CC02C6D0580
:109050004C11C619C02C6D15C1C3FF3582C5A93B83
:1090600002A5A33B818804248485A53B8485A73B76
:109070005C08A13B3BB8DA008975FF745C08A12B42
:1090800045349A00EC0404207BFD4630C13EDFFFEE
:109090008131FF6583318145DD938125F81C040C06
:1090A000900145274BFE0141C03F7FFD048485951B
:1090B0000674A33BC4C48841A01146641BFD5080C4
:1090C0004E709FFF1FFF1BFD12748A8F58C060E017
:1090D0009FFF1BFC1BFD4C60B09F1FFF10C451770E
:1090E00061C7E0C0FB800E7418C450672E8FFA80F1
:1090F0004095B86F4085F8084065F804C54DF00C00
:109100000C0CF4F5DD93F01CF81C040C90014527C1
:1091100049FE0131C03F7FFD7FF10A0E180E403F2E
:10912000C03F7001026583D58631700CF808027566
:10913000F8040285781052624095F167127478083D
:109140000A9FE0A02C9FE177E0C00C847804409552
:109150002E6F986F4065D1874085F010C53DF80CA3
:109160000C0CF875DD93F01CEC401EF06018002923
:1091700000498131BE3EE010C5277C3EA72B7E3ED4
:10918000668A464A0A2683411806000082658000E6
:109190008151252B814103C1A32B80C5015180F54D
:1091A000814181C1FCCEBE5EC008FE4E003400137A
:1091B00001B5FA80484A81310AF0610A8231E4102F
:1091C0000A45C447C546FC10FA800834FC95C14DD9
:1091D000A0F10101C1C3DD93EC401EF0601C002929
:1091E00000498131855160147C3EBE3E272BC52746
:1091F000E68A484A18167E3E8205800081C1252BEA
:10920000A32B80A5015180D5BE5E81C1FECEFC3E60
:10921000813142080044001381A5FA80610A484A5E
:10922000E4100AF0C4478231FC100A450834C546F0
:10923000C14DFA800101FC95DD93A0F1F81C040CEE
:10924000610C0746E10C488607860CC40C64E10CEF
:10925000E10C46064F0610540C44E10C1C348B8183
:10926000E4600E001C988175EC041080DD98F19686
:10927000A18BD9961800FE35896164747178815587
:10928000EC040C60A16BD5761D51FE75815580CB29
:109290000A507168D166EC04FE75A15B95411C0112
:1092A00041588155EC040840A14BCD560020FE7575
:1092B00083316C0468800034080081C100346C0480
:1092C0000A00E88881016C04816103450E54E92D90
:1092D000000448B08255DB80E8B00E4400600073A3
:1092E0000034E4300E7468800E03FB8086C1826116
:1092F000FAB58D1B610403866BFC010A0414C0FFE0
:10930000DB80000404010000040CC0800C0C81010F
:10931000DD93F01CFA04044C4216006B6638E00042
:109320000C09E80C402B6C45E10C03C60E600414DC
:10933000C0AF6431000CA90B0406E20071588E0B1B
:109340008C1B6FFC6438026074788E0B0C19EFFC78
:10935000402B6C39E46000606C410C298131402B5A
:109360000C498185A14BFC04411680758211823124
:10937000FE15C53D6C3D0C090260402B0C39E474B0
:10938000402B6C45446281410195F08088589C21B6
:109390008075A15B8241450682210201FE15C74D01
:1093A0006C450C298C0B402B6C410C197478C02B2C
:1093B0004638EFFC8C0B68100C4C8101DD93F204F5
:1093C000FE7C040CED401EF04016006B089BE00490
:1093D0004C0186AB402B6C1D010184BB5EB1828BBE
:1093E0008A7B613061205EA1E2800206E1105E911D
:1093F0009F0EA10E5E019D0E5E01E0D05E01E0C0F9
:109400008C0B60B0E80C5F089F2101118C3B0C0BAA
:10941000E8046D4860900084E18C028440000D8E69
:109420004E09F1C0E0040E6A71845002937E8F01F0
:1094300000B8958E80004001FA800084150E9001DE
:109440005E0191019F0160B040A20F0EB20FF9AC16
:109450009AA5A10B4F761E89118EE000F0AC50A2A8
:10946000928307656C1D0C294376402B5ED8E00083
:109470008C0B6FC85EB1A10B5EA1C1305E91C120A3
:109480001548C110160AC00081017000440400B0E4
:10949000F000164A6200020CF000144A6200040C4C
:1094A000141A828381117000240502A08483400075
:1094B0007000124A060C8121121A62000490F0001A
:1094C00040002405049B868380BB82ABF265E88D57
:1094D0005EB193045EA1E1301104E1205E91A30B23
:1094E0005E07E1101504E03CE4200E001E75897E45
:1094F000160A40201074FBFCB003FA8044000C25CF
:109500001504F07CE080500AA12B8875A0018885A5
:1095100060D05E01F3C0420065C4028A02808E0BF7
:109520000080043C5E118C04838580D06C1D0C2966
:109530004376402B5898E0008C0B6FC8E0004F76C4
:109540000F48A10B9BA1C000E1205EA1A12BF1451A
:109550008440000060D05E015E018E0B00F0E0C030
:1095600016F065003E0EE4D0E4C008F004F00B2EC7
:109570003CBEE530E4B00AF08C0B011168004DE808
:109580001EA98C3B140A60C08605FBFCE0804E0AD5
:10959000443C0270CC040070C0D05E118B0482B5D4
:1095A000E040000AC0281E05C440000080281E05B7
:1095B00060D05E015E018E0B00F0E0C004F064F04C
:1095C0003E0EE520E4C008F00AF03CBE0311E4B012
:1095D0004B388C0B8C3B680060C01E99FBFC120A58
:1095E000504A86A50E70E0805E71CC048495C0D090
:1095F000A10B8B0480281E0580D05E01950482A5F6
:109600005E01A001420060D0028AF3C00E80E5C472
:109610005E718C085E7180D000F0E0C004F064E000
:109620003E0EE510E4C008F00AF03CBE0511E4B0BF
:1096300048388C0B8C3B6800807B858196D5A17B5C
:109640008C3B13141E198F04A11B60C040101E25F3
:10965000FA800004FB8040A27B804092FA800214D2
:1096600040205E25FB804212040491048C0B7A801A
:10967000E8045A48A17B807B0C0B90354CD88C1B9E
:109680001E07E8004046603C0004E1080121851106
:10969000020681710016C000E1084086022C800499
:1096A0000026E200E10840C600168004E1084106F9
:1096B000020C80040026E200E10841460016800406
:1096C000E10841868311000441C600168004E108C8
:1096D000000600868004E10C8D3480269F14A104CE
:1096E0004C319D24C02767E167E54C014C11C02730
:1096F000C02767E967ED4C214C71C027402767F50B
:109700001304A9319F248B411D04A1144616A10BFB
:1097100008F64000442AC000D017668EE692400A40
:109720008023822369594C250E0BC008E5401EF0AA
:10973000F67C0C0CC1C3DD93FA7C044C93348F3E51
:109740008B7591649488909894F5D19D500218A8D7
:109750001079F0A44027634156A283C110B4F1A44C
:109760004E7061901684FBFC16C4FA80967FE8ACBC
:109770008675A17B108A0FC40EB6F4101616000071
:109780004E7280000E7491A018799A8016B47C24D1
:109790009893889CA476B67F0E7088788876EC04BF
:1097A00082718C7498A88C7E7A8012A4EC040E10BE
:1097B0006480149098A6E57DA11B8455148A865573
:1097C00084F5F6000E904AA750A0ED44B073F080E7
:1097D00090789876EC040E7081B59076F3FC150ABB
:1097E0000E9082159876ED880E7090789076EC0841
:1097F000A18B888881C5EA156C1D00294366402B22
:109800004238E0084D666FC8A10BE00881618055C1
:109810000C4C8C0BDD93F27CF87C040CEC401EF0BD
:1098200066B104009131408B814101550630494EAB
:10983000A13BEC040121FE95015181318B958141C1
:1098400010447C2E7E1EFA80F408088A8881042841
:1098500081913E4E0C2488AB0E2461940469E19CF6
:10986000E18418240E242E6F0879E18C2E6F90C9A4
:10987000386F9E294867A9C1800058168B612C2F2C
:1098800000000CF6FA800E244E0A85758665E4A465
:109890007A8008A4F000065A7000060A041C98BBDF
:1098A000025462004447FA80DC0056604402051B03
:1098B0000415F09040086BAD801016064415961301
:1098C000C0086BAD600C121A0A0A829154807BFCAE
:1098D0000A0CBC00B19BE2007C24F635BE448339FF
:1098E0007C0C040A020C82217E14E2008211824365
:1098F000F43C050A0101E8C50C0CA0F1DD93F07CF5
:10990000FA7C040CEC301EF04056006B4C01E00079
:10991000402B6C1D7C0E810171788C0B0C09E800CA
:10992000C02B65F9E080400A050100600206409BFB
:109930007BD8C00004064F700C09C018C02B6C21E6
:1099400088F5AB0B6D210C094000C02CC209F3F067
:109950006D214C018C0B402CEFF47D286D210C09FE
:10996000807B402C0286217B8321EF14400004265B
:10997000C409F3F06D214C018265C02C6C1D0C29CB
:109980008C0B402B6FC47628A10B8E1BC0000C38AB
:109990008111017181A1135512B43E34D09DFA801A
:1099A000004A9C359AC5FBFC7000060A0111960B13
:1099B00084058121F004060A000000069C0042B0E4
:1099C00004060225060A800082B5F0088111010113
:1099D0004C01962BC02767E567E94C114C21C02745
:1099E000C02767ED80F5A17B6FF478A8807B8C0B96
:1099F0008245A17B6C1D0C298C0B402B6FC47268B7
:109A0000A10B8E1B02F0A0F58C0B6420E8004E88A1
:109A1000807B7C0465F90C194486402B400AE03CAD
:109A2000420AE00ACF07E0808405FC0E7A8002A497
:109A3000650004600614C09B0433E0888C0E82230A
:109A4000E40044B14411BC140C1BE50040156AF954
:109A5000C30D82A1D19D862507F50C0916B04027BC
:109A6000E675C4046AF50C1BC11DC0150C1B8205EC
:109A7000C0156AF143F6430D8855E00C415603C505
:109A8000BC14E000160A83D543F670148615E00C6A
:109A9000020ABC148495F00C6AF50C1BC11DC0159C
:109AA0000C1B8205C0156AF143F6430D8215E00CCC
:109AB000E000414667F54C0143F64027030AE00CFD
:109AC00086D5F40C67F50C09004AC0278605FBFC17
:109AD00067E10C298C0B402782113E1E02143C1EAC
:109AE00041D8FA80808BE8001656EB8D0006000006
:109AF000D4658000E000413667F54C014CA1C027D9
:109B000040266CF16E188C0B0086EFB881116F1433
:109B10000E0B80160C0C98F1DD93F27CF81C04CC33
:109B200067F10059A71B402718240131153CE18C2F
:109B300005418F6180040F5602160485251B8000A5
:109B4000E0084EA60000020680001006231B826576
:109B500002958141035681118341600481112916C8
:109B600012F08381B09FE4503863A476FBFC0A4A6C
:109B7000701C58200A648121FF617A8000000486ED
:109B8000E8B01864084405554C12FA8010F070884B
:109B90000063E4500C798B1B40276341E1FC0C14FB
:109BA0000C6482634C12FC001069F1984E727C18B0
:109BB0000C7F9830A17B816150045070C1840E7479
:109BC0004C627E750634D0A088137A808A1D8C334F
:109BD0000034F6A50CCCFA80DD93F01CFA0C040CD2
:109BE000827B006B6D590C059121400A6E0D0C159E
:109BF00056F8C0090C29EFAC402B6551E1184246DC
:109C00008351041484188448637D0C359E49C00B2D
:109C10008E19C9170224235F5C38E09004546FAC9E
:109C20007038E890808B6FE8601002065DD8902B4A
:109C30008E3B6FACA17B807B0C2982E5402B6C1D99
:109C400060388C0B8E1B6FC40E06A30B8E0BC000EE
:109C5000F20C0C0C8101DD93F20C0C0CC1C3DD93F2
:109C600064C100390216402B4011E00C402B6C1DE2
:109C700000198341C01562196635002B0059C016C2
:109C8000C02B650D6C7540110019C02C402B6C1158
:109C9000700544204031C080402C6C7D7EF944200A
:109CA0000039C079C02B65096094424A4011851182
:109CB000C02265956D3140110206402C4041C00024
:109CC000C02C6C8D6C8540514023C02CC01666356D
:109CD0006D3540314011C02CC02C0C810E19401341
:109CE0004011C015C02B0C59C1C3DD93E0140229EB
:109CF0006635003B8444C016063482294045FC008A
:109D0000400B63154033A43F40166635EF104806FC
:109D100060240229FC0C0634C22790584A500429BA
:109D2000A45FF3F402299056C627E028A62F9029B5
:109D300066354023042440160239FC10C837E02C55
:109D4000A43FA0396635403346304016C0FF737DCE
:109D5000E03002294420CA270029F080402B64C546
:109D60004033A43FC0166635E01002394031A72BBE
:109D7000C02C6C71002980F5C02B6C11E094444A12
:109D8000022982650239E0184021E020C02C6C795C
:109D9000663140330229C0160039E03CC02C6D21E9
:109DA0006D3900598229C02CFC000634601C022940
:109DB0004031A43F402C6D21FC0406346040024930
:109DC000F3F84A506C8940210400402CC06E64C1F5
:109DD0008449C2474041A64F402C6D21F3EC4840D6
:109DE000E0440239A65F82396D3940510239C02CF6
:109DF000C437E048A64F88396D2140410239C02C54
:109E00000049E04CC02C6D154630CA374840708080
:109E1000A64FF37C6D1540410239C02C0049E0503B
:109E2000C02C6D5108448239A64FFC006D51404151
:109E30000844402C0239FC04C237E054A83F84395E
:109E40006D5140310634402C0249FC08C447E058AB
:109E5000A83F88496D5140314630402C0249F3DC1F
:109E6000C647E05CA83F90496D5140319F31402C7E
:109E70000249816506306034C946EC04FE55A13BB9
:109E8000E038022968FD40210219C01B4011E0346E
:109E9000C0226FB9C1C3DD93FA00040CEC601EF060
:109EA0000C05806BC00A6D6562190C190C29C01570
:109EB000C02B6C2165B90C393C0EC02B11168101E9
:109EC0000F3683118B06A32B82258D168285A72B37
:109ED0005E11A52B042600248085800045F613061C
:109EE0000345E00C0C4B833140156E090C25FD51E8
:109EF000C00C6D5D212BCB47060C8521C84B620041
:109F0000041613364642C0000C49F994C02B65B5BF
:109F10008B21092600162706C040701182490B0EBE
:109F20008C0B1536993697369D269B16A1169F46A3
:109F3000A516A316EFFC69688C0B1E1BEFFC6D8841
:109F40000C0CB0F1DD93F200FA00040CEC601EF092
:109F500070000216E00404068101006B83113E1EAE
:109F60008B2111269B16BC0E9F069D26A306A116CB
:109F7000A706A506AB16A916AF06AD168C0B1306E1
:109F80009716951666D899161E1BEFFC6AF88C0B6F
:109F9000B0F1EFFCF2000C0CC1C3DD93FA00040C2D
:109FA000EC601EF08321006B61D10C190C39C015D7
:109FB000C01562196D650C058916C00A65B90C19C2
:109FC0001136C02B3C0E89318F16810165B50C19F5
:109FD0001B36C02B8B068F3182190D2602161F16D9
:109FE000C0407011A1269D36A526A3261306A706FC
:109FF0008B1E8C0B97269526633899261E1BEFFC2B
:10A0000067588C0BB0F1EFFCF2000C0CC1C3DD9370
:10A01000FA00040CEC601EF08321006B61D10C1976
:10A020000C39C015C01562196D650C058916C00A7A
:10A0300065B90C191136C02B3C0E87318F16810182
:10A0400065B50C191B36C02B8B068D3182190D2678
:10A0500002161F16C0407011A1269D36A526A32604
:10A060001306A7068B1E8C0B972695265F989926BC
:10A070001E1BEFFC63B88C0BB0F1EFFCF2000C0C74
:10A08000C1C3DD93FA00040CEC601EF08321006B69
:10A0900065B50C098141402B62190C390A1640152F
:10A0A000BC4EF000618C020411368209F88842121D
:10A0B0008B311F068C0B3E5E9D369B26A346A14628
:10A0C000A716A546AB46A926AF46AD2695269346CC
:10A0D00099269726EFFC5C688C0B1E1BEFFC6088B2
:10A0E0000C0CB0F1DD93F200FA00040CEC601EF0F1
:10A0F0000416006BC00460116C210C09A131402BC7
:10A1000083213E2E8B3111366034004A020C8101CE
:10A11000BC0EE2009D369B26A1069F06A526A3063F
:10A12000A926A7161306AB06AD268C0B9526AF26DF
:10A1300099269726EFFC59688C0B1E1BEFFC5D8857
:10A140000C0CB0F1DD93F200FA0C040C0206006B6B
:10A150007498E2804046E8040F8660044C01E010E9
:10A16000402B6C1D81958C8B6381100940F8C027B2
:10A170006106E800EC040E70FCF5A17B4576011148
:10A180000C0BE0000C0C8C3BA915F20C6184040450
:10A19000E18C020470804420F03C48006084060496
:10A1A000282FA0194630C607A22F71007200400068
:10A1B0005D93A62FC1C3A40F60044826640C4B0610
:10A1C0004041C020402B6C1D640D48068135C020E5
:10A1D000D1C6CDC8FEB58B4B81158531FA7C044CB8
:10A1E0004006006B0004E1144786867B134660043A
:10A1F0004C31E12C402B6C1D0038AD7BE03981B136
:10A20000410600360004E114E00447966C1D4C3111
:10A210008331402BA4048036868580B68A05A37BD3
:10A220008CC5A57B9025A77B92E5A97B8445AB7B5C
:10A2300096B5A17B612C000680049F11004600B6F4
:10A240008004E12CA4048016421080188016F3E4E8
:10A2500000868BA58004E12C00C600168004E12C4A
:10A26000A4048026421080188016FD80000689C54F
:10A270009F11612C00B68004E12C004680168004FA
:10A280008018A404F3E442108016C419000687C5A0
:10A290008004E12C004600168004E12CA4048026F2
:10A2A000CC19801885F58016612C0086E000437675
:10A2B00000B68004E12C00C6801680048018A40437
:10A2C000F27C421083F58016612C0086E000437614
:10A2D00000B68004E12C00C6801680048018A40417
:10A2E000F27C4210FC94021481D580166C1D0C295E
:10A2F00011A6402B03A6E0088C0B6008EFC06A682B
:10A300009A85A30BE12C15C68008A80480F5A10B43
:10A31000E13400468004800482B5B10B6C1D0C2929
:10A3200011A6402B03A6E0088C0B6008EFC068E87C
:10A330009485A30BE47D240488D5801881214219DB
:10A34000428600167198E03C8C0B680061404146E3
:10A35000E1340446A814800480388824480A8448DC
:10A360008085E080B54B8844460A8E158085E08C58
:10A37000B53B88340C29FC75402B6C1DE00811B6E8
:10A3800003B605756019E00800168121E03C42869D
:10A3900068006F4841468C0B044661408004E134FC
:10A3A0008824A81484488038E090480A884480852E
:10A3B0008475B34BE08C460A88348085FC75B33BCA
:10A3C0006C1D0C2911C6402B03C6E00863D8E008B9
:10A3D0008C0B6FC08045A30B73D881812404E800E7
:10A3E000E00802F6400600B68004E1146C1D4C1132
:10A3F0008018C02BF3BC4210410600168004E11403
:10A40000900B00B6F27C0C4CC1C3DD93600448563F
:10A4100064200B864041C020402B6C1D641108064F
:10A420008135C020D1C6CDC8FEB58B4BDB758D31D3
:10A43000643149064BC64020C0206439CDC88135FF
:10A440008B4BD1C68B31FEB5C1C3D9A5E004447690
:10A450006C1D402141C6402BC020643905C60165F2
:10A46000C020643DC136C538FEB5850B81015D93C2
:10A47000FA1C044C8111007B81310121EFFC6B0837
:10A480000E70006BC09A66F1640D5106A1914020D8
:10A49000E1088175EFFC67C812905D06A19BEC0492
:10A4A0008C0BFE35F21C0C4CC1C3DD93FA1C044C22
:10A4B0008111007B87310121EFFC69280E70006B50
:10A4C000C0B366B164211186138640208175E01007
:10A4D00065D8E1085D06EFFCEC041290FE35A19B07
:10A4E0000C4C8C0BDD93F21CFA7C044C4146006B47
:10A4F0000004E114E00442366C1D4C1183B1402B82
:10A50000613054C600B68191E13051C60096A8046E
:10A51000E130410684288014F3C04420800484265E
:10A520009E198018FF404210418600168004E130D9
:10A53000A0048096A10B8008004680F58004E134D9
:10A54000BB0B80040C2982B5402B6C1DE0080FA6C4
:10A55000600803A657988C0BA30BEFC028048A450C
:10A56000E03C428600B6812160788C0B4146E800D1
:10A57000044661408004E1348824A0148448803873
:10A580008085A14BBD4B8844460A84758085E08C4C
:10A59000BD3B88340C29FC95402B6C1DE0080FC690
:10A5A000600803C655188C0BA30BEFC08171804562
:10A5B000E80065280096A804E1144146009680044E
:10A5C0000C4C8E0BDD93F27C0025A11B000B0521AA
:10A5D000812C42C68000021580004225A31B80C545
:10A5E000A51B808583658225653100254306400BC8
:10A5F0008414E12C0025842E400B6521E12C42C6F9
:10A60000042E8414E12C4306653100058414C00B2C
:10A61000DD93840EF80C044C611445460834A51BE8
:10A620008C468141A31B882542061025A11B812C45
:10A6300000399A35402D6531E12C42064BB60414A1
:10A6400089C1E00C84488239F3F848408731264FAD
:10A65000437604460049E00C402D65316531000029
:10A6600007D5C0B50049C247402D6531E12C4206EF
:10A67000824984344A508C58A85FF3F884348C564D
:10A68000653100498C58C02D8849C247F3EC4A50C7
:10A690008C56A85F00498434C02D6531C2478C5860
:10A6A0004A509049A85FF3DC04148C56E0084BF63E
:10A6B000653500391806402D8448E004A039C837B4
:10A6C000F3BC48408F31264F43F604460049E0046E
:10A6D000402D653565350000CA47C0B5612C4C0674
:10A6E0001874984FFA8006348A8F9C889C86A88FAD
:10A6F00080089844C5079058270F8209A05F825FA1
:10A700000804905680168311F00C0C4CC1C3DD93E5
:10A71000F80C044C61880414E19406C686190C54A4
:10A720006090082464B00600A24FC08B0A43C4475F
:10A7300081D5815118C05D844C85EC04A1CBF0100B
:10A740002031FE5508408251C00164011846A55BC6
:10A750004C4040007C95DC00DC004E30619047C6E8
:10A76000E0004B866516442A640000000C34C08C5F
:10A77000E00C48068151033565124C5AF0B04E1278
:10A78000006584638C737C3088C144779C6E8673CB
:10A79000E0E0180A7001FC55B55B825118067E5541
:10A7A0008101C000F00C0C4CC1C3DD93F83C044C9B
:10A7B00061880614E0080B069321061966964A3A4A
:10A7C000E0900834668A581A65B00C00A24FC08B1E
:10A7D00081C118530E608375898164408AAB089BE0
:10A7E00059AE8185EC041080601C4C958891C8A1FD
:10A7F000FE15A18B0A5002C1C00265016500084028
:10A80000A5CB8E6B4B86FA3508006000C090658042
:10A810006516463AE00C40068151035565024E5AD2
:10A82000F098501270985242867388614E8A8E83D7
:10A83000A47EE68AE2305285E0E00C0A0251FC1563
:10A84000B55B984B44E01840C0000C068101FCD574
:10A85000F03C0C4CC1C3DD93FA00040C6FFC44685F
:10A860008C0B806BF2000C0CFFF004A800005D93D1
:10A87000C028654100005D93C02B66116108030686
:10A8800084149D21028604260424E10808168311FD
:10A89000E1144406883888240836C8396001060661
:10A8A0000025C040C00A6EF1A121472D08050029EE
:10A8B000004600278004E128000600268004E128E5
:10A8C000DD938016E128028684288414872B84383F
:10A8D0000220FEB54011ED5CC02C6D01C1C3DD93BB
:10A8E00060084356E12804866C1D40118814C02B73
:10A8F00084388428FEB5872BED5C02206D01401161
:10A900004011C02CC015613165394011DD93C02262
:10A9100060084366E12804866C1D40118814C02B32
:10A9200084388428FEB5872BED5C02206D01401130
:10A930004011C02CC015613165594011DD93C01B19
:10A9400060084396E12804866C1D40118814C02BD2
:10A9500084388428FEB5872BED5C02206D01401100
:10A960004011C02CC015613562F140114011C01575
:10A97000C01B655DC1C3DD936E01000B47864015AA
:10A980000C34E1408721A12BE686400A41460C0E9B
:10A990008014E1405C08842680049A00424A8018B2
:10A9A000FEA5E08C80168111C1C3DD936E01000B02
:10A9B000064640150C34E1448721A12BE686400A67
:10A9C00000060C0E8014E1445C08842680049A0082
:10A9D000424A8018FEA5E08C80168111C1C3DD9328
:10A9E000F800044C61384A46143485618C48A12B28
:10A9F000F3EC484008C60C4610C4E144B03681313F
:10AA0000B06690C4303690C4E14419066E01000B64
:10AA1000B0C4C0156686400AB00E871100169004B7
:10AA2000E138408684C8801484C6C8C98018800470
:10AA3000F3EC421094048016C819801880E5801643
:10AA400080189004E08C424A8036FEA5F0000C4C41
:10AA5000C1C3DD936140414680048111DD938016BE
:10AA6000FA9C040C43E6029B086BE0044011867BD1
:10AA7000402B6C1D41B8848B0306E800C267611847
:10AA800084690414034604968414E118038604863A
:10AA90008414E118038604768414E1104420842889
:10AAA000AC2FF3F40C0C842683F5F29C6114400661
:10AAB000E11446868141001484188428CB278C3405
:10AAC00082190429A41F0C5A80348C4C8C48E057FE
:10AAD000F3F8484000348C46F984405242408C4898
:10AAE0008C16F2FCC1C3DD9361144286E1C00404FC
:10AAF00048000414CA07F004F10040004206042C88
:10AB00008424E11446308838A83FF3F8841488364A
:10AB100044208428A02FF2FCDD938426FA9C040CA8
:10AB200041F6009B066BE0045201847B402B6C1DB8
:10AB30007BD8828B1229EFFC402C6E95E11843469E
:10AB4000C887041471C0488004269E79E1184246E3
:10AB500088388424F23C46308836A83F8428841400
:10AB6000F3C044200426AE2FE11843868466841483
:10AB7000F29C0C0CC1C3F7A5FA84040C826B007B19
:10AB800065350E390E29C02BC02B6539653D0E1970
:10AB90007C58C02B0E0BEFFC66B88C1BA10BE80099
:10ABA0000C0C8085DD93F2848C1B0E0BF2840C0C54
:10ABB000E00027E8FA3C040C41A6006B4C01E004DD
:10ABC000402B6C1DE00443A66FFC7D88807B8C0BC2
:10ABD000A4D5A17B653D0C290C19C02BC02B653970
:10ABE00065350C095958C02B008BEFA4E10400C651
:10ABF000902B00040CA58094C0096E0D65410C39A2
:10AC0000920BC02B6FA459284C05941B400B636D0D
:10AC10000C39920B402B65495878941B902B6FA4EC
:10AC200063654C05920B400B65450C39941B402B1A
:10AC30006FA457C84C05902B400B63710C39920BD5
:10AC4000402B654D5718941B902B6FA46D590C1514
:10AC50009121400A63694C05020BC00B5398941B69
:10AC60004C05EFA440066D49E11843864C05841459
:10AC7000C00869416B1D4C054C05C008C0086BF14C
:10AC80004C018408C01B65714C018408C0226551C9
:10AC90004C018408C0226CA1424604088414E118C7
:10ACA0006FF14C018408C0224C019E09C01B6575E0
:10ACB0009E09840865554C018408C0224C019E09F8
:10ACC000C0226CA59E0984086FF54C018408C0223F
:10ACD0008E09C90765794C018408C01B8E09C90714
:10ACE00065594C018408C0228E09C9076CA94C0122
:10ACF0008408C0228E09C9076FF94C014078C02230
:10AD00008C0B68000C0C8E0BDD93F23C68B1001BC1
:10AD1000060E400AC3D06401E18404146C79003942
:10AD20008623402CE006422AE1840434422A82230E
:10AD3000002BE00EC00A68B50206C41D4212800056
:10AD40004015D188C00B6375C1C3DD93FA9C040C18
:10AD50000C19806BC02B64C165510C990C79C02B08
:10AD6000C02B65C9EC040010C797650D8101021561
:10AD70000C09A71BC02C0E31830180B56E314C012C
:10AD80000C09C02C402C6D0DF004000A8E93027546
:10AD9000E08C404A054D006001C580AD054900606A
:10ADA000404AC0AD0060E08C80AD054505410060C3
:10ADB0008088C0AD6FA442A80294900B81417A8034
:10ADC0006102461A101B8C0B64B88E2B0C09EFFC29
:10ADD000C02B65516C1D0C19C807C02B6AA94C0308
:10ADE0004C03C00DC011629966494C034C03C0115D
:10ADF000401167F152188C0BA10BE8000C0C8085F8
:10AE0000DD93F29C6C1D0C198C0B402BF29C0C0CEE
:10AE1000C1C39F85F804040C6E3100190019C02CC1
:10AE2000402C6D0D8245A11BE08C424A05A1040017
:10AE300001C580B305910400424AC0B30400E08C10
:10AE400080B305C105B104000069C0B3C02B64CD57
:10AE5000005B8824C0156AD16AE1004BA36B4015E2
:10AE600068C900CB003BC00AC00A68CD0461006518
:10AE700084C580050065A56B8005045D007584258B
:10AE8000400B63750285A76B9C004C70645D006588
:10AE9000CC7DC005046100654C628005424A9A9CE5
:10AEA000D8C7608C026402E55857E0B04A5AD847C8
:10AEB000484AE00A4055E00AC00B6379637D40458B
:10AEC000481AC00BD81D600A421258374045D1B00D
:10AED000400B6381481A8141423AC00A4045E00A6A
:10AEE000C00B6385638940158101400BF0040C0C95
:10AEF000C1C3DD93FA3C040C00B6008B5001E0089E
:10AF0000402B6C1D067B88AB42B8849B820B6FA4E0
:10AF10006FA44408210B806B0206FF11A3AB000055
:10AF2000820302E58295D30D84A5A37B5095A17B76
:10AF3000C00B052150958415C00B6521A37B83357B
:10AF4000A17B82C5052150058235C00B65215005C6
:10AF50008185C00B653150958145C00B6531500529
:10AF6000100BC00B73188E1B5A18EFF80E646FFC91
:10AF70004286E1A08414E11842C604768414E118E4
:10AF80000C0C84661B18F23CC1C3FFFCFA04044C91
:10AF9000866B4227042484210624FA808233E184CC
:10AFA000600A4E3A0029C62D402B0C1DC00842965F
:10AFB000CFBC44C86001000681317D09E01E400A13
:10AFC000E51A420AE59A440A648100104222C7A1A8
:10AFD000040E728CC00374246F645CA80C4C813125
:10AFE000DD93F204FA00040C6C010C12811140286C
:10AFF0006F6845E88C0B8C2BF2000C0CC1C3DD9301
:10B00000FA00040C0306022B0414E118E12446861E
:10B01000841881618C388C348245871B60080366F4
:10B02000E0080D66EFBC41280C06A10B8C0B8000DC
:10B03000F2000C0CC1C3DD93FA00040C0386022B52
:10B040000414E118E12446C6841881618C388C34DC
:10B050008245871B60080376E0080D76EFB87F68AD
:10B060000C06A10B8C0B8000F2000C0CC1C3DD930D
:10B07000FA00040C43C6022B0414E124E1184646EE
:10B08000841881618C388C348E39C9378245871B8E
:10B0900060080386E0080D86EFB87D880C06A10BDA
:10B0A0008C0B8000F2000C0CC1C3DD93FA00040C81
:10B0B0004386022B0414E124E1184646841881617A
:10B0C0008C388C34871B9E39039682450D96600818
:10B0D0007BB8E008A10BEFB880000C060C0C8C0BC1
:10B0E000DD93F2006C800412813181114800C53D6E
:10B0F000000450044212C18406305090FCF5C40490
:10B10000820B5D93FA00040C0C09806BC02B65B5B3
:10B11000E084400A05A90C194006402B0005C10037
:10B120004011C0008495C0006D210C09400AC02C5C
:10B1300082C5E08063790C158531400B8C0B03418F
:10B140006FFC6DA88C0B822BF2000C0C81018165C9
:10B15000F2000C0CC1C3DD93FA7C044C4106006B79
:10B160008004E138421080188016F1FC65B50C09A6
:10B17000404AC02B0004609880C5FA006CFD0C1991
:10B18000A11BC02CFF1182858235820D66ED0C1942
:10B19000A11BC02602600285809906E5E094400A62
:10B1A000044502600260C09E80AD05A953F60418F4
:10B1B0000C39E000C02B65AD70844432050AA6133B
:10B1C000161264FC1224E000400A1A800060E0902D
:10B1D000409906F1C00002064F6476A8C018040624
:10B1E00015860FBE0101E10089758171610040067D
:10B1F000E0084206832100048C0B00B6EFF87BE8E0
:10B20000603C428676588C0B007BEFE075B88C0B67
:10B210000C09EFF8402C6D01F0A04462A17B2814CA
:10B220006BF144018408C02641F682658111603CBF
:10B23000EF687768600C430654588C0B7F58EFCC4E
:10B240000C19EFDCC02B65B5E090420A02848265E0
:10B2500004606088C09966F09023041344B1840EA2
:10B260000C15E400C00A6D610206C20D4C11C0004D
:10B27000C02606ED82B180D5FA8010B4ECE5D28DFF
:10B2800065B50C198291402BE090420AC01C1E2526
:10B29000D188448206E14C21938B40260C0984F529
:10B2A000402666E5E10042068321041466ED4C2148
:10B2B0000406C026E03C41F66F68732843068111FE
:10B2C0008C0B600CEFCC5008420A859544066094C4
:10B2D0000824E100044102604CB1C09E402666E5AE
:10B2E00005B10260841880AD021290138816ECFC40
:10B2F0006C6D0C294C11C02CC02666E969B54C0553
:10B30000440AC0098245E0906FF86DE80C098C0B87
:10B31000C02C6D016D054C0101C6C02C8014E100EC
:10B32000442084280426F3ECE1384306842884145E
:10B33000FC9C042480048426C81980188E0B0016F7
:10B34000F27C0C4CC1C3DD93FA00040C40A6006BE8
:10B350004C01E000402B6C1D69588C0B6CF8EFF42D
:10B360008C0B6FE80C19A10B802C0D15937C4210EF
:10B370000D154C118111002C6C214C110C0CC02BA3
:10B38000DD93F200FA1C044C8171006B66350C0BE6
:10B3900043F640164C73EFFCC0166671E080404ADD
:10B3A0000C199885C02B6C496C510C890C29C02B49
:10B3B000C02B6C556C4D0C39C517402BC527C58764
:10B3C000482A45374A3AE6A20644E6860854FA80F7
:10B3D000893BFA8080000016888C0004020010C5AA
:10B3E0000C398C04402C6D09E084400A6686442A9E
:10B3F000FA800814815101116C040030400283313D
:10B400000009D098C02C0CA16CE94C018305C02C1C
:10B410008425A18B7A801884E89412346032584ACB
:10B42000FB8002144C13B21FC0166671855D9853E1
:10B430008345FC156C1D0C294296402B6058E00892
:10B440008C0B6FB8E0084E9666710C1BA30B401670
:10B450006CE90C090E06402C0004C00002147A802E
:10B46000400AFB80A11FE6A266714C138E0B4016AA
:10B47000F21C0C4CC1C3DD93E1040386841A8414CE
:10B480006E194013DD93C015F87C040CECA01EF07F
:10B490006C4100698791402B6C4900298F31402B0A
:10B4A0006C5100498581402B8D911396669A422AF2
:10B4B00015968B71421A939189B1601299911796E2
:10B4C000BE1EBD366C4D00191F36C02B5E919B31E0
:10B4D0003C1EE0906031020E0D1EC241E04002169B
:10B4E0006C4500A91D1CC02B1996951100C98391AC
:10B4F000402B6C55BF16A9AB9711211691911B9645
:10B50000E0805E819F812586E0945E319D31233607
:10B51000E08C5E1181112B16E0845E71E0885E91F3
:10B52000120629965E31C0005E81E0982F86E09C6D
:10B53000C00010069116AD36A7769DB60171921522
:10B540008395819164600AF00A3982B18033FC0CE2
:10B55000688146718271401B6C4100690A64C02B8E
:10B5600006B47A809453FA80FAB5CB3D6C4500B9A5
:10B570008291402BF42C528AC088069413F15430E7
:10B580007AD5C003DC0056A06C810039A33BC02CE7
:10B59000DFFC51EE68BD40818575C01B64200AF058
:10B5A0000A3982B18033FC0C688146818281401B5C
:10B5B0006C4100690A64C02B06B47A809453FA8007
:10B5C000FAB5CB3D6C4500A98291402BF428528AF4
:10B5D000DA800694C69E543A56A07AF547E6DC0017
:10B5E0004031E00CC01B68BDBC54BE34E012442A9C
:10B5F000FA8006346032485A64800A008725C06E9B
:10B600006E1900CB580AC01559E6E4844C50000C62
:10B6100088A59C006C7900C9E5CDC02C94C88835FC
:10B620006C4100690079C02BC02C6CE9E01A50CA4B
:10B63000E00A527AE11A58CAE692508AE10A4C7A34
:10B6400058CA10930E94E68A50027A804E7AF0849B
:10B650008CC3668E64810C808EC3C06E021198C646
:10B66000020A8251F2B5E0400C0CD0F1DD93F07C7F
:10B670000000000000001014004346CC0000090444
:10B68000000019B800435070000000200000191C91
:10B69000000000000000009C00000000008002008C
:10B6A00000800211008002120000000000800216DB
:10B6B0000080021700800218008002190080021A20
:10B6C0000080021B000000000080021D0080021E9E
:10B6D0000080022000800224008002260080022CCC
:10B6E000000000000080022F0080024600000000E1
:10B6F0000080024A000000000080024C0080024DE1
:10B700000080024E008002510000000000800253C1
:10B710000000000000800257000000000080025975
:10B720000080025A0080025F008002600080026197
:10B730000080026200800263008002640080026573
:10B740000080026600800267008002680080027349
:10B7500000000000008002780080027C00800281EE
:10B7600000800286008002870000000000800295B1
:10B77000000000000080029900000000008002A389
:10B78000008002A800000000008002AA008002AB36
:10B79000008002AC008002AD008002AE008002B1E9
:10B7A000008002B6008002B7008002B8008002B9B3
:10B7B000008002BA008002BB008002BC008002BD93
:10B7C000008002BE008002BF008002C2008002C36F
:10B7D000008002C4008002C500804000000000001C
:10B7E000008040020080400300804004008040064A
:10B7F00000000000008040090080400A0080400BEB
:10B800000080400C000000000080400E0080400FCF
:10B8100000000000008040130080401400804015AC
:10B8200000000000008040190080401E0080401F82
:10B83000008040200000000000804024008040255F
:10B840000080403C0080403D0080403E0080403F02
:10B8500000804040008040410080404200804043E2
:10B8600000804044008040450080404600804047C2
:10B8700000804048008040490080404A0080404BA2
:10B880000080404C0080404D0080404E0080404F82
:10B890000080405000804051008040520080405362
:10B8A0000080405400804055008040560080405742
:10B8B00000804058008040590080405A0080405B22
:10B8C0000080405C000000000080405E000000003E
:10B8D0000080406000000000008040690080406AF5
:10B8E0000080406B000000000080407400804078C1
:10B8F000008040790080407A0080407C0080408455
:10B900000080408500804088008040890080408E13
:10B91000000000000080409000804091008040992D
:10B92000000000000080409F00000000008040A157
:10B93000008040A200000000008040A8008040B0CD
:10B94000008040B6008040D0008040D1008040D4CC
:10B95000008040D500000000008040DD00000000B5
:10B96000008040DF008043DC008043DD00000000F9
:10B97000008043E40080440400804428000000006C
:10B98000008044480080444C00804450008044546F
:10B99000008044580080445C00804460008044641F
:10B9A000008044680000000000804698000000000D
:10B9B000008048C8008048C900000000008048CBD3
:10B9C000008048CC000000000080491C00000000FE
:10B9D0000080343C00808000008080010080800274
:10B9E0000080800600808007000000000080800941
:10B9F000000000000080800E008080100000000029
:10BA000000808014008080180080802D0080802EAF
:10BA10000080803100808032008080350080803658
:10BA20000080803700000000008080390080803A6C
:10BA30000080803B0080803C0080803D0080803E14
:10BA400000808040008080440080804800808049E1
:10BA50000080804A000000000080804C0080805000
:10BA600000808054008080550080805600000000D7
:10BA7000008080580080805C008080600080806151
:10BA80000080806200000000008080640080806888
:10BA90000080806C0080806D0080806E000000005F
:10BAA00000808070008080740080807800808079C1
:10BAB0000080807A000000000080807C0080808010
:10BAC00000000000008080880080808C0000000062
:10BAD000008080940080809800000000008000803A
:10BAE000008000810080008200800083008000844C
:10BAF000008000850080008600800087008000882C
:10BB0000008000890080008A0080008B0080008C0B
:10BB10000080008D0080008E0080008F00800090EB
:10BB2000000000000080010100800102008001038C
:10BB30000080010400800105000000000080010772
:10BB40000080010A0080010C00812C0000812FFC84
:10BB5000000019D80000EED800000000000000002E
:10BB6000000017C40000182C00001894000000000A
:10BB700000000000000000000000000000000000C5
:10BB800000000000000000000000000000000000B5
:10BB9000000019D3000000000000000000000000B9
:10BBA0000000000000000000000000000000000095
:10BBB0000000000000000000000000000000000085
:10BBC0000000000000000000000000000000000075
:10BBD0000000000000000000000000000000000065
:10BBE0000000000000000000000000000000000055
:10BBF0000000000000000000000000000000000045
:10BC0000000000000000000100000000ABCD330E7A
:10BC1000E66D12340005DEEC0000000B00000000B1
:10BC20000000000000000000000000000000000014
:10BC30000000000000000000000000000000000004
:10BC400000000000000000000000000000000000F4
:10BC500000000000000000000000000000000000E4
:10BC600000000000000000000000000000000000D4
:10BC700000000000000000000000000000000000C4
:10BC800000000000000000000000000000000000B4
:10BC900000000000000000000000000000000000A4
:10BCA0000000000000000000000000000000000094
:10BCB0000000000000000000000000000000000084
:10BCC0000000000000000000000000000000000074
:10BCD0000000000000000000000000000000000064
:10BCE0000000000000000000000000000000000054
:10BCF0000000000000000000000000000000000044
:10BD00000000000000000000000000000000000033
:10BD10000000000000000000000000000000000023
:10BD20000000000000000000000000000000000013
:10BD30000000000000000000000000000000000003
:10BD400000000000000000000000000000000000F3
:10BD500000000000000000000000000000000000E3
:10BD600000000000000000000000000000000000D3
:10BD700000000000000000000000000000000000C3
:10BD800000000000000000000000000000000000B3
:10BD900000000000000000000000000000000000A3
:10BDA0000000000000000000000000000000000093
:10BDB0000000000000000000000000000000000083
:10BDC0000000000000000000000000000000000073
:10BDD0000000000000000000000000000000000063
:10BDE0000000000000000000000000000000000053
:10BDF0000000000000000000000000000000000043
:10BE00000000000000000000000000000000000032
:10BE10000000000000000000000000000000000022
:10BE20000000000000000000000000000000000012
:10BE30000000000000000000000000000000000002
:10BE400000000000000000000000000000000000F2
:10BE500000000000000000000000000000000000E2
:10BE600000000000000000000000000000000000D2
:10BE700000000000000000000000000000000000C2
:10BE800000000000000000000000000000000000B2
:10BE900000000000000000000000000000000000A2
:10BEA0000000000000000000000000000000000092
:10BEB0000000000000000000000000000000000082
:10BEC0000000000000000000000000000000000072
:10BED0000000000000000000000000000000000062
:10BEE0000000000000000000000000000000000052
:10BEF0000000000000000000000000000000000042
:10BF00000000000000000000000000000000000031
:10BF10000000000000000000000000000000000021
:10BF20000000000000000000000000000000000011
:10BF30000000000000000000000000000000000001
:10BF400000000000000000000000000000000000F1
:10BF500000000000000000000000000000000000E1
:10BF600000000000000000000000000000000000D1
:10BF700000000000000000000000000000000000C1
:10BF800000000000000000000000000000000000B1
:10BF90000000000000001938000000000000000050
:10BFA0000000000000000000000000000000000091
:10BFB0000000000000000000000000000000000081
:10BFC000000000000000000000000000545000804D
:10BFD0000004040400000808AD30008002010303DF
:10BFE00000000300AD38010001E0014000400040C6
:10BFF000010004000000000154580040041A010030
:10C00000545C01400000271000000FA00FA003E8BF
:10C0100002801F40000005005470008003200320B0
:10C0200000000008547801000113002900330000CB
:10C0300002000001040108045488014000000000CF
:10C0400000000000000000000000000000000C00E4
:10C05000AD48010001F400000306001008070807BE
:10C0600000000008AD60010000000080000000003A
:10C07000201F01F400001D0AAD70008008001F4061
:10C0800000000001AD78008000A0032000010190B5
:10C09000AD80004000002800AD8400800000320028
:10C0A00003200000AD8C00800258FF380000000C17
:10C0B000AD94010000019000FFFFFC0000000400AF
:10C0C00000000101ADA400C00480061A00400580F4
:10C0D00000000106ADB000C00480061A19000580FA
:10C0E00000000190ADBC0440000000000000000012
:10C0F00000120025000000060000000500000005F9
:10C1000000000006000000040000000F0000005ABC
:10C1100000000000000000090B0C0B0B03031105CD
:10C120000101010100000000000D0000AE0001044B
:10C1300000000004000000080000000A0000000CDD
:10C140000000000D0000000E0000000800000008C4
:10C15000000000100000001000000020000000207F
:10C16000000000060000050A02000C0800000000A4
:10C17000AE400040000001FFAE440040001004014A
:10C18000AE48004000001000AE4C0040000000012E
:10C19000AE500140000000140400280003206C0091
:10C1A0000000000000002580AE6400400000000296
:10C1B000AED8010000C805DC00000CCD0104000071
:10C1C00000002601B55002820000000000000000BF
:10C1D000000000000000000000000000000000005F
:10C1E000000000000000000000000000000000004F
:10C1F000000000000000000000000000000000003F
:10C20000000000000000000000000000000000002E
:10C210000000000000000000B5A002820000000045
:10C22000000000000000000000000000000000000E
:10C2300000000000000000000000000000000000FE
:10C2400000000000000000000000000000000000EE
:10C2500000000000000000000000000000000000DE
:10C26000000000000000000000000000B5F00040E9
:10C2700000FF0000B39C01004000051E021B087C6B
:10C280008001120100000800B6C000C0000060007C
:10C290000000200000000000AEA8004000000405DF
:10C2A000AEAC00800100010000020000AEB400400E
:10C2B00000000000AEB80081000000000000000097
:10C2C000AEC000810000000000000000AEC8008188
:10C2D0000801010800000008AED00081010808082C
:10C2E00000000001B5F40080000000000000000024
:10C2F000B5FC00800000000000000000B604004013
:10C3000000000000B608004400000000000000002B
:10C310000000000000000000B6180044000000000B
:10C32000000000000000000000000000B6280044EB
:10C3300000000000000000000000000000000000FD
:10C34000B6380044000000000000000000000000BB
:10C3500000000000B64801000000000000000000DE
:10C360000000000000000000B658010000000000BE
:10C37000000000000000000000000000B66801009E
:10C3800000000000000000000000000000000000AD
:10C390000000000F000103C89FD800C003200960FF
:10C3A0000B080817080808039FE40140000000007C
:10C3B000000000000000000001E00020000000205C
:10C3C0009FF80040171717179FFC0404000046A4AD
:10C3D000000037660000266000001CBC00001773D8
:10C3E000000011250000110700000E6300008B4CB7
:10C3F000000060A200003DC0000026AA00001BC291
:10C400000000180400001497000010ED0001281B24
:10C41000000093F0000057610000302B000020AABC
:10C4200000001AB6000015C30000160E00017FBB05
:10C430000000AD58000071AF000036D9000022FBAB
:10C4400000001C9600001883000017960001900061
:10C45000000097D60000663B0000330A000020CDA4
:10C4600000001938000016A5000014BB0000AFCF73
:10C470000000657D00003D93000029D10000194EA9
:10C48000000015BA000011C60000127F0000731DE5
:10C490000000422C00002E8200001E800000181CAC
:10C4A0000000132D00000FC600000F8500004F0490
:10C4B000000033E900001F06000018400000132CA4
:10C4C0000000129700000E0100000DACA0FC01005E
:10C4D0000000000000000003000000000000000059
:10C4E000A10C01000000008000000003000000001B
:10C4F00000000000A11C00C0000070EB0C8001E0F7
:10C5000000000026A1280902000000000000000031
:10C5100000000000000100000036000301D90143C3
:10C5200002330217024B0241011702220027005D6D
:10C5300000050011000000010000000000000000E4
:10C5400000000000000000000000000000000000EB
:10C5500000000000000000000000000000000000DB
:10C5600000000000000000000000000000000000CB
:10C5700000000000000000000000000000000000BB
:10C5800000000000000000000000000000000000AB
:10C59000000000000000000000000000000000009B
:10C5A000000000000000000000000000000000008B
:10C5B000000000000000000000000000000000007B
:10C5C000000000000000000000000000000000006B
:10C5D000000000000000000000000000000000005B
:10C5E000000000000000000000000000000000004B
:10C5F000000000000000000000000000000000003B
:10C60000000000000000000000000000000000002A
:10C61000000000000000000000000000000000001A
:10C620000000000000000000A248004000000000E0
:10C63000A24C00810000000000000000A254008114
:10C640000000000000000000A25C0081000000006B
:10C6500000000000A2640081000000000000000053
:10C66000A26C008400000000000000000000000038
:10C6700000000000000000000000000000000000BA
:10C6800000000000A28C00820000000000000000FA
:10C6900000000000000000000000000F050103047E
:10C6A000540000409E1400C09E2001409E34004073
:10C6B0009E3804049F3804029FB801009FC80100FF
:08C6C0000000000F020200243B
:08C6C800403BFE7F0100000071
:04C6D000BD010008A0
:04C6D40099010008C0
:10C6D8000024F40010000000010000000000000029
:10C6E80003000000DC1000201C00002000000000F7
:10C6F800DC10002044110020AC11002000000000D4
:10C708000000000000000000000000000000000021
:10C718000000000000000000000000000000000011
:10C728000000000000000000000000000000000001
:08C738000000000000000000F9
:0400000508002A09BC
:00000001FF
